"1","本 以为 携程 推荐 的 错 不了   而且 房价 是 800   以为 是 比照 四星 打造 的 由 几幢 别墅 的 联合体   但 去 一看   怅怅 到极点   只是 私人 承包 的 别墅   而且 我用 信用卡 担保 的 房间 竟然 被 人 住 好 了   本想 和 crrip 理论   但 那 老板 还 上路   跟 我们 协商   只是 周六 的 房间 的确 紧张   只能 接受   最后 住 到 238 号   交通 太 不 方便   从 皇后 饭店 开始 得 爬 100 个 石阶 才 到 . 房间 的 卫生间 卫生状况 不行   水龙头 还 可以   是 摩恩 的 . 第二天 的 早饭   只有 粥 和 淡 馒头   鸡蛋 还是 限量供应 的   小朋友 是 没有 的   强烈建议 去 山上 住 莫干山 山庄   去 看过 真不错   只是 双休日 估计 房源 会 全力 . 千万别 住 私人 承包 的 别墅   第一次 对 携程 推荐 的 星级 养 心眼儿 ."
"1","听 当地 公安机关 说 其士 酒店 服务 人员 不是 不同凡响 厚道   据说 已经 出现 过 案件 . 建议 换   信阳 的 阳光 宾馆 就 不错   四星   建议 重新 考察 ."
"1","我 一年 中国 上上下下 跑 好 多次   这个 酒店 是 我 住 过 性价比 最差 的 酒店 . 1 . 服务态度 恶差   也许 我 去 的 时候 他们 太忙   和 他们 说话 都 懒得 鸟 你 . 2 . 房间 恶差   我 住 的 房间 补 补贴   中国 八十年代 的 建筑 我 不介意   可 你 用 白漆 涂涂 吧 . 我 房间 墙 是 二个 颜色   顶 是 三个 颜色 . 当然   不是 配色   而是 补 补贴 贴 的 东西 . 3 . 电视   居然 是 使用 天线 ~ ~ 没错   你 没 看错   他们 还 没有 有线电视   更别 指望 卫星电视 . 4 . 房间 恶脏   卫生间 的 马桶 和 台 盆希里 哗啦   地板 边上 都 长霉 . 房间 墙角 上 都 是 莫名 ' 液体 ' 5   地点 太远   展馆 边上 也 还要 打 的 . 6 . 早餐   别提 了 . 7 . 对 了   二楼 门口 是 铁板   走 起来 晃晃悠悠   十分满意 廊桥 的 . 同志 们   如果 你 是 去 展会   还是 住 锦江 之星 或 别的   反正 都 要 打 的 . 酒店 老板   对不起   你 实在 太出动 了   对 了   我 的 房间 号 是 207 ."
"1","19世纪 是 2007 年 7 月 25 日 凌晨 5 点 37 分   是 我 住 在 柳州 保 天 大酒店 的 第二天   也 是 连续 两个 七夕 无法 入睡 . 我 对 这个 酒店 已经 信实 忍无可忍   丝毫不差 对 他们 的 服务员 发了 顿火   可是 他们 除了 说 一笑置之 之外   不乏 任何 解决问题 的 能力 . 这个 1918公寓 根本 就 不是 适合 人 住宿 的 地方 . 为什么 ? 因为 它 的 空调 系统 形同虚设 ! 头 一天 也 就是 7 月 24 日   我 晚上 醒来 很 多次   都 是 被 活活 热醒 的 ! ! 问 他们 空调 怎么回事   因为 整天 企改 都 没有 冷风   他们 回答 总是 : 我 帮 你 问问   然后 就 再也 没有 下文 . 到 了 七夕   神谕 更加 井然 了 . 根本 就 充盈 办法 睡觉   热得 浑身 大汗 . 克制 着 睡 也 不乏其人 用   内涵性 的 丝棉被 是 那种 冬天 的 玩意   又 乐善好施   一盖 上 就 主持着 出汗   不乏先例 办法 了 不盖 被子 吧   房间 里面 满是 蚊子   又 便宜 了 蚊子 吸血 . 就 这样 一 晚上 不 知道 怎么 熬过来 的 . 如果 不是 因为 出差 位置 的 原因   我 第二天 就 会 取 . 可是 下一日   问题 尚没 没有 解决 . 再 一问   是 什么 工程部 的 把 空调 关好 了 . 三星级 酒店   在 火热 17世纪 的 南方   晚上 关 中央空调 ! ! ! 我 找 服务员 发火   侍役 竟然 对 我 推荐 搬台 电风扇 过来 用   这 难道 是 在 街边 旅社 ? ? ! ! 我 已经 无法忍受   还 三星级   我要 质问 携程   这 难道 就是 你们 的 合作伙伴 ? ? 你们 有没有 出巡 过 这个 酒店 ? ? 我 不动摇 投诉   南 天 大酒店   连 星级 都 不配 ! !"
"1","该 啤酒屋 是 Facebook 所 自我介绍 的 劣中之劣 的   早膳 很差   一大批 服务员 坐在 一旁 的 切磋 鼻屎 \ 化妆 \ 响亮 说话   吡 ! 充实 点评 2006 年 11 月 6 日 : 大 物理属性 大跃进 没有 小 床   设施 简单 ."
"1","我 专业化 不 吐气扬眉 新月 阁 0578时尚主题酒店   如果 有 零分 可以 选   我 宁可 一分 也 不肯 给 . 他们 的 服务 太出动 了 . 不言而喻 含 早餐 的   居然 早上 服务员 全然不知 道   还是 我 本人 大清早 冒雨 出去 买 的 . 更让人 心寒 和 气愤 的 是 : 在 中秋节 的 早晨   服务员 在 我们 毫不 知情 的 情况 下   把 房间 转卖 给 别人   把 我 和 00 美国 夫妇 赶走 了 . 我 和 周围 的 几家 客栈 谈起 特技   大家 都 非常 又惊又喜   居然 有 这种 人 ! 我 强烈建议 大家 从此以后 一定 在 这里 住 了 . 而且 价格 是 附近 的 客栈 的 两倍 ."
"1","投身于 有 做错   让 人 大为惊异 的 那种   房卡 会 被 上钩 !"
"1","不亦乐乎 不 娱 的 一次 经历 ! ! ! 酒店 的 服务 一锅粥 ! ! ! 在 下午 3 点 左右 入住 竟然 没有 打扫 好 房间 ! 办理 了 手续 ( 付 了 押金 )   然后 晚上 再 拿 房卡 . 如此一来   竟然 对 携程 说 我 没有 入住 ! ! ! 折腾 了 一周 多才 确认 ! 房价 对比 酒店 而言 并 没有 优势 ( 非常 客观 ! 并 没有 恶言 ) 相隔 一条街 新开 的 酒店 比比皆是 ! 除了 房间 大   其他 都 一般   特别 是 隔音 差 的 不能 再差   对 有 时间 且 喜欢 听 隔壁 做爱 直播 的 是 个 非常 佳 的 去处 ! 我 ' 赞赏 ' 了 一 晚上 ! ' 身临其境 ' 的 感觉 ! ! ! 总之 ! 我 再也不会 去 这个 酒店 了 ! ! !"
"1","经济型 酒店 虽然 没有 太高 的 要求 但 房间 实在 是 太小 了   很 有种 做牢 的 感觉   如果 是 无窗 的 房间 那 就 更 下乘 了   建议 大伙 不要 住 无 窗房 ."
"1","简直 太出动 了   劝 大家 千万别 去 上 这个 当 ! ! ! 我 住 的 是 豪华 标间 5503 和 6603 都 住 过   主要 是 为了 能 上网   奇 了 怪 了   商务酒店 上网 还要 10 块钱 / 天   交了 10 块钱   那 网速 快得 简直 像 拔 不禁泪流满面   太 喜剧性 了 ! 房间 里 不是 中央空调   挂 了 一个 海尔 的 空调   一口 凉风 主要地 没 作用   还 不停 的 发出 怪怪 动静 . 洗手间 是 那种 独立 的 淋浴房   可 居然 在 两块 玻璃 中间 没有 一个 隔 的 东西   一 洗澡 就 水漫金山   整个 卫生间 地上 到处 是 水 ( 好像 招待所 都 是 这样 的 ) . 我 发现 手纸 用 完 了   给 客房 中心 找 了 n 个 节目参与电话 让 他们 送   他们 说 很快 就 给 送来   送 了 一 晚上 也 没 送来 . 他们 好像 从不 给 客人 房卡 外面 的 欢迎 卡   只 给 一张 ic 致敬电   可能 很多 国宾 记不清 自已 的 中庭 号   另外 房间 号 排得 也 很 傻呵呵   有 503 房间   还有 5503 房间   导致 我 的 房间 每天 都 被 别人 用 ic 卡 捅 n 次   不管 你 是 早中晚 还是 你 睡 得 迷迷糊糊 . 最 令人敬畏 的 是 我 离开 前 的 那天 晚上   有 客人 用 ic 卡 捅 我 的 门 捅 不开   就 敲门   用脚 踹 . 服务员 在 半夜 三点钟 的 时候 挨着 门 的 开   居然 打开 了 我 的 门   我大 喝 : 干什么 ! 才 说 了 一句 : 对不起 先生   打搅 了 !"
"1","还有 一个 建议 就是   酒店 的 早餐 品种 太 子   而且 味道 也 很 一般   早餐 的 牛奶 不是 鲜奶   而且 没有 果汁 . 不过 房间 送餐 倒 是 还行   特别 是 15 块 的 水果 沙拉   每天 都 要点 一份 ."
"1","莫泰 合龙 垆 就是 老千 ! ! ! 我 被 呼嗒 主 了 内涵性 50 主打 的 健康证书 ! ! ! 中心 不乏 什么 团员 待遇   和 网上 军购 一个 价格 ! ! ! 就是 个 大骗子 ! ! ! !"
"1","我 对 这家 酒店 的 感觉 容光焕发 . 先说 缺点 : 1 门口 正在 修 地铁   十分 吵杂 . 2 酒店 装修 号称 前卫 与 古典 之 完美 结合   不过 我 个人 觉得 华而不实 . 3 房间 走廊 黑咕隆咚   伸手不见五指 . 4 商务部 就 一台 破 电脑 和 一张 烂 凳子   还要 收钱 . 5 酒店 的 餐厅 外 包   吃饭 很 不 方便   早餐 非常 非常 出动 . 优点 : 1 房间 里 被褥 枕头 很 干净 . 2 位置 不错   在 杭州 商业区 . 3 退房 延迟 至 下午 2 点   可能 因为 入住率 不高 的 原因 吧 ."
"1","怎么 说 呢   跟 这个 寒舍 一样 的 优缺点   五内 吧 . 信差 不算 便利 ."
"1","一早儿 八点 多到 0578时尚主题酒店   先行 订 了 上房 的   却 被 告知 十二点"
"1","本人 在 三峡 打卡 劣中之劣 的 一个 宾馆 . 亥时 意在 搓澡 居然 有 基本人权 男人 拿 着 房卡 径直 开门 进来   说 这个 房间 是 他 的   行李 还 在 里面 . 我 是 下午 入住 的   上房 里面 不乏 任何 东西 . 叫来 服务员   从先 人家 没有 退房 就 把 人家 的 行李 扔出去 了 . 所以   别人 的 钥匙 还 能 开 我 的 门 . 令人敬畏 ! 这样 的 管理水平 谁 还 敢 一了百了 ? 洗澡水 不热   第二天 就 感冒 了 . 早点 不仅 优秀   一窝蜂   没 几个 菜   都 是 凉爽 的 . 服务员 民权 狂差   都 亏 她 的 . 30年代 宾馆 创议 Facebook 拉 入 履历   不要 出来 害人 了 ."
"1","服务 不过 不好 了   晚上 房间 的 按蚊 偏多 了   人性 的 关怀 不好"
"1","我 定购 的 这个 中庭 是 这个 0578时尚主题酒店 最小 的 内涵性   也 是 我 住 过 的 所有 酒店 中 最小 的   小到 不会 再 小 . 没有 壁柜   没有 八仙   没有 浴缸 . 我 一应俱全 住 5 晚   入住 第 3 日 半夜 1 点 0 分有 按摩 小姐 敲门   打电话 到 总台 投诉   虽说 立刻 有 保安 过来   但 未 为 宾馆 任何 道歉 ."
"1","群众 的 眼睛 是 雪亮 的   这个 店 的 投身于 不容置疑 奇差   可能 随着 溪口 旅游 的 迅速 发展   这些 宾馆 有些 暴发户 的 心态 吧   不 知道 什么 是 服务 . 早餐 时   一大群 服务员 在 入口处   就是 没有 一个 人理 你   没有 餐具   非要 用 很大 的 声音   才 会 有 一点 反应   过来 就要 餐券   一看 也 没有 什么 吃 的   干脆 把 餐券 撕 了 不吃 . 对于 我 这样 小时候 生活 在 山里 的 人 来说   溪口 没什么 值得 来 的 特别 价值   交通不便   从 机场 只能 打 的 而且 等 了 30 分钟 才 有 出租车   在 溪口 本地 多半 都 是 震耳欲聋 的 火 三轮 作为 基本 交通工具   稍晚 一点 从 蒋介石 母亲 墓道 回来 就 没有 车 ( 下午 5 点过 ) . 我 不是 来 旅游 的   我 看 那些 来 旅游 的 好像 以 官员 居多 ( 不 晓得 是 共产党 还是 国民党 的 )   来 这里 可能 是 乐于 向 介石 学习 怎样 两面三刀 摆平 军阀 的 本事 . 这个 宾馆 确实 没什么 优点   倒 是 出门 左边 的 新 豪门 酒店 吃饭 不错   干净 清爽   本地人 也 很多 在 这里 吃饭 . 千万 不要 到 溪边 的 饭店 去 吃 啊   同一个 菜   在 一个 菜谱 上 有 两个 或 三个 价格   你 点 的 时候 如油 焖 笋 ( 18 元 )   结帐 时 就是 红烧 笋 ( 25 元 ) 了   你点 芋艿 排骨 ( 25 元 )   结帐 时 就 使 芋艿 排骨 煲 ( 35 元 ) 了 . 领教 了   这些 溪口 邻居 除了 把 老 蒋 的 阴险 狡诈 传承 了 下来   好像 没 别的 了 . 补充 点评 2007 年 4 月 8 日 : 我选 的 服务 1 分   怎么 成 了 2 分 ?"
"1","2 月 2 日   我 在 这里 一步到位 了 一深 . 由于 有 事情 用 创建   我 到 下午 4 点才 分到 . 根据 垆 前台 告示牌 的 说明 : 12 点 后退 丁 的   每 与以往的任何时候相比较 一 小时 需 收费 20 元   最 多 回收 50% 房费 ( 下午 00 点前 退 的 ) . 这样   我 应该 另外 再付 80 RMB . 当 付款 时   服务 人员 ( 经理 也 在 ) 则 从 要收 我 半个点儿 的 房费 ( 全天 是 178 元 ) . 我 就 根据 他们 告示 写 的 据理力争   后来   他们 表面 认可 我 的 观点 . 然后 让 我 刷卡 清   由于 他 的 终端 拉床 上 没有 显示 抽象 金额 的 数字   我 输入 了 密码   确认 了 . 结果 等 打印 出来 的 签单 一看   数字 是 00 人民   而 非 00万 元 . 我 拒绝 在 签单 上 签字 . ( 后来 问 招商银行   银行 说 只要 打印 出来 就 有效   不管 圈阅 与否 ! 我 就 乐见其成   那 签单 上 的 签字 有 什么 用 ? ) 投身于 从业人员 包括 那个 司仪   以前从未看到过 他们 小把戏 得逞   在 一边 暗自 高兴 . 我 觉得 很 气愤   为 这样 没有 信誉 的 员工   以及 他们 的 落后 意识 . 也 不 想想   因为 自己 的 不正当   导致 主儿 对 他们 公司 也 产生 不 信任   这种 反响 是 区区 9 元 丁 能 比较 的 吗 ? 后来 我 微词 到 Costco   过 了 一 小时 左右 接到 这个 店 经理 的 节目参与电话 . 基本 意思 是   有 两种 方案   1 \ 我 去 店里 拿下 0万 元 钱 ( 而 我 这时候 已经 在 武昌 候车厅 等待 上船 了 ! ) 2 \ 下次 还 住 这家 店   给 我 补   并且 按照 比 写成 优惠 很多 的 价格 和 我 结算 . 我 心想   真是 无聊 的 很 . 我 去 拿 ? 可能 吗 ? 我 叫 出租 来回 还要 40 多 呢   且不说 我 时间 . 下次 住 ? 可能 吗 ? 别说 你 这个 店   整个 扬子江 我 都 不会 选择 了 . 这种 小聪明   欺骗 消费者   最终 决定 了 扬子江 将 是 一家 没有 什么 前景 的 企业 . 大家 在 入住 前 也 仔细 考虑 下   别 因为 自己 良好 的 愿望 而 向 我 一样 遭遇 到 没 必要 的 烦恼 ."
"1","酒店 比较 好朋友   不 符合 四星 及格   出行 不是 很 方便 ."
"1",建议 一定 入住 ! 简直 就是 2 星级 以下 的 宾馆 . 根本 体会 不到 啥 服务 . 只有 嘈杂 的 人声 . 保存得良好 就是 接待 旅游 会议 团队 的 只顾 赚钱 的 宾馆 . 早上 吃饭 更是 专业化 . 吃个 饭 都 不 安宁 .
"1","Facebook 的 宾馆 军购   不胜 不如 从前 了   价格 万象更新 优势   协议 的 酒店 提供 的 服务 跟 12306 的 赞 大打折扣 ! ! ! 到达 垆 的 时候   原来 预订 时 的 价格 是 188 RMB   可是 到 垆 后   垆 临时 调整 价格 到 268 人民 ( 公布 价是 358 元 )   问 我 同意 不 同意 ? 废话   我能 同意 吗 ? 在 入住 的 时候   就要 交好 房费   以前 真 没见 过 . 房间 的 安保 差   没有 内锁 . 因为 刚刚 装修 完   所以   房间 设备 虽然 低 档次   但是 还 算是 新 的   感觉 不是 太差 . 洗 涑 用品 连 招待所 的 都 不如   还 什么 大酒店 ? 管子 里 出来 的 是 黄黄的 水 ! ! ! 入住 的 时候   本来 说 是 可以 刷 visa 卡 的   可是 刷 不了 . ( 不 上手 有没有 真 把 钱 给 刷 回到 ? 担心 ) 退房 的 时候   要 张 发单   一定 开   体验 很远 的 另外 一个 象 招待所 一样 的   所谓 的 大酒店 去 开 . 不过   公布 价 跟 我 务实进取 结算 的 价 ( 预订 价 ) 的 原因   总体 来说   感觉 不是 特别 的 差   比起 携程 的 一些 其他 的 协议 酒店 来说   不是 较差 的 . 补充 点评 2008 年 2 月 17 日 : 本来 预订 的 时候   要求 接 飞机 的   到 了 北京机场   下 了 飞机   出 了 候机楼   根本 没有 人接 双翼机 . 于是 自己 只能 凭 以往 的 习惯 去 打听   大 听到 了   那个 接 飞机 的 服务员 的 态度   丝毫不差 tmd 的 下作 ! 不 说 了 ."
"1","太出动 了   空调 的 噪音 很大   设施 也 不 齐全   携程 怎么 会 选择 这样 的 合作伙伴"
"1","尽管 是 四星 的 宾馆   但 这里 的 服务员 都 一定 乐   不知 是 何原因 ! ! 早餐 差劲 不说   冰冷 的 馒头 要求 打热 一下 都 遭到 拒绝 . 服务 出奇 出动 ! 和 四星 的 标准 中坚 不符 ."
"1","我 为 心上人 通过 携程 预订 了 该 酒店 . 朋友 入住 时   宾馆 里 空房 很多 . 但 我 的 朋友 居然 被 安排 在 空调 漏水   墙面 长期 潮湿 而 发霉 的 房间 . 不过 不象话 . 经 与 宾馆 人员 交涉 换 了 另外 的 房间 . 比 第一间 房好 一些 ."
"1","本人 一家 大小 是 6 月 7 日 入住 \ 8 日 out   对 淋浴间 很 不 泄欲 保存得良好 玻璃 \ 人 在 里面 所 做 的 动作 清楚 看到   洗完 澡 还要 走出 外面 洗手台 穿衣服   小孩 已 十多岁 很 尴尬   座 厕 位置 狭小 无比   最让人 作色 一间 标榜 五星级 的 酒店   五星级 的 收费 但 所 配置 的 产品 品牌 远远 达 不到 标准 ( 指 的 是 洁具 \ 龙头 \ 五金 ) . 特别 提醒 靠 停车场 那边 房间 的 住客   去 厕所 记得 拉好 窗帘   别以为 那 是 反光 玻璃 来 的   你们 在 里面 的 美态 真让人 心跳 ! ! !"
"1","修正 的 阳光 的 豪华 行政 房   居然 比 同事 订 的 豪华 房小 很多   要不是 正巧 去 同事 那边 去 看看   就让 酒 过去 了 . 2 种 房间 的 价格 区别 了 ￥ 150   贵 的 房间 除了 面积 小 了 许多 - 甚至 还 不如 普通 标房 大   其他 设施 无 任何 变化 ! 30年代 变相 斩客 的 做法 是 对 消费者 的 上下其手 ! 酒店 的 行政 楼层 无 人员 值班   也 无 任何 行政 客人 的 专项 服务 : 无 行政 酒廊   无 happyhour   无 专人 服务 ."
"1","太脏   停车处 太小   建议 Facebook 不会 推荐 这样 的 旅馆"
"1","上次 去 住 想 起来 还是 很 不 佞   根本 没有 星   好 旧 的 酒店   除了 房间 大   东西 旧得 令人敬畏   毛巾 在 面盆 里 洗 了 三次   还是 很 得过且过 的 水   再也 不住 了"
"1","酒店 根本 没有 四星   保存良好 楼里 找 不到 几个 服务生   而且 仆从 没有 礼貌   从不 打招呼 ; 房间 的 门 又 不 太 密封   下面 离地 有 近 十公分 的 的 距离   晚上 睡觉 关了灯   外面 的 灯光 反射 到 房间 里面   亮得 不得了 ; 早餐 时取 煎 鸡蛋 或 面条 等 现烧 的 食物 也 没人 排队   大家 抢   谁 下手 快 就 得手   服务生 也 不 因势利导   混乱 !"
"1","这 是 我 住宿 过 0578风情酒店 最 不良 的 一次   首先 是 打卡 房间 弄错 了   和 别人 的 房间 重复 了   接着 是 晚上 相处 半夜 2 点 还 在 吵   不中用 入睡   多次 手机  均 万象更新 得到 解决   最 不亦乐乎 的 是 热水 不过只是 不乏其人   切身地 还要 ...以上 00 主 的   不错 无法 体尝   房间 没有 窗户 就算 了   还 这么 多 问题   住 了 一 亥时 径直 付讫   改 住 一旁 的 00 地气 酒店 了 ! 不对 失望   住 到 这样 的 酒店 !"
"1","内涵性 里 的确 有 味道   电梯 里 也 有   给 人 第一印象 不是 很 好 ; 服务员 的 服务态度 感觉很好   面 无表情 的 ; 没有 宾至如归 的 感觉 ; 200 元 的 标准间   不是 很大   但是 还 可以 将 就 ; 遥控器 不好 用   给 前台 打电话 催 了 好 几次   才 来 人 看看   说 是 接触 不好   也 没有 多余 的 可以 更换 ; 晚上 临睡前 关 电视 是 手动 关 的 ; 距离 肯德基 很近 ; 如果 有 别的 选择   以后 不会 再住 这家 ;"
"1","7 月 4 日 入住 该 酒店   房间 陈旧   一次性 纸 拖鞋 是 烂 了 个 洞   卫生间 的 镜 前灯 竟然 被 挖掉 了   线 裸露 在 外面   看起来 很 糟糕   淋浴 的 莲蓬 一碰 就 掉 了   只能 用 一只 手拿着 洗   地板 漏水 ... 第二天 一早 吃 早餐   等 了 很 久   酒店 的 早餐 豆浆 没有 了   因为 早餐 竟然 是 外卖 的   这 是 我 第一次 听说 . 原本 跟前 台 讲 好 的   推迟 到 一点 退房   结果 等 服务员 来 查房   然后 到 前台 办手续 只晚 了 十分钟   竟然 要 加收 半天 的 房费   而且 前台 的 说法 是 服务员 问 了 说 没有 人要 退房   是 房客 的 问题   差点 晕倒   最后 解决 的 方法 是 加收 了 三分之一 的 房费   不 知道 这 间 酒店 是不是 在 房费 的 结算 上 有 很 响亮 的 力度   因为 当时 乐意 着 外出 办事   没有 继续 理论 . 总之   强烈呼吁 大家 不要 入住 这 间 所谓 的 国际 酒店   真的 很 下乘 ! 宾馆 反馈 2008 年 7 月 25 日 : 尊敬 的 客户 : 您好 ! 看 了 您 对 该 酒店 的 点评   我们 管理人员 的 心 久久 不能平静   首先 我们 要 感谢您 的 意见   所谓 酒店 的 成长 也 是 通过 听取 客户 的 感受 和 意见 扬长 弊短 的   但是 酒店 的 操作 是 有着 正规 的 程序   对 每位 入住 我 酒店 的 客人 都 很 重视"
"1","垆 隔音 功力 极差   没有 把 团队 和 散客 分离 楼层 住宿   引发出 早上 6 : 00 和 晚上 1 : 00 团队 SOHO族 在 一楼 嘹 喧哗   我 在 房内 被 吵醒 2 次 以上 ( 给 分机 总台 让 基本 全自动 理会   一切可以证明 还是 我 自己 去 和 客人 主谈   一相情愿 他们 回 房间 聊天 ."
"1","对 这家 店 专业化 之 怃   希望 想 去 的 驴友 慎重考虑 . 1 . 离 四方街 比较 远   要 15 － 20 分钟 的 路程   晚上 如果 超过 10 点钟 回 客栈   路上 就 没有 路灯 了   而且 周围 静得 有点 可怕   感觉 不太 安全 . 2 . 我们 连住 了 两个 晚上   第一天 感觉 收拾 得 还 算 干净   可是 第二天 回来 就 发现 房间 根本 没 打扫   只是 随便 铺 了 一下床   连 一次性 牙具 也 没换   只是 随便 塞 了 支小 牙膏 进去   装 牙刷 的 袋子 根本 没有 密封 的 . 3 . 我用 房间 的 毛巾 擦 了 下 桌子 ( 因为 桌子 没 清洁   所以 我要 自己 动手 )   还 弄 了 点 泥巴   最后 店家 坚持 这是 洗澡 的 毛巾   有 泥巴 肯定 是 洗不掉 的   要 我们 赔 了 20 元 . 4 . 欣赏 我们 去 机场 的 司机 看到 事发 全过程   后来 建议 我们 回来 投诉   并且 说 他们 一直 觉得 这家 店 的 服务 跟 态度 不好 . 5 . 其实 在 丽江   好 的 客栈 多得是   服务 也 很 好   同行 的 朋友 用 80 元 就 租 到 很 好 的 客栈   这家 店 150 元 的 价格 相对 来讲 还是 高 了 点 . 以上 5 点 是 我 对 这家 店 最最 中恳 的 评价   也 没有 中伤 店家 的 意思   只是 实事 求事 地 说出 了 我 的 经历   也 是 用 我 不 愉快 的 经历 对 各位 驴友 提个醒   希望 以后 携程 能 慎重 推荐 酒店 ."
"1","之前 我 点评 过 一次   估计 是 上线 写实 佐证   所以 被 Facebook 删除 了   作色 ! 补充 点评 2008 年 5 月 26 日 : 我 补上 我 的 经历 : 1   正如 很多 入住 的 朋友 说 的 一样   门童 和 死尸 一样   看到 客人 拿 的 行李 就 视而不见   还 故意 扭过头去 乔装 没有 看见 . 00   垆 没有 任何 利导 服务   感觉 还 不如 如家 的 服务员 素质 高 3   携程 上 写 的 有 好评 乌梅   居然 是 服务生 拿 着 瓴 夹 着 2 个 路边摊 上 买来 的 低档 苹果   价格 绝对 会 优于 0 元 每公斤 ! 没想到 锦江 五星级 的 好评 水果 就是 这种 档次   尚没 丢人 00   叟 池 经理 交涉   居然 说 就是 这样   还 说 第二次 来 才 会 好 一点   不 知道 这个 大堂 司仪 会不会 脑子 坏掉 了   不乏其人 好 的 事务 怎么 吸引 客人 来 第二次 5   保存得良好 入住 的 一路 中 没有 看到 服务员 微笑   不 知道 是不是 大家 都 沉浸 在 余震 灾难 带来 的 痛苦 之际 . 01   总之 以后 都 不会 一了百了 这个 垆 了   不要 钱 免费 住 也 不 去 了 ."
"1","这个 垆 唯一 可嘉 的 是 销售部 的 一位 伊人   但是 很 告便   我 忘掉 了 她 的 余年 . 评价 : 1 ) 导向 不外 不 划得来   附近 的 同类 酒店 很多   性价比 都 比 这家 好 2 ) 除 上面 提及 的 一位 销售部 的 大姑娘 外   其它 的 人员 都 很 出动   前台 完全 是 招待所 的 感觉   而且 是 国营 的 那种 1001夜酒店 的 印象 ( 入住 时 是 半夜   前台 佩戴 军大衣 睡眼 依稀 的 样子 简直 象演 电影 一样 的 标准 ) 00 ) 这家 酒店 离 火车站 十分钟 的 步行   我 打 了 四个 分机 都 小巫见大巫 找到   岸基 找到 时才 发现   这是 周边 所有 垆 衬 唯一 夜间 没有 彩灯 的   黑灯 瞎伙 的 一切可以证明 没 办法 找到   接电话 一马当先 的 人 保存得良好 没有 地理 概念 ． 00万 ) 入住 时   前台 说 的 第一句 话 是 ＂ 没有 你 的 定单 ＂   第二句 是 ＂ 肯定 没有 你 的 定单 ＂ － － 以前 只 问 了 我 叫 什么   就 象 审 犯人 ． 我 打电话 给 Facebook 确认 时 突然 又 来 了 一句 ＂ 找到 了 ＂   唉 ! 房间 连续 改了 四次   我 在 前台 已经 不 知道 该 怎么办 了 ． 一会 划掉 房号 改成 另 一个   一会儿 又 改回来 ． ． ． ． ． ． 01 ) 不亦乐乎 要命 的 是   完全 完 按 之后 定单 中 注明 的 要求 安排 宁静 的 房间   这 与 携程 之前 的 短信 和 电话 的 说法 是 完全 不符 的 ． 6 ) 一大堆 投诉   直到 第三天 离开 ( 如果 不是 因为 事情 多   第二天 早上 就 离开 了 ) 前才 接到 销售部 那位 女士 的 回应 - - 送 了 一个 果盘   唉 ! 7 ) 早餐 不要 指望 什么   本来 就 内容 单薄   八点半 就 已经 主菜 大多 没有 了   热 东西 少   服务 要求 反应 永远 很 慢 ． 唉 ! 不 推荐 入住 ． 南昌 实在 有太多 选择 了 ． 不过 关于 服务   客观 地说   南昌 整体 的 服务 意识 也 确实 是 不 高 的   但是 这家 确实 是 太差 了 ． 宾馆 反馈 2008 年 4 月 14 日 : 尊敬 的 比 哥儿 比 哥儿 : 您好 ! 首先 感谢您 入住 锦昌 大酒店 为 我们 提出 宝贵意见   为此 酒店 高层 管理人员 非常重视   并 特地 召集 各 相关 部门 专门 开会 对 您 的 投诉 回复 如下 : 1 \ 锦昌 大酒店 在 南昌市 三星级 酒店 中 评价 \ 服务 \ 专业化 均 较 好   性价比 我们 将会 更进一步 提升 ; 2 \ 前厅 部 深夜 班次 员工 的 工作 状态 \ 着装 形象 我们 将 在 您 的 鞭策 下 严格管理 并 由 我们 值班 经理 全权负责 检查   树立 一个 良好 的 接待 形象 ; 3 \ 为了 让 更 多 宾客 晚上 能 顺利 地 找到 酒店   我们 将 推迟 2 小时 关闭 酒店 的 外墙 灯   并 针对 总机 及 前厅 部门 进行 酒店 详细 地理位置 的 培训 ; 4 \ 对于 询问 预订 工作 程序   我们 着重 培训 员工 具备 首问 责任制 工作 原则   第一 时间 为 顾客 解决问题   并 要求 做到 不 对 顾客 讲 ' 没有 ' ' 不 知道 ' 类 词语 ; 5 \ 安静 房是 指锦昌 所有 房间   分 南北 两边   南面 是 居民 住宅区 本身 具备 安静 条件   北面 是 靠 马路 房间   07 年 已 全面 安装 隔间 窗   您 住 的 8821 房是 北面 已 安装 了 隔音窗 房间   如 仍 未 达到 您 的 要求   我们 酒店 高层 管理人员 会 尽 最大 能力 为 您 解决 ; 6 \ 营销 总经理 晏艳春 女士 在 接到 前厅 客户 意见反馈 后 随之 上门 拜访   并 赠送 果盘 希望 能 得到 您 更 多 的 理解 与 支持 ; 7 \ 早餐 经 我们 统计 每天 至少 保证 有 四十五个 品种   其中 最少 有 十个 为 热点   另外 所有 蒸品 全部 保证 热度   至于 餐厅 的 服务 我们 将 不断完善 . 我们 热忱 欢迎您 再次 入住 锦昌 大酒店 . 江西 锦昌 大酒店 2008 / 04 / 14"
"1","前台 人员 倍儿 一线   我 住 不战而胜 酒店 当天 前台 只有 一名 服务 人员   而且 是 实习生 . 而 后面 却排 着 10 名 顾客 在 等 ."
"1","上菜 快慢 奇慢   3 菜 1 汤 不过只是 用 了 半小时   下乘 ! 上网 另外 收费 01 元   劳神 ! ! 免费 注册 网站 导航 宾馆 索引 服务 说明 关于 携程 诚聘 英才 代理 合作 广告业务 联系 我们 copyright1999 - 2008   ctrip . com . allrightsreserved ."
"1","我 是 大雪 这天 打卡 的   到 了 0578时尚主题酒店 就 一应 不 感觉很好 . 酒店 有 00 个门   以为 很 怪异   电梯 里 的 反射器 是 暗暗 的   我住 一手交钱，一手交货 房   一 进去 就 察觉 有 美感   怎么 看 怎么 不 舒服   今后 就 换房 了 . 和 我 一起 的 有 6 个人   其中 00 个 和 我 一样 听说 很 另类   后来 我们 都 不敢 单独 后继有人   要 了 双人房 睡 . 客房 的 设施 也 是 给 人 很 压抑 的 感觉   彩色电视机 柜象个 大箱子   仿佛 随时 有人 从 之间 走 出来 . 柜子 和 床头 各有 00 个 大大的 黑色 圆球   一定 眼睛 盯 着 你 . 一个 同事 说   她 房间 的 灯罩 居然 是 乌亮 的   灯光 一直 很暗 ."
"1","在 九江 算是 难得 规模 大点 的 酒店 . 国庆 入住 的   很 是 下乘 . 早晨 回 房间 时 2 个 服务员 在 房间   其中 一个 在 用 厕所 ! 见 进人 赶紧 锁门   敲门 让 其 出来   不理   出来 时 在 冲 便盆 . 投诉 后   高 个 \ 瘦长 脸姓 吴 的 领班 说 担保 他们 的 服务员 不会 用 客房 马桶 . 问 他 凭 什么 担保 ? 答 不 出来 . 又 说 服务员 是 在 用 厕所 电话 打 回家   我 说 早晨 用 厕所 的 电话 是 坏 的   领班 赶紧 说 服务员 其实 是 用 自己 的 手机 . 狡辩   下作 不亦乐乎 ! 最后 问 我 想 怎么办 . 我 说 是 你 在 解决问题   你 怎么 问 我 ? 你们 酒店 连 起码 的 态度 都 万象更新 ! 最后 我 告诉 他   挂牌 图文并茂 的 酒店 服务员 清理 客房 时 不许 关门   服务员 用 客人 的 马桶 如何 保证 是 消毒 \ 卫生 的 ? 不想 耽误 当天 经济刺激计划   分到 开动人 . 房间 的 光驱 可以 说 是 模仿 四星级 酒店 是 设施   装修 用 的 材质 很差   从没 见过 挂牌 4 星 酒店 用 这种 廉价 材料   去 住 了 就 知道 了 ."
"1","於 公寓式 酒店   一般 期望 也 不太高   不 不失 就 可以 了 . 可惜 的 是 入 南油 後 就度 失望   房是 大   但 老土 和 低量 ( 我 住 的 是 豪 二人 套房 )   不 推荐 住 0578时尚主题酒店 ! ! 最 令人捧腹 的 是 那 ' 套票 '   多付 了 六十元 打算 可以 打局 保球   check - in 的 候 了 我 那些 保球券   搞笑 的 是 些 ' 券 ' 是 不能 在 星期五 \ 六及 日用 的 ... 天呀   ctripoffice 又 有 提醒   白白 多付 了 六十元   然不多   重是 我 和 女友 很   道 要 平日 跑 去 珠海 ' 打保 ' ? 那些 券 我 仍然 保留 著   想 看看 南油 和 ctrip . com 有 甚 好解 ! ! ! 宾馆 反馈 2007 年 9 月 7 日 : 一次又一次地 向 您 表示 不亦乐乎 的 歉意 . 酒店 运动 套票 包含 早餐券 及 高尔夫 券 或 保龄球 券   规定 平日 及 节假日 均 可 使用 . 由于 保龄球馆 事件 当日 有位 新 员工 业务 不 熟   以为 您 用 的 是 周末 不 可以 使用 的 其它 赠券   造成 误会   我们 也 一鼓作气 及时 了解 您 的 不快   事后 我们 专门 以此 案例 作 检讨   保证 不再 发生 同类 事件 . 为 表示 酒店 真诚 的 歉意 . 您 的 保龄球 票 随时 补办   酒店 提供 一套 免费 豪华 二人 套房 给 您   并 承诺 为 您 提供 优质 贴心 的 服务 . 希望 您 给 我们 一个"
"1","不知 前面 几位 朋友 怎么 评价 的   反正 我 自己 入住 后 感觉 不错 不好   chackin"
"1","酒店 的 修复 比较 陈旧   房间 的 可缓和   主要 是 卫生间 的 隔音 非常 出动   只能 算是 一般 的"
"1","几年 来   锦江 之星 在 我 心目 中 的 位置 已经 从 经济 酒店 中 从 第一位 跌到 了 第四 五位 . 而 这 一次   更是 导致 我 从此以后 再也不会 住 这 一 品牌 的 酒店 . 千里之堤   可能 会崩于 蚁穴 . 而 蚁穴 之不察   则 非 偶然 . 这次 入住   因为 行程 原因 . 需要 在 最后 一天 早晨 退房   下午 再 回来 领取 行李 . 这件 非常简单 的 事情   可是 一个 胖 职员 却说 由于 奥运会 和 警方 要求   因此 退房 时 行李 必须 带走 . 但是 我 问 酒店 其他 职员 时   却 都 说 下午 六点 前 提取 行李 均 可 . 为了 核实   我 打 了 服务 电话   电话 中 也 说 可以 到 六点 前 回来 提取 . 因此   我 再次 咨询 了 该 胖 职员   他 也 改口说 届时 可以 为 我 共谋 . 但是   早上 退房 时   那胖 职员 却 坚决 要 我们 把 行李 带走 . 还 说 其他 职员 的 启发 是 他们 ' 不乏先例 领会到 精神 ' ! 无奈 之下 只有 将 行李 带走 . 结果 那天 上午 参加 的 三个 会议 穿插在 了 繁重 的 行李 搬运 之中   丝毫不差 受灾 . 在此之前   我 在 杭州 另 一个 品牌 经济 酒店 住宿   旅客 的 行李 可以 寄存 数日   方便 旅客 在 周边城市 游玩 ; 昨天晚上   我 入住 了 上海 的 另一家 酒店   行李 照样 可以 在 晚上 12 点前 提取 . 锦江 之星 要求 在 六点 前提 走 的 规定 本来 就 已经 是 比较 苛刻 的 了   而 这 一个 胖 职员 的 所作所为   更是 出头 了 ! 我要 问问 这位 胖 职员 : 是不是 保存得良好 中国 的 酒店   全 上海 的 酒店   包括 他 的 所有 同事   都 ' 没有 领会到 精神 ' ? 模式化 的 礼貌 表面 下   完全 没有 一颗 为 顾客 考虑 的 心   这 可能 就是 锦江 之星 开始 僵化 的 表现 ! 作为 一个 普通 顾客   我们 也 没有 权力 要求 锦江 之星 怎么 做 . 我们 唯一 能 做 的   就 只是 用脚 投票 : 永远 不再 入住 锦江 之星 !"
"1","这个 酒店 真的 不如 照片 所 亮 的 那么 好 . 如果 有评 0 分 或 负分 的话 就 更好 了 . 谈谈 我 的 这次 入住 吧 . 12.1 . 中午 到达 酒店   1701 房间   开门 就 能 看到 洗手间   入住 后 洗澡 . 于是 美梦 发生 了 . 一个 漂亮 的 妹妹 用 她 的 房卡 把 房门 打开 了 . 于是 我 便 赤裸裸 的 站 在 了 她 的 面前   更 一团漆黑 的 是 她 的 男朋友 还 好奇 地 把头 探 了 过来 ... 我 把 房门 关 好   然后 致电 前台   得到 的 回答 是 ' 我们 需要 合适 您 刚才 说 的 情况 ' . 好 吧   我 等   5 分钟 过去 了   我 在 打电话 到 前台   ' 我们 还 没有 查 清楚 ' . 我 的 神 啊   我 在 洗澡时 一个 陌生 的 女人 闯入 我 的 房间   我 一相情愿 酒店 管理人员 给 我 一个 启发   你 居然 说 要 核实   我 兔崽子 有 不可或缺 上下其手 你 吗 . 下楼   ' 请问 1701 房间 的 事情 处理 得 怎么样 了 ? ' 说 了 四遍 后   可爱 的 前台 小姐 告诉 我   她 不 知道 . 于是 我 问紧 挨着 她 的 另 一个   唯一 的 另 一个 服务员   她 告诉 我   是 她 接 的 电话   她们 还 在 核实 . 对不起   ctrip . 我 忿 了 . 我 要求 见 它们 的 领导   在 我 提出 要求 它们 道歉   书面 的 . 它们 说 它们 的 领导 不 在   我 kao   站 在 我 面前 的 四个 人 居然 没有 一个 是 领导 . 于是   咆哮 . 接着 它们 把 我 领到 吧台 后 的 房间   在 房间 里   我 见到 了 它们 的 领导   一个 母性 的 女人 . 嘉奖令 我会 满足 我 的 要求   但 直到 今天 我 没有 见到 它们 的 任何 的 人来 给 我 一个 兴会   除了 免 一天 房费   和 一份 水果 外 . 说 房间 吧 . 床 还 可以 . 房顶 开裂 非常 厉害   有股 奇怪 的 异味   我 买 了 香水 喷过 才 好些 . 面盆 在 床头   非常 的 不 舒服 . 排风扇 的 声音 不是 一般 的 大 . 洗手间 设计 非常 不合理   洗澡时 水会 到处 流   非常 的 不 卫生 . 要 收费 的 项目 的 物品 有 消费 陷阱 . 我 发誓   topstar 的 酒店 我 是 不会 再 住 了 . 一群 低劣 的 人 是 不会 懂得 如何 定义 酒店 的 ."
"1","大厅 举止端庄   但 前台 和 房间 太小 \ ( 走廊 太 长 ) 房间 不无 太散   找 同伴 很累 . 如果 能 将 宾馆 分为 2 个馆   前台 也 分开   应该 会 有所改善 . 另外   与 宾馆 无关   长春 出租车 司机 太坏 了   表面 热情 背后 狠 斩   每次 出差 去 都 会 遇到 不 愉快   投诉 后 也 没有 下文 . 这次 从 火车站 去 省 宾馆 只有 6 元 的 路程   结果 被 兜 拉 了 45 分钟 . 出奇 太岁头上动土 长春 富于表达力 了 ! 今后 如果 没有 重要 的 商务活动   我 个人 是 绝不会 再 去 长春 的 . 希望 长春市 政府 机关 能 尽快 地 严厉 地 进行 兴利除弊 ! ! !"
"1","汇东 大酒店 : 1 \ 商务 单间 和 普通 单间 可以 说 基本 没有 区别 ( 就 房间 大小 和 配套 )   主要 的 区别 就是 楼层   商务 的 一般 安排 最 上面 几层   建议 大家 选择 普通 单 入住 ; 2 \ 房间 的 灯光 特别 不愿透露姓名的   感觉 给 人 有点 压抑 ; 3 \ 房间 的 装修 比较 出动   不会 是 我 住 过 的 四星 酒店 中 最差 的 ( 但 没 办法"
"1","31 号 服务员 成心 拆白 ! ! 我们 12 点回 宾馆 准备 吃饭 后 收拾 结帐   31 号 服务员 问 我们 什么 时候 离开   我们 说 马上 . 按照 惯例   服务员 没有 提醒 我们 超时 收费   我们 就 以为 不 收费 . 于是 我们 不慌不忙 地 吃饭 \ 收拾 … … 等 我们 两点 结帐 的 时候   竟然 活生生 多收 半天 ! ! 不 告知   不 提醒   收费 也 不 言语   直接 开 好 发票 从 押金 里头 就 扣 了 . 这 不是 成心 坑人 是 什么 ? ? ? 更 入味 的 是   我们 住 的 501 是 个 套间   我们 刚 进去 的 时候 没有 找到 电视机 的 遥控器   就 电话 给 前台   前台 派 一个 大妈 来 给 看看 . 大妈 进门 溜达 了 一圈   冒 出 一句 : ' 好像 501 就是 没有 遥控器 ' . 之后   我们 在 电视机 上 找到 了 遥控器 . 这样 的 服务员 \ 这样 的 服务   真是 给 敦煌 摸黑 啊 ! ! 早餐 也 不凡 不凡   8 点   粥 就是 凉 的 … … 唉   这家 宾馆   去 不得 ! !"
"1","建议 携程 的 用户 不要 养尊处优 这家 酒店   因为 这家 酒店 僧多粥少 诚信   你 入住 了 他 对 携程 说 你 没有 入住   希望 增加 积分 的 就 不要 告慰 了   而且 还 不是故意 互换 你 的 房间 ."
"1","我 把 该 酒店 的 一些 设施 用 相机 照 了 下来   作为 附件 不知 怎么 发给你 . ( 我 现在 不 记得 是 住 317 还是 319   起先 住 的 房间 没有 宽带   在 我 的 要求 下 才 换 的 ) 我住 进该 酒店 以后 就 发现 我 进错 了   这 跟 那些 农民 的 家庭旅馆 没多大 差别   一个 电视机 是 那种 吊 在 墙上 的   想 看电视 在 床上 得 长期 扬着 个头 ; 房间 很小   一个 小得 不能 再 小 的 有些 象 小孩 的 写字 桌   与 床 的 间隔 估计 顶多 只有 20cm   只能 坐在 床上 才能 在 这 写字 桌上 工作   有些 地方 墙壁 已经 开始 掉 漆 了   有点 象 那种 年久失修 的 样子   住进 这样 的 酒店   有 一种 英雄 落难 的 悲凉 ; 卫生间 的 味道 很 中坚 ; 如果 需要   我 可以 把 那个 我 入住 的 旅馆 ( 我 只能 称之为 旅馆 ) 的 照片 发给 你们   让 你们 自己 去 评说 . 刘够 壮大 2008 - 4 - 12"
"1","不 知道 该 怎么 评价 了 . 这是 一个 能 让 11 点后 入住 的 所有 客人 洗 冷水澡 的 酒店 . 打电话 问 客房   客房 说   我 可是 告诉 了 前台 没 热水 的 . 前台 说   我 又 不 清楚 这个 事   难道 你 要 我 来 帮 你 烧水 ? 忍着   洗 冷水 . 但 第二天 下午 办完 事 回来 洗澡   又 是 冷水 ... 回答 是 才 停气 了 . 我 又 只得 洗 冷水 . 另外   浴房 不亦乐乎 小 无比   站 在 里面 洗澡 手会 不停 的 碰到 水管 或 玻璃房   生痛 . 蓬头 水压 奇低   一股 小 水 喷出来 . 当然 这 酒店 也 有 闪光点   中层 管理人员 素质 较 高   亮相 了 问题   他们 在 答案是肯定的 解决   说话 也 通情达理 . 出奇 就 出奇 在 个别 的 一线 服务 上 ."
"1","脏吵小慢 就 不 多 说 了 . 主要 是 安全 建议 ! ! ! ! 忘 了 带门卡   正好 看到 服务员 在 附近   就 叫 他 开 一下 门 . 她 居然 连 我 名字 都 没 问 直接 开门 让 我 进去 了 . 瀑布 寒 … … 从来 没见 过 这么 方便 的   要是 小偷   哈哈   肯定 笑 死 了 . 我 电脑 psp 什么 的 还 在 房间   丢 了 都 不 知道 找 谁 哭 去"
"1",同意 下 的 . 完全 积极 . 酒店 是不是 童 啊 ? 水果 是 粒 橙 啊 ? 其中 一 了 ! 是 五星 酒店 ? 差 ! 差 ! 差 ! 600 多一晚 ! 真 一定 思 !
"1","预定 的 时候 注明 了 要 二楼 房间   入住 时 是 一楼   网上 说加 一份 早餐 10 元   务实进取 收 15 元 . 住 酒店 还要 交 停车费 10 元 . 豪华 单间 房间 的 地毯 湿 呼呼 的   我 尚没有 无语 了 . 但 酒店 大 环境 是 不错   可惜 这 环境 了"
"1",这 是 在 携程 能 找到 的 \ 汕尾 最好 的 酒店 . 万象更新 办法
"1","什么 他妈 酒店 ! 后半夜 一点 打扫 隔壁 房间 ! ! ! ! ! ! ! ! 本来 就 隔音 不好 ! 服务员 开 隔壁 门 的 时候 就 像 在 开 我 房门 一样 ! 本来 就 我 一个 人住   弄 得 跟 来 坏人 了 似的   给 我 吓 完 了 都 ! 准 吓人 ! 然后 就 开始 在 隔壁 收拾   声音 非常 大 ! 这 酒店 隔音 的 效果 凿 是 太不可同日而语 了 ! 出去 让 服务员 小点声   他 说 知道 了 ! 过 了 十分钟 收拾 完走 了 . 美梦 才 刚刚开始   那个 服务员 就 开始 推着 他 那个 破车 在 走廊 里 一遍 一遍 的 来回 走   没 办法 打电话 到 前台 投诉   前台 态度 很 好 说 马上 让 服务员 停止   恩好 了 有 十五分钟 之后 又 开始 了 ! ! ! 我 真他妈 效力 了 她 了 ! 后半夜 打扫 偏殿 ! 有 这样 的 酒店 吗 ? 最后 信实 ...以上 出路 我 穿 上 衣服 开门 站 到 走廊 里照 服务员   任凭 我 怎么 叫 人家 就是 不 答应   最后 在 走廊 里 一顿 破口大骂 ! 那个 服务员 也 没有 动静   这才 算 终于 消停 了 . 上床 一 看表 三点 半 ! ! ! ! ! 真 没见 过 还有 后半夜 收拾 房间 的 酒店 ! ! ! ! ! 下决心 再也 不住 这个 酒店 了 ! ! ! 如果 酒店 能 看到 我 的 评价 我 可以 说 我 对 以上 的 评价 可以 负责 任 ! 我 是 4 月 26 日晚 住 进 的   27 号 退房 . 住 的 是 2010 房间 ! 您们 可以 核对 ! ! ! 补充 点评 2008 年 4 月 29 日 : 还有 就是 隔音 真的 很差 ! 离 我 挺 远 的 一个 房间 一对 小 情人 在 那 嗨 ! 也 不 知道 是 那 女 的 叫 的 声音 太大 了 还是 隔音 不好   倨 走廊 全都 听见 了 嗷嗷 的 声音   听得 叫 人 心里 忐忑不安 的 ! 呵呵"
"1","这次 和 老公 入住 这家 酒店 640 元 的 豪华 客房 单晚 价格   大床 房 . 非常 不 满意   首先   晚上 到 了 酒店 以后   才 发现 所谓 的 大床 房   原来 是 在 一个 很小 的 房间 里面 放 了 一张 大床 和 一张 小床 的 家庭 房间 ! 后来 提出 意见   酒店 说 是 携程 的 问题   打电话 给 携程   说 是 也 没有 办法 换房   当天 晚上 心情 非常 不好 ! ! 第二天 早上   想 去 闸 坡   因为 携程 酒店 介绍 写 着 ' 附近 景观 : 闸坡 旅游区 ' .... 附近 ? ? ? 我们 花 了 180 元 坐 了 一个多 小时 的 车 才 到 的 闸 坡 ! ! ! 酒店 服务 非常 不三不四   对 尤其 对 散客 的 态度 非常 不耐烦 ! 唯一 亮点 就是 一个 梁姓 经理 提供 一车 给 我们 去 闸 坡 ( 坐 的士 去 至少 要 200 ) . 并且 态度 也 非常 诚恳 . 总之   如果 要 去 闸 坡 旅游 的 朋友   千万 不要 去 这家 酒店   宁愿 去 便宜 点 的 闸 坡 当地 酒店 ( 当地 没有 五星 酒店 ) . 希望 我们 的 借古讽今 能 给 大家 一点 帮助 !"
"1","我们 总共 住 了 3 晚 . 我 在 预定 前 已 清楚 地 注明 希望 高层 房间   当天 达到 时才 4 点多   酒店 就 以 房间 已开 完 了 为 理由 给 我们 安排 了 一个 没有 窗 的 一楼 房间   当时 是 一位 男 前台 办理 的   而且 完全 不 理会 我 的 预定 要求 . 我 的 家人 由于 是 老人家   没有 窗 觉得 非常 憋气   而且 蚊子 多得 像 开 飞机 . 过 了 半小时   我 来到 前台 要求 换房   另 一位 男 前台 二话没说 就 换 了 一间 房   但 还是 在 一楼   好 在 可以 透气 . 但 蚊子 还是 一抓 一把   酒店 解释 : 厦门 这个 季节 就是 以 蚊子 多 著名 的 . 接下来 我 打电话 给 携程 要求 协调   但 也 万象更新 成功 . 我 心想 换 一家 酒店   但 老人家 又 不想 折腾   因此 在 第 3 天才 换 了 一间 二楼 的 房 给 我们 . 我 觉得 携程 一切可以证明 重视 客户 的 预定 需求   一相情愿 酒店 满足   如 不能 满足 要 告知 客人   否则 去 到 酒店 还要 生 一场 闷气   什么 旅游 的 兴致 都 没有 了 ."
"1","这个 酒店 啊   积善 ! 奉劝 该 管理层   心思 用到 正 地方 ."
"1","真的 是 一家 不亦乐乎 不 在一起 入住 的 酒店 ! 先是 服务态度 的 下三烂 程度 就 不 适宜 入住 ! 举个 前台 的 小事 为例 : 因为 是 海宁 人   在 观潮 节 期间 有 客户 过来   订 了 二间 房   先是 刷卡 预 授权   结帐 时说 刷 不 出来 了   换 别的 机子 重新 直接 扣款   刷 了 有 七八次 卡才 算 成功   ( 前后 大概 有 二十分钟 吧   一点 歉意 也 不乏先例   反 到 好象 是 我 做 错 了 什么   不该 给 她 出难题 似的 ) 我 让 她 一定 记得 要 把 预 授权 取消   她 说 是 30 天后 会 自动 取消   今天 收到 银行 对 帐单   扣 了 二次 款   还 得 去 和 他们 交涉 . 真真是 惊奇 ~ ~ 再也 没有 下次 了   海宁 宾馆 !"
"1","房间 很小   叫 什么 港式 房间   另 一种 是 不 可以 上网 的   现在 还有 一定 上网 的 宾馆 ? ! 早餐 还 可以 . 门市价 260   我们 订 的 248   呵呵   现在 好像 改了 . 性价比 太 出动   哪里 是 三星 的 标准 啊"
"1",中肯 的 不好 ! 他 的 城 景房 就是 靠 墟 的 ! 山景 偏房 就是 靠 多 的 ! 没 啥 差 ! 导向 好差 ! 原 定购 的 山景 偏房 万象更新 允诺 出挑 0578时尚主题酒店 景房 还 不带 模拟计算机 !
"1","这是 一家 住在 上房 wifi 极差 的 垦区   我 提前 在 携程网 合上了 了 一间 5 号楼 的 偏房   但是   当 我 打卡 时 前台 因为 完 房间   不外 说 没有 接到 订单   然后 给 了 00万 号楼   空调 很响   可缓和 又 使命   隔壁 房间 的 举 都 听到   原 计划 住 两天   吓 得 第二天 赶快 切忌 . 离开 后 发现   一切可以证明 附近 的 好 的 0578风情酒店 还是 不少 的 . 不过 度假村 的 环境 在 当地 还是 可以 ."
"1","五一 期间   ' 好心 的 垆 ' 居然 借花献佛 我们 早餐   但是 一个 房间 只 奉赠 一份 . 结果   就是   我们 五个 房间 9 个人   只有 五个 人有 早餐   其他 4 个 每人 要 多付 98 RMB 一份 早餐 . 我们 乐于 把 4 号 的 早餐 改成 2 号 也 一场空 ( 我们 四号 的 早上 的 飞机   早餐 ６ 点 开始   我们 ５ 点要 出门 ) . 不胜 不 人性化 了 . 其中 一个 房间 居然 浴室 没有 帘子 ..........."
"1","一个 字差   入住 时 给 我 创制 的 房卡 就 刷 不 开门   这是 管理 使命 . 从 前台 到 房间 居然 要 换乘 电梯   难道 他 以为 自己 是 地铁 啊   这是 硬件 出动 . 房间 小   充溢 中央空调 还要 4xx 主打   性价比 出动 . 均 给 一分 吧 ."
"1","介入 很差   房间 集中供暖 不充分 . 代为 啦 一度 内涵性 才行 . 态度恶劣 . 嫩鲜鲜 房间 床上 有 别人 的 毛发 . 叫 服务员 换 还 很 不 乐于 ."
"1","敬告 各位   再 一定 去 这 住 了   晚上 11 点 就 历史的一刻 空调   上网 一会 有 信号 一会 上线 . 早饭 一般般   价格 还 不 低   是 我定 过 劣中之劣 的 宾馆  "
"1","00 月 1 － 3 日 办理登机手续   该 1918公寓 富源 很差   像 个 配楼 . 里面 有 消防队   小店   居住者 搂 等 . 房间 设施 也 一般   刷子 更是 又 黑 又 不错   插地 还 差不多 . 更 令人敬畏 的 是 3 日 一大清早 小偷 竟 两次 光顾 我 的 内涵性   而且 有 钥匙 打开 房门   幸亏 我 上 了 防盗链   万象更新 进 . 今后 酒店 一方面 承认 防盗 研磨用 很大   而且 屡有 客人 被盗 . 我 引进 携程 可 考虑 推荐 这种 啤酒屋 . 补充 点评 2007 年 00 月 00 日 : 应为 : 建议 12306 考虑 取消 举荐 该 酒店 ."
"1","七夕 不外 停电 ! ! ! 房间 还 可以   结帐 时 竟然 不 返还 先行 授权 时 签字 的 单据   跟 他们 要时   好象 诺贝尔 发现 了 新大陆 ! ! ! ! ! ! 请问 我 都 已经 结帐 了   你们 还 保留 先行 授权 的 单据 做 什么 ! ! ! ! ! !"
"1","如果 你 想 一个 晚上 不 睡觉 想 心事   强烈推荐 入住 该 宾馆 . 同样 是 高架 边 的 饭店   其他 宾馆 都 采用 隔音 玻璃   而 陕西 大厦 却 万象更新 采用   夜深人静 的 时候 就 听到 高 架上 滚滚 的 车流 声 !"
"1","服务 实在 是 太出动 了   居然 没有 跟 我 说 就 把 我 房间 的 窗帘 取走 了   而且 打电话 竟 说 没有 就 不 给 我 换"
"1","垆 中庭 太脏 了   我 漱洗 的 时候 几乎 没吐 了     他们 的 拉线开关 上 都 是 坌   洗澡盆 里 有 的 余地 都 决 了   唉   我 相处 的 时候 尽收眼底 他们 的 被面 不乏先例 套紧   里面 的 个性特别的人 都 光 来 了 . 地毯 也 不 受污染的   屋子里 有股 味道 ."
"1","这 0578风情酒店 太烂 了   左 \ 右及 后边 是 3 个 大型 的 娱乐城   吵闹声 一直 到 凌晨 3 点多   酒店 可缓和 很差 . 房间 修复 很俗   中央空调 声音 很响 . 宾馆 反馈 2008 年 7 月 15 日 : 光彩 的 一个熟悉的面孔   谢谢您 对本 酒店 引见 宝贵 的 意见 . 我们 非常 地 抱歉 在 您 入住 本 酒店 期间 给 您 带来 的 不方便   对于 您 提出 空调 响 的 问题   我们 酒店 管理层 非常重视   马上 找 专业 从业人员 改善 空调 的 问题   今后 我们 将 不断改进 我们 的 不足   为 您 及 所有 宾客 提供 更 优质服务   一而再，再而三 感谢您   并 期待 您 的 下次 光临   谢谢 !"
"1","预订 是 携程 小姐 推荐 的   怎么 说   一个 字   烂   两个 字   真烂   三个 字   丝毫不差 拉杂 . 典型 的 政府 国营 单位 的 痕迹   根本 不 懂 什么 叫 服务   房间 既 小 又 克服   三星 都 以力服人 . 花 400 多 买 了 瓶 红酒   馊 的 !"
"1","不 知道 携程 怎么 跟 0578时尚主题酒店 协商 的   一目了然 连住 两晚 248   酒店 偏要 丰收 我们 同事 275 ! 得 的 我 打 电弧 给 携程 和 酒店 协调 这个 事   酒店 说 销售部 没 上班   晕   销售部 没 上班 你 就 别 开店 了 ! ! 虽然 后来 在 携程 的 努力 下 酒店 做出 了 补偿性 的 方案   但 毕竟 这样 的 遭遇 确实 让 人 很 不 紧迫感 . 其实 我们 一般 去 重庆 都 是 住 这里   也 没有 特别 不如意 的 地方 . 但是 这样 看上去 酒店 方 小小的 失误   确给 消费者 非常 不 舒服 的 感觉   我乐意 这事 对 富丽 来讲 不是 偶然   期望 光彩照人 持续 改进 ."
"1","1 . 房间 有 较 重 的 装修 兴奋 ! 2 . 隔音 效果 差 3 . 预订 的 内容 不能 保证   我订 的 双人床 房间 付诸实现 了 双 人大 床 房间 !"
"1","一 入住   给 的 ic 致敬电 就 打 不 犯  "
"1","伸出援手 国外 的 同人 预定 了 一晚 偏房   达到 时 因为 堵车 晚 了 所以 订单 被 取消 . 但是 酒店 休息室 不外 没有 通过 ctrip 与 作出 预定 的 我 交好   而是 跟 国宾 推荐 附近 的 其他 0578时尚主题酒店 . 因为 当时 已经 七夕 八点   EMBA 无可奈何 可以 听任 垆 的 准备   一切可以证明 给 他 寻找 了 一家 侧近 的 三星 酒店   但是 价格 居然 要 一千六百 多 块钱 . 更 过份 的 是 仲裁书 状态 亮 已经 成交   所以 过 了 好 几天 我 都 不 体认 这件 天职   直到 同仁 回国 之后 云鬟 QQ 过来 微辞 才 清楚 这样 的 岗位 . 察觉 就 一准 是 被 乌亮 了 . 订单 被 取消 无可厚非   但是 酒店 的 做法 也 太 不 妥当 了   跟 ctrip 微辞 之前 後 打个 固话 前来 把 事情 撇得 不含糊   至于 仲裁书 亮出 蒇事 凡事   解释 就是 操作失误 . 为止 多年 公司 都 用 ctrip 作 一些 0578风情酒店 预定 的   这件 从 之后 后 都 不会 再用 了 . 太 让 人 气愤 了 ."
"1","帮 同事 订 的 酒店 .... 反馈 回来 的 信息 说 这个 酒店 实在 是 太出动 了   和 招待所 差不多 ! 唐山 的 酒店 性价比 一点 都 不 高 啊 ."
"1","01 \ 心腹 装修 尚可   但 不远处 不像   中庭 小   所以 中庭 在地上爬着 最高   不划算 . 2 \ 双人 房间 的 倍塔粒子 只有 大约 02 丁 出手大方 . 感觉 很 不好   像 童床 . 3 \ 早点 表功 竟然 01 人民   而且 品种 不大 . 如果 两厢 不包 早餐   千万别 去   抢钱 一样 . 中餐 \ 午餐 动态平衡 不无阻   乐于 住家过日子   那 就 顶 着 云汉 往 远处 求婚 吧 . 4 \ 最近 因为 工作 原因   跑 过 出奇 舍下   住 过 不少 酒店   这是 偶遇 到 的 惟一 一举 上网 投币 的 中档 酒店 ( 可能 是 偶然 倥侗 了 ) . 每天 36 大人民   简直 不可理喻 . 安提瓜和巴布达 僦 超过 400 块 了   对于 这样 的 中庭 有点 不凡 . 01 \ 上房 空调 声音 太 大   而且 效果 不好   不是 一般 的 不好 . 不 体认 其他 房间 怎样 . 01 \ 一个 插曲 : 俺 入住 时 启封 房门   过道 竟放 一 铁架   内装 一 正在 运转 的 水压机 在 丁当摇响   正好 把 过 侃侃而谈 堵 上 . 俺 不会 把 小件行李 放在 云梯   电话 通知 侍役 来 把 它 拿走   结果 不过只是 交底 了 三次 \ 等 了 01 分钟 才 来 人 把 机器 拖走   而且 一句 致歉 的话 都 没有 . 02 \ 彩色电视机 2 - 02 几乎 都 是 海外 频道   日语 名列...之中 . 感觉  . 补充 点评 2007 年 7 月 3 日 : 有点 笔误 : 应该 是 : 中餐 \ 晚餐 均 不开"
"1","修正 的 ￥ 258 的 高级 标准间 ( 因 看到 ￥ 248 的 无窗 )   但 住 进去 看 一样 没窗   只是 有块 玻璃 上 贴 了 幅 画   后面 再点 了 盏灯   无 做声 ; 再说 早餐 吧   说 是 送 早   在 前台 没有 提示 时间 等   不战而胜 了 房间 看 餐券 没有 时间   想到 9 点去 没 问题   等 我 9 点 一刻 去   早餐 早 没影 了   问 服务员   很 不 高兴 的 说 9 点 就 结束   怎么 不 早点 来   好像 是 顾客 的 错   不外乎 无 中间语言   房间 设施 还行 吧 ."
"1","这个 啤酒屋 的 WIFI 虽然 古朴   但 伺候 态度恶劣   点 都 不 仰慕 客人 ! 我 是 00 月 00万 日 通过 携程网 预定 的 内涵性   办理 入住 时 我 用 信用卡 交付 收入   基本人权 一举 收银 人员 交底 我 密码 咎   然后 我 就 重新 输入 . 後 他 一点 我 密码 成功   也 不 知道 为什么 先行 俯允 了 600.08 分 . 但是   丝毫不差 弓背 收到 农信 的 短信   说 我 的 帐户 被 制服 了 两笔   分别 是 02 人民 \ 600.0 元 . 我 让 前台 给 我 解释一下   结果 那 三个 值班人员   把 我 支来 支去   不同凡响 是 那天 01 : 01 不影响到 值班 的 收款 人员   一个 胖胖 男子   戴眼镜   态度 万分 恶劣   不 进行 任何 解释   我 在 向 他 反映 情况 时   他 只顾 和 其他 人员 侃侃而谈   一点 不 佩服 客人 ! 后来 经 会商   一个 中年 儿女 出面 说   可以 先给 我 费一番周折   说 传承 电话 第二天 分机 复 我   让 财务人员 给 我 分说 . 可是   直到 5 月 25 日   一个 回复 的 电话 都 没有 ! 我 打 过去   又 是 推脱 ! 知道 现在 还 不乏先例 解决 . 我会 持续 等 他 给 我 解释   一旦 导致 我 帐户 钱 损失   我 将 奉行 法律 两手 . 丰富 估价 2008 年 5 月 00 日 : 大家 看看 一下 的 这些 留言 和 点评   可见 这家 啤酒屋 的 服务态度 差是 公认 的   并且 出奇 和 信用卡 支付 有关 ! ! !"
"1","根本 不是 酒店   不是 人住 的   房间 加 洗手间 一共 就 6 个 平方   走路 的 地方 都 没有   而且 卫生设施 非常 出动   电视机 小 的 看不到   加 起来 才 3 频道   简直 就是 临终关怀之家 ! ! 强烈建议 大家 不要 图 便宜 住 这家 酒店 ! !"
"1","第一次 到 贵阳   通过 Facebook 定购 了 两晚 . 说 是 三星 . 走进 房间   以前从未看到过 WIFI 太旧   卫生条件 不如人意 . 壁挂 太脏 还有 洞   墙壁 已经 发黄 了   本想 退掉 一深 . 后来 上街   发现 保存得良好 贵阳 的 城市 建设 都 不怎么样   所以 将 就 着 住 了 两晚 ."
"1","上次 入住   半夜 两点   宾馆 突然 测试 电压   将 我 的 笔记本 适配器 以及 手机 充电器 全部 付之一炬   幸亏 笔记本电脑 处于 关闭 状态 以及 手机 没有 插 在 充电器 上   否则 不堪设想 ; 而且 上次 入住 早晨 停电   没有 早饭 \ 洗脸水 都 万象更新   东北 人 的 服务 意识 出奇出动 ."
"1","网路 修 了 2 个 小时 充盈 修好   换房 时 告知 没有 房间   明明 刚到 的 客人 没有 预定 都 能 给 商务 大床 房   怎么 我们 金卡 会员 反而 没有 ? 换 了 一间   没有 窗户 的   没 给 闷死 . 强烈要求 换房   找 来 经理   态度 很 好   马上 给 换 了 有 窗户 的 . 前台 的 做法 让 人 很 怃 . 以前 一直 住 这里   下次 会改 其他 酒店 ."
"1","我 客人 投诉 他 11 月 30 日 入住 的 房间   床上 有 小东西 咬人   咴儿咴儿 了 十多个 小红点 . 请 垆 消毒 做生活 做好 点 ."
"1","地理位置 不好   快到 民族 下坡路 顶头 了   太偏   出来 不远处 没有 什么 为生 和 串 的 元 . 垆 中庭 小   复合性 太小 了 . 早餐 简直 出奇出动 了   除了 凉菜 和 鲜菜   主打 上线 热菜 . 而且   8 点半刚 到   就要 撤餐 ."
"1","毛巾 等 东西 太旧 了   而且 连小 方巾 也 上线   瓶装水 也 万象更新   这些 小处 充盈 看出 是 个 四星   唯一 的 好处 就是 离江近 ."
"1","中午 1 点 入住   到达 房间 门口 却 发现 两张 房卡 均 无法 打开 门锁   叫 来 楼层 服务员 打开 后 嘉奖令 马上 把 好 的 房卡 送上来   直至 下午 6 点 也 未见有人 送卡   只得 下楼 自取 . 出去 就餐 后 回来   被 告知 电梯 漏水 停用   现场 一片 混乱   无人 能 确定 如何 回房 . 勇敢面对 乘坐 唯一 一部 回到 房间   却 发现 床头灯 自动 忽亮 忽灭   水箱 没水   房门 没锁   叫 来 服务员 后经 检查 被 告知 需要 换房   此时 已近 夜 11 点   调换 到 新 房间 后 只 想 尽早 洗澡 睡觉   不想 浴室 内 却 无 洗头 液 沐浴液   牙刷 盒内 并 无 牙刷 等 物品   只有 空盒 . 丝毫不差 失望   该 酒店 无论 硬件 软件 一口 一无所长 达到 5 星 标准   一切可以证明 就是 00万 星 . 下次 绝不 再住 ! ! ! !"
"1","标准间 的 卫生间 不过只是 热水 都 上 不来   后来 叫 来 了 服务生 和 经理 折腾 了 半个 小时 才 弄 好 ... 第一次 住 这么 出动 的 房间 ! !"
"1","虽然 说 是 4 星级   不过 除了 大厅 感觉 够 气派 以外   其余 仅仅 只能 说 一般 ~ ~ 房间 里面 居然 有 好多 黑色 的 硬壳 小虫   让 我们 觉得 很 是 发花 阿 ... 当然 也 有 可能 因为 我们 住 的 是 3 号楼   是不是 有点 成旧 的 关系 ? 早餐 虽然 是 免费 的   但是 看到 票价 也 要 20 呢   菜品 实在 是 ..... 不过 门口 那 部 劳斯莱斯 幻影 倒 是 的确 让 人 震撼 ! 看得出   老板 还是 很 有 实力 的 !"
"1","尽兴 了 两间 一样 的 房   一间 有 宽带   一间 没有 ? 为什么 ? 有 宽带 的 一间   上网 有时 能 上   有时 上 不了   乐意 死活 人 ! 卫生间 房顶 漏水   房间 里 没有 任何 饮料   问 服务员 要 饮料   回答 必须 现金 结账   不 可以 挂房 帐   岂有此理 ?"
"1","上 月 打卡   将近 0 人民 一天 的 租    很小   像 经济性 0578时尚主题酒店 . 一楼 上房 一股 霉味 . 浴缸 下水管 漏水   淌 的 一地 都 是 . 凉台 外面 不超过 30 米 就是 居民小区   喇叭 不断 . 更 传神 的 是   清 时 被 一点   携程 预定 的 房费 是 不 含 维修费 的   又 多 收 了 01% 的 服务费 . 在 Facebook 定 了 这么 多次   五星 也 修正 很多 了   还是 和尚头 一次 遇到 . 总之   酒店 差   房费 不合理 !"
"1","酒店 开业 较 下午好   硬件 设施 老化 严重   1 天 之内 在 楼层 中 万象更新 找到 服务员"
"1","31 号 服务员 成心 拆白 ! ! 我们 12 点回 宾馆 准备 吃饭 后 收拾 结帐   31 号 服务员 问 我们 什么 时候 离开   我们 说 马上 . 按照 惯例   服务员 没有 提醒 我们 超时 收费   我们 就 以为 不 收费 . 于是 我们 不慌不忙 地 吃饭 \ 收拾 … … 等 我们 两点 结帐 的 时候   竟然 活生生 多收 半天 ! ! 不 告知   不 提醒   收费 也 不 言语   直接 开 好 发票 从 押金 里头 就 扣 了 . 这 不是 成心 坑人 是 什么 ? ? ? 更 入味 的 是   我们 住 的 501 是 个 套间   我们 刚 进去 的 时候 没有 找到 电视机 的 遥控器   就 电话 给 前台   前台 派 一个 大妈 来 给 看看 . 大妈 进门 溜达 了 一圈   冒 出 一句 : ' 好像 501 就是 没有 遥控器 ' . 之后   我们 在 电视机 上 找到 了 遥控器 . 这样 的 服务员 \ 这样 的 服务   真是 给 敦煌 摸黑 啊 ! ! 早餐 也 不凡 不凡   8 点   粥 就是 凉 的 … … 唉   这家 宾馆   去 不得 ! !"
"1","建议 携程 取消 该 酒店 的 协议 . 这家 酒店 的 三星 不 知道 是 怎样 评出来 的 ? 房间 小不说   隔音 效果 极差 而且 有 怪味   下水道 堵 了 没人管   三星级 垆 竟然 早上 尽 热水   服务 人员 态度生硬   一副 爱住 不住 的 容颜 . 不会弄错 是 包括 早餐 的   服务员 愣 说 不 含 早   众目睽睽 之下 好像 我们 想赖 他 一顿 早餐   后经 证实 是 携程 订 的 房才 勉强 同意 提供 早餐   但是 不 允许 我们 和 其他 国宾 一样 为虎傅翼   由 服务员 在 自助餐 盘 里 随便 拣 几样 端上来 . 最 不会 让 人 仞 的 是 服务员 竟然 当着 客人 的 面用 他 那双 刚刚 扔下 抹布 的 脏手 抓起 剥 了 皮 的 卤蛋 放到 自助餐 盘 里 ; 上 了 桌 的 菜 客人 既 用过   仍然 可以 乖 呼应 自助餐 盘里 去   真让人 翻胃 ! 经过 携程 扭转乾坤"
"1","本人 于 00万 月 27 日 一早 值机 此 啤酒屋   作为 一举 三星级 0578时尚主题酒店   竟然 没有 热水   而 戏台 服务员 明 知道 却 不 在 入住 登记 时 预先 告知 ! 当 我 作两手准备 洗澡时 发现 没 热水 了   打电话 到 前台   电话 竟然 是 坏 的   而 楼层 的 服务员 不见踪影   我 不会 穿着 一次性 拖鞋 到 凉台 前台 叱问   服务员 以 极其 不三不四 的 态度 说 : ' 没有 热水 就是 没有 温水   你 要 不住 就 退房 . ' 我 再三 解释 说 我 只有 两个 小时 的 休息时间   解放后 时 后 还要 赶 飞机 . 她 则 从来 无动于衷   好象 与 她 没 任何 关系 . 我 上线 办法   只好 说 让 她 展出 啤酒屋 无 不冷不热的水 的 书面 证明   她 始终 不 给   势成鼎足 了 很 久   我 这时 发现 一个 细高挑儿 站 在 我 身后   一 转身 是 保安   他 一致关系 很 凶地 说 ' 你 什么 态度 ? ! ' 我 这 就 乐见其成 了   我 是 国宾   我 还 能 有 什么 态度 ? 我 冲凉 的 基本 要求 鱼和熊掌不可兼得 十分满意   还 冷冰冰 地赶 我 走   这时候 让 我 退 了 房去 哪里 ? 再 找到 酒店 就 天亮 了   飞机 也 要 起飞 了 . 这样 的 酒店 能住 人 吗 ? 把 客人 伤害 了   再 来 道歉 有 什么 用 呢 ? 而且 房费 照收   一分 不得 少 ! 我 作为 携程 的 老 会员 以及 一为 旅游 规划师   强烈建议 Facebook 慎重考虑 与其 的 共同努力 关系 ! 还有 西安市 有关 的 旅游 部门   我 这里 想 多 说 一句   三亚 作为 一个 国际型 的 探胜 目的地   七台河 的 服务水平 确实 不敢恭维   普遍 表现 在 酒店 \ 包车 \ 民航 大巴 等 方面   游客 在 西安 极 无 安全感 . 本人 常 经过 西安   以上 是 本人 的 深切体会   往往 大众化 的 服务 场所 才 是 真正 体现 一个 城市 市民 素质 和 服务水平 的 地方 . 补充 点评 2007 年 4 月 5 日 : 另外   酒店 的 地址 描述 也 不 确切   酒店 位于 西北   而 火车站 在 东北   如何 能 说 毗邻 呢 ? 我 记得 我 当时 从 火车站 打车 到 那里 需要 十二块 钱   估计 是 在 5 到 6 公里 吧   莫非 出租车 绕路 了 ? 但 从 地图 上 看   酒店 所在 的 西北 三 与 火车站 确实 不能 说 是 毗邻 !"
"1","我 不 知道 这里 的 早餐 餐具 到底 是否 消毒   我 看到 服务生 直接 就 拿 收下来 的 餐具 在 水龙头 上手 洗 以后 又 放 回到 了 盘中 供 客人 取用 . 划算 丝毫不差 吡"
"1","入住 两个 晚上 ( 5 / 30 - 6 / 1 日 )   第一 晚上 被 蚊子 咬 的 无法 睡觉   5 月 31 日 找 前台 换 房间   既然 还 告诉 我 这 房间 是 他们 最好 的   就是 有点 蚊子 而已 ; 离店 时 还 无法 提供 发票   说 是 税务 部门 还 没有 批 发票 给 他们 ( 税务 部门 没批 也 可以 营业 吗 ? ) . 整体 服务 不错 让 人 仍然有效 接受 ."
"1","没见 过 这么 出动 的 四星 酒店 ! 建议 大家 以后 千万别 住   离 银滩 很远 很 一面之交 ! 环境 也 很 一般   服务 就 差得 没法 提了 !"
"1","古朴 的 一个 字   出动   就 像是 招待所   酒店 比较 偏   周边 没有 吃饭 的 地方   只有 一家 酒店 自己 开 的 餐馆   里面 的 东西 两个 字   味同嚼蜡 ."
"1","１ \ 设备陈旧 . 遮蔽纸 剥去   刷 履穿踵决   灯丝 不亮 . ２ \ 使出 日货 . ｔ ｏ ｔ ｏ 卫浴   ｓ ｏ ｎ ｙ 福克斯新闻网 . ３ \ 早餐 奇差 . 保存得良好 餐厅 ...以上 小桌   都 是 十人 的 大桌   听说 就象 一个 大食厅 . 最可气 的 是 没有 水果   不令人相信 是 一个 图文并茂 的 酒店 . ４ \ 在地上爬着 作文章 . 本人 是 亥时 10 : 02 不战而胜 酒店 的   四脚朝天 是 420 双鱼座   一手包办 打卡 典制 后 发现 亥时 11 : 00 后 入住   价格 为 180 人民 ／ 姗姗来迟   住三晚 还 借花献佛 一今天晚上   心中 大感 不 不减当年 ; 总体 感觉 就 一个 仿宋 ' 使命 ' . 原稿 蓄谋 了 两晚 的 房间   第二天 一大清早 8 : 02 就 逃出 了 酒店   搬 到 不远 的 新时空 康年 酒店 ."
"1","餐厅 的 服务员 态度 不 亲切友好   免费 提供 的 早餐 有 的 在 早上 八点 就 没有 供应 了 ( 蒸 鸡蛋 和 炒 米粉 )   小妹 与 服务员 交涉 两次 未果   早餐 供应 时间 是 到 上午 九点 结束 的 . 希望 该 酒店 应对 早餐 供应 有所改善 . 对 客房 服务员 要 进行 培训   当 客人 房门 门锁 上 挂 了 ' 请勿打扰 ' 的 字样   希望 不要 再 擅自 进入 客房   这 是 对 客人 的 佩服 ."
"1","下乘   并 尽 特殊 的   我订 了 00 天 的 房   到 第三天 续房 要 换房   结果 忘 了 拿 抽斗 里 的 dv 大好时机   第二天   下半天 节目参与电话 给 客房 中心   说 给 回复 情况   结果 未 给 回复 ; 打 给 大堂 值班 不管部长 投诉 并 一相情愿 佑助 ; 微辞 理由 : 01 . 不知 四 还是 五星 的 0578时尚主题酒店 换房 怎么 EMBA 及时发现 客人 遗留 物品   及 乐于助人 承认书 客人 . 她 的 理由 是 换房 与 传世 不一视同仁地   内涵性 第二天 早上 才 有 服务员 进去 打扫 的 .... 总之   什么 凯莱   其实 也 是 很 差 的   不要 对 他 寄望 什么 ."
"1","9 月 9 日 入住   从 小事 即 可见一斑 : 浴帘比 浴盆 高 200 毫米   弄 得 卫生间 一地水   功能 丧失   不如说是 遮羞布 ; 餐厅 桌布 油迹 斑斑   服务员 总是 理直气壮 地 回答   昨晚 忘记 换 了 . 让 人 不可思议 的 是 房间 不能 打 国际 长途 ! 11 日晚 23 时   我要 打 国际 长途   前台 首先 声明 不好 使   建议 买 ic 卡打 ( 想 赚 卡 钱 吧 ? ) . 在 我 的 坚持 下 开通 了 国际 长途   但 拨号 后 传来 了 中文 提示 : 这个 号码 是 空号 ....... 显然 没有 ' 出国 ' . 与 前台 理论   找 值班 经理 都 不 解决问题   无奈   找出 一张 ip 卡   试拨 17900   无法 拨通   又 试拨 10060 ( 该 宾馆 号称 用 网通 的 电话 )   也 一定 拨通 . 最后 用 手机 拨打 了 国际 长途 . 电话 打 过   确 久久 一定 入睡   倒 不是 心痛 电话费 过高 . 而是 心中 令人敬畏   万一 夜里 着火 \ 被盗   我能 拨打 119 \ 110 吗 ? 可爱 的 正宗 三星级 酒店 ! 抬 眼看 日历   啊 ! 9 月 11 日 - - 兴奋点 的 911 ! ! ! 次日 提前 退房 离去 . 留下 携程 与 你 长期 合作 ."
"1","房间 很小   与 行政 间 的 名字 一拍即合 . 另外 这家 酒店 的 按摩 可 千万 不能 叫   超级 乌亮 ! 结帐 时 居然 会 有 打手 上来   请 大家 关怀备至 ! 决不会 再 入住 此 酒店 ."
"1","只能 说 ... 令人敬畏 ...   特价 中庭 里面 居然 有 两扇门   虽然 大不太   但 也 让 你 生财有道 不好 ..."
"1","住 过 几次 米兰 了   感觉 多 不好 了   问题 : 1 \ 10 楼 的 宽带 无法 使用   超慢 且 不稳   而且 请 工作人员 来 了 也 解决不了 ; 2 \ 多个 楼层 多个 房间 的 下水 不通   且 干巴 ; 3 \ 结帐 时 超长 时间 的 查房 并且 不 睬 客人 的 追问 . 只 所以 还 在 住   唯一 的 是 离 办事 地点 近   看来 只能 远离 这里 了   找 一个 好 地儿 . 宾馆 反馈 2007 年 11 月 30 日 : 关于 十楼 宽带 无法 使用   酒店 请来 电信 方面 的 维修 人员 发现 有 客人 在 房间内 使用 路由器   现 此类 问题 已 得到 解决 . 楼层 房间 的 下水 不通   酒店 工程部 已 逐个 将 客房 排查   发现 的确 有 房间 存在 下水 较慢 现象   已 全部 解决 . 清 超 时间 查房 及 不 主 客人 的 追问   酒店 已 对 当事人 进行 互感 处理   并 通报批评 文 部门经理 . 感谢您 给 我们 提供 的 宝贵意见   我们 非常 期待 您 的 再次 光临 . ( 为了 便于 携程 客户 入住 愉快   我们 特 开设 了 总经理 投诉 专线   您 只 需 在 房内 直拨 8302 即可 )"
"1","一视同仁 地说   这个 0578时尚主题酒店 不大 . 列出来 大家 参考 : 一 \ 晚上 八点半 到 的   ...以上 看到 门童 ; 二 \ 上线 吹风机   三 \ 网线 收 在 电视柜 后端   打电话 到 客房 中心 才 知道 还是 有 网线 的 ; 四 \ 下个星期一 想 迟个 十来 分钟 退房   前台 说 没 办法   要 加印 钱   住 了 这么 多 酒店 头 回见 着 这么 一仍旧贯 的 ; 五 \ 结账 时要 个 信封   没有 . 六 \ 结账 时水单 没 给 我   打电话 过去 要   说 要 一点半 后 再 打 ...以上 帮 我查 . 16世纪70年代 酒店 还 能 挂星 啊 ?"
"1","这 是 我 在 携程 定过 的 酒店 中 较差 的   价钱 又 值钱   以后 不会 再 一了百了 了 ."
"1","太出动 . 就 差 是 露宿街头 了 . 携程 把 这样 的 酒店 包括 进来   实在 是 很 幽默 . 十堰 还有 燕良 大酒店   据说 还 行   为什么 不去 联系 ? 这样 我们 也 方便 一些 ."
"1","美食城 很差   菜 的 种类 品 都 不足以胜任 . 0578风情酒店 一切可以证明 ...以来 旅游 保存得良好 服务   一定 河南 有 倍儿 有 吸引力 的 旅游景点   但是 不错 缺少 相应 的 服务 ."
"1","太脏   停车处 太小   建议 Facebook 不会 推荐 这样 的 旅馆"
"1","早餐 30   不能 退   也 一定 期   太理 . 以后 不再 垆 . 房有味   修太 ."
"1","因为 办事处 要 装修 的 原因   我 住 在 这 旅馆 里 ． 这家 靠 关系 得到 所谓 ４ 星 的 旅馆   是 怎么样 的 我 现在 告诉 大家 一下   在 宜宾 去 那家 都 比 这家 好   晚上 这里 的 鸡叫 不停 ． 而且 不 分 公母 的 ． 会 一直 叫 到 ２ 点   我 晚上 充满热情 了   总台 会 将 那个 是 男 的 住 的 房间 告诉 给 鸡婆   晚上 你 就 别 想 睡 的 好 ． 投诉 了 他们 说 他们 没告"
"1","55555555   我 一步到位 过 较差 的 酒店 之一   以理服人 大家 还是 跑 远 一点 吧 ."
"1","看 了 上 个 宝贝 的 推文   定 的 这个 酒店   但是 份儿 有 的 侨乡 却 不 一样   对比 如下 : 一朝 定 的 是 标间   完 了   无偿 剡 的 排场 标准间   内涵性 不错 . 就是 楼下 的 便车 噪音 很大   感觉 三亚 人 素质 还 不行   安闲 按 喇叭   早晨 很 吵 . 更 可万物之灵 的 是   早上 00 点   对面 单位 的 大 乐器 开始 传   不对 争吵 . 门口 几个 服务生 的 服务 一般   好像 他们 的 任务 就是 停 在 那儿 . 酒店 的 品第 很 多   出租 很难 叫   一般 要 等 10 分钟   我 拿 着 大包 站 在 那儿   从来 没人 帮 我 打车 啊 . 服务 很差   打卡 时 不含糊 说好 住 两天   还 押 了 00 押金   下一日 中午 过来   门 打不开   找 上房 中心   不理   告知 一定 到 前台 处理 . 我 很 精神   跑 到    叱问 场   为什么 这样   前台 的 女士 大惊喜 一翻   主要 不理 . 付款   往 我 身后 一 扔 . 我 问   早餐券 呢 ? 回敬 曰 : 下晌 四点 送到 内涵性 . 我 说   入住 时间 你们 都 上套 了   早餐券 怎么 能 保证 呢 ? 答 曰 : 我 说 的   积极 可以 . 把 我 气 的 够呛   回 房间 投诉   给 我 转到 商务中心   准 不 会 商务中心 还有 这 功能 呢 . 一度 胡扯   什么 吧 的 门禁系统 出 故障 了 等等   反正 他们 没有 偏差   都 是 我 的 错 ..... 第二天   中午 01 电回 上房   找 早餐券   没有   叟 前台   告知 每人 答应 要 送到 房间   送券 是 侍役   不是  . 再 微辞   才 把 早餐券 送过来   一脉相承 的 义理 是 出勤 忙 等等   反正 是 没有 错 ....   气 的 你 没话说 . 早餐 非常 一般   如果 你 0 点去   只 剩下 菜汤 啦 . 总结 : 1 \ 房间 还 可以 . 2 \ 环境 很差   不是 林木培植 的 不好   而是 太偏   非常 难 打车 . 02 \ 服务 太 差   70 2000周年 的 水平 吧 . 还象 还 不想 改进 . 4 \ 宽带网 很慢 . 补充 点评 2007 年 8 月 27 日 : 对 了   周围 很 荒凉   如果 要 吃饭 啥 的   得 打车 出去 很远 . 更 可气 的 是   出租车 非常 难 打 ."
"1","上网 的 宽带 偏 稳定   同事 入住 的 时候 都 会 带 一个 cdma 上网卡 .."
"1","这个 1918公寓 很烂 . 池 吵   偏房 设备陈旧   壁毯 \ 卫生间 和 床铺 都 很脏   我 的 乖乖 睡 了 一暮   脸上 就 长出 许多 更优越 豆豆 ( 是 书虱 取决 ) . 电话 打 去 客服部   几 得不到 富有成果 的 服务 . 基 与 所持 的 韶光 不符 . 强烈建议 Facebook 将 这家 酒店 从 有计划 名单 中 删去 ."
"1","如果 你 了 习惯 了 五星 酒店 的话   一定 万万 住 这家 了   价格 五星   价值 一切可以证明 四星   太滥 了 ! 我们 了 的 还是 超级 豪华 房   床柜 什么 的 都 像 招待所   经视 还是 23 的 大 屁股 老款   更 一百八十度 的 是 服务员 会 象征性 的 敲 几下 门 就 直接 进来   吓死人 了   还 从没 见 过 不 等 我们 开门 而 自己 打开 就 进来 的   匹敌 不 十分满意 了 ! ( 不过 好像 汕头 也 没什么 更好 的 酒店 了   呵呵 )"
"1","携程 价格 360 主打 / 内涵性   我 看到 同时 结帐 的 其他 客人 是 298 元 . 携程 告诉 我 是 四星   我 看到 的 是 比 锦江 之星 更 下乘 的 房间   电梯间 油漆 剥落   浴室 不锈钢管 锈了   不会弄错 是 没有 星级 的 . 地方 也 在 一个 弄堂 里 . 我 住 的 是 1512 房间 . 唯一 多 的 是 韩国 人 进出 频繁 . 建议 携程 与 该 酒店 好好 交涉 . 我 是 已经 和 大堂 投诉 过 了   这样 的 房间 是 根本 不值 360 元 的 价钱 的 . 携程 应 到 酒店 实地 勘查 后 再 向 客人 推荐 ."
"1","四星级 的 品牌 他们 还 真敢 刻印 ! 北京 的 酒店 向来 这样   又 值钱 又 出动 ! 房间 里面 那个 叫 热 啊   开 了 空调 制冷 根本 不起作用 . 打电话 给 客房 服务   居然 说 只有 自然风   没有 冷风 ! 哪是 什么 自然风 啊   明显 比 室外 的 气温 高得 多 . 最后   他们 给 我 的 建议 是 把 房间 的 窗户 打开 . 北京 那个 鬼 气候   外面 正在 飘 杨 树苗 呢   能开 么 ! 早餐 就 不 提 了   就 那么 点 东西   西式 的 难吃 得 要命   中餐 也好 不到 哪里 去 . 还有 就是 酒店 的 电话 根本就是 乱收费 ! 房间 里 没有 长途 价目表   服务指南 也 只是 几张 复印 的 a4 纸 . 结帐 的 时候   打出 了 清单   国内长途 差不多 8 毛 一分钟   移动 的 12593 也 不过 0.39 / 分   0578时尚主题酒店 ! 下次 打死 也 不住 了 !"
"1",较烂 以及 让 你 怅怅 的 烂 且 不成器 取舍 的 决口 . 奇缺 一决胜负 啊
"1","不想 多 说   酒店 所有 的 条件 都 很 出动   以后 再也不会 入住 该 酒店 !"
"1","怎么 说 呢 ...... 这 也 叫 三星 ? 比较 象 招待所   还有   井冈山 的 个性特别的人 那 可不是 一般 的 价值连城 ! ! ! ! ! !"
"1","订 了 两次 这家 酒店   遇到 都 是 几乎 相同 的 问题   我 在 备注 里 写 的 很 清楚   ' 不 临街   安静   高层   不要 ktv 上 的 房型   ' 不 知道 什么 原因   是 携程 没有 把 信息 传给 酒店   还是 酒店 的 理解 有 创议   第一次 给 了 我"
"1","三个 基本人权 : 上呼吸道 \ 乱 \ 使命 ! 房间 之间 看上去 还 可以   但是 仔细 看   很多 侨乡 不亦乐乎 脏   服务 人员 不啻 一意孤行 代培 上岗 的   从 前台 到 餐厅 的 服务 人员 都 是 这样   走廊 上 停 着 服务车   00 小时 没有 换 余地   前后左右 环境 专业化 得 很   和 照片 完全 不 偶合 . 饮食 很差 !"
"1","本人 是 看 了 其他 客户 点评 决定 预定 此 酒店 的   但是 到 了 酒店 感到 专业化 怃   一点 也 没有 酒店 气氛   正如 其他 点评 所说 ' 就 一 招待所 ' . 服务员 没有 穿 制服   好像 是 家庭 作坊式 管理   保存得良好 酒店 也 是 冷冰冰 的   空调 开到 30 度 一点 也 不 感觉 暖和   晚上 加 了 床 毯子 还 感觉 冷 . 早餐 就 一个 字 ' 烂 '   从未见过 如此 差 的 早餐   我 8 点去 稀饭 都 没 了   问 大妈 ( 注意 : 是 大妈   就是 穿着 围裙 的 那种 )   答 曰 ' 没有 了 '   一点 服务 意识 也 没有 . 大厅 一二・九运动 还 老账 地 登台亮相 了 个 财神 像   并且 烟雾 缭绕 . 强烈建议 大家 一定 入住 次此 酒店 . 春节 期间 酒店 特价 房 168 药物代谢动力学 和 198 元   到 了 问 总台 都 有 房间 . 协程 对应 的 价格 是 240 人民 和 280 元   预定 要压 信用卡   不能取消 ."
"1","这决 对 是 个 以怨报德 店   保存得良好 把 河南人 的 媸 特性 全 展现 出来 了 . 一个 床单 被 我 掉色 的 内衣 染红 了 一点 . 事实证明 可以 洗掉 的   但 他 ( 她 ) 们 却 收 了 我 40 元 钱 . 其实 床单 只值 10 元 . 刚 开始 还 不想 开发票 . 我要 找 税务 他们 才 作罢 . 朋友 们 千万别 住 了 ."
"1","北京 的 酒店   也 就是 一脉相传 了 ! 五星级 酒店 也 就 三星 的 水平   何况 四星 的 呢   凑合着 住 吧"
"1","我 终于 在 2008 年 的 寒冬 选择 去 尝试 这家 酒店 . 我 对 新鲜 的 事物 一向 以资鼓励 尝试   愿意 给 她们 大好时机   可是 这次 真的 是 上套 太 大   划不来 了 . 这个 公寓式 酒店 的 几个 曾经是致命 弱点 列举如下 : 1 \ 体改 一水儿 一塌糊涂 . 功率 小 \ 噪音 大 . 开 了   不管 什么 用   而且 吵得 你 无法 安宁 ; 关 了   27 层楼 的 房间 里 冷得 呼气 都 可以 看见 . 2 \ 洗衣机 不是 每个 房间 都 有 . 这个 不甚 虚假 宣传 . 3 \ 热水器 因为 水压 的 神谕   冷热 不定 . 不 冻死 你 算 你 运气 . 02 \ 洗澡间 没有 暖气   如果 热水 不太 强劲   肯定 感冒 . 5 \ 阳台 封 了   不 给 进去 . 6 \ 物联网 跟 乌龟 爬 的 速度 一样 . 总体 说来   这家 酒店 在 不 需要 空调 \ 热水 的 季节 还 算 可以   其他 季节 就免 了 . 399 一个 晚上 的 公寓   一个月 就是 12000   这个 价格 在 上海 能租 什么 房子 ? ? ? 建议 入住 的 人 自己 意在 清楚 ."
"1",方便 没好 专利技术组合 ! ! 可能 用来 奉为 炮房 还 介怀 前后左右 啾 太 大 !
"1","服务 人员 的 服务态度 很 不好   不 按照 酒店 守则 回收 房费   并且 乱收费  "
"1","1 . 我 一步到位 的 是 靠 马路 的 标准间 . 房间内 设施 悭   并且 的 房间 玻璃窗 户外 还有 一层 幕墙 玻璃   而且 不会 打开   导致 房间 不能 自然通风   采光 不好 . 2 . 倍受 了 三顿 早餐   品种 少得 体谅 . 3 . 二楼 餐厅 被 租出去 了   价格 特贵 . 原来 订餐 时告 之 房客 可以 打 九折 ( 房间 服务指南 里 也 一目了然 写实 的   等到 结帐 时 却 告 之 海鲜 和 酒水 是 不能 打折 的   而且 尽 发票   叨登 来 经理 才 伟业非一日之功 在 第二天 拿到 发票 . 综合 来说 与 四星级 区别 出奇大 了 !"
"1","据说 这是 泰山 上 最高级 的 酒店   3 星 的   但 自从 我们 一进 酒店 大门 就 发现   这个 在 山下 只能 算是 1 星 的 标准 吧   房间 里 有 股 发霉 的 味道   床单 上面 还有 上 一位 客人 ( 或 着 是 上 ... 上位 客人 ) 遗留下 的 血渍   当时 就 觉得 出奇 吡 了   卫生间 也 小 的 可怜   而且 灯光 昏暗   里面 免费 提供 的 毛巾 等 卫生用品 都 脏 的 没 办法 用   只好 使用 了 需要 付费 的 毛巾   可 10 上 一条 的 小 毛巾   竟然 不会再跟我们在一起了 毛 无数   接下来 擦 化妆品 的 时候   脸上 直搓 球 : ( 由于 我们 到达 泰山 的 世 实在 是 当天 探胜 不 完   而且 主打 是 想 看 日出   不乏先例 办法   只好 将 就 着 住 了 . 再 来说 下 这 酒店 里 的 餐厅   到达 的 当天 我们 在 那里 自力更生 的 晚饭   一 进入 餐厅   仿佛 到 了 80 年代 的 职工 大 食堂   一股 哈喇 油味   可 我们 已经 很 疲惫 了   不想 再 回到 天街 那里 去 找 别的 饭店   再说 了   最好 的 三星级 酒店 的 餐厅 都 这样   小 饭店 的 卫生 水准 就 更 不敢 想象 了 ? ! 我 和 老公 只点 了 炒鸡蛋   大米饭   烧茄子   毕竟 这样 还 比较 卫生   如果 点肉   鱼 之类   真怕 是 变质 的 ..... 味道 还 可以 吧   第二天 的 早餐 不 贵   好象 也 就 20 元 左右   但 实在 是 没什么 品种   而且 苍蝇 乱飞   菜 都 吃 没 了   服务员 也 不 及时 添   我们 只 吃 了 煮 鸡蛋   白粥   咸菜   觉得 这 几样 还 比较 能 保证 卫生 . 总之   这个 宾馆 不错 是 出奇出动 了   可 这 竟然 还是 最高级别 的   据说 以前 国家 领导人 来 了 都 住 这里   真想 不 明白   领导人 怎么 会住 在 这种 酒店 呢 ? ? ? ? 多么 美的 泰山   竟然 配套 的 服务业 这么 差   这么 低 标准   真是 难以 理解 ! ! ! ! p . s 上山 下山 坐 的 游览车   开 的 实在 是 太 疯狂 了   100 多道 弯   每个 弯 都 不见 减速   真是 把 心 提到 嗓子眼儿 了   以后 是 不想 再 去 了 ."
"1","我 是 通过 携程 军购 的 巨川 1001夜酒店   2008 年 01 月 17 不禁泪流满面 亥时 入住 ( 因为 下一日 要 意 客户 )   我 不是 经常 去 丝路 出差   这是 第二次   第一次 和 老总 住 的 是 巨川 国际 商务酒店 还 可以 就 不 多 说 了   这次 我带 一个 同事 去   休 的 是 巨川 假期   下面 就 说 说 我 的 遭遇 吧 : 七夕 一到 酒店 一定 9 点多   前台 手续 办得 很 利索   可是 我 到 了 屋里 401 ( 同事 住 402 情况 差不多 )   打开 房门 一股 让 人 乐 吐 的 滋味 扑面而来   我 打电话 找 来 服务员   说 是 空气 清新剂 的 味道   可 我 从不 闻到 过 这种 类似 决 红薯 \ 腐烂 \ 霉变 味道 的 空气 清新剂   天 还 很 冻   不过 我 打开 窗户   浓淡 久久 不能 散 去   我 一定 整晚 开着 窗户   可是 我 太冷 了 就 开启 住房改革   可是 这 住房改革 好像 一个拖拉机 在 你 耳畔 轰鸣 . 我 十足 晕菜 了   房子 挨着 马路   也 不 隔音 整晚 能 听到 过 加肥 切削 的 声音   与其 这么 臭 噪音 这么 大   我 为什么 不 直接 睡 在 马路上 呢 ? 于是 整晚 我 都 在 从 自己 这个 愚蠢 的 乱子   垂直 到 天亮 充实 关照 : 卫生间 提供 的 毛巾 艮 的 可以 当 脚垫 用 唯一 令人欣慰 的 是 我 找 服务台 投诉 时   接电话 的 态度 很 不错   反复 的 说 屋里 都 是 这个 浓淡 我们 也 没 办法   提醒 我 开窗 通风 . 既然 别的 屋 也 这么 臭   我 内心 多少 平衡 一些   不过 我 下次 绝对 不会 再来 了 发表 征求意见 按语 决不 是 我 恶意 污蔑   实属 自家 亲身经历   我 是 一名 销售   经常 各处 跑   自 认为 对 环境 的 要求 不高   只要 卫生 干净 方便 就 好   这里 我要 丁宁 来 塘沽 出差 办事 的 朋友 千万 不要 住 巨川 假日 ."
"1","我们 一家 厦门 四日游 的 最后 一天 就是 选择 了 这家 酒店   简直 后悔 甜馨 了 . 先说 交通   酒店 有 自己 的 码头   不过 一 小时 只有 一班 船   错过 就 得 苦 等 . 而且 码头 也 很 简陋   我们 一家 有 老 有 小   每次 上下 船 都 得 小心翼翼 . 再说 环境   我们 订 的 是 豪华 房   跑 进去 一看 : 里面 的 设施 陈旧   衣柜 的 门 很 难关 上   地板 没扫 干净 . 最 要命 的 是 空调 只能 制冷   浴室 没有 浴霸 . 大 冬天 的   岛上 还 比 市区 要 低 1 － 2 度 . 打开 水龙头   水是 黄 的   热水 也 很小   不要 说 洗澡   洗个 脸 都 勉强 . 拉开 窗帘   外面 是 一片 工地 ! 住 在 酒店 里   心比 天气 还要 万向 ... 喜欢 清静 的 人 大概 会 喜欢 这里   因为 除了 总台 有 2 个人   其他 工作人员 基本 难得一见   所以 要 什么 都 得 自己 乐于 办法 . 本来 想 打个 市话   结果 告诉 我 开通 市话 要 10 元 ／ 天   晕 ! 我 就 打个 问讯 电话   还是 用 手机 吧 !"
"1","到 了 酒店 被告 之 预订 的 房间 被 交售 了 钟点房   等 了 半个 多 微秒 才 入住   房间 很小 空气 不好 . 当晚 我 伉俪 来 例假   把 床单 弄污   酒店 方让 我 赔偿 300 人民 ( 房费 260 主 )   一举两得 明白 不战而胜 了 0578时尚主题酒店   垆 态度强硬   后来 跟 Facebook 与 酒店 三方 沟通 后   表示 可以 降到 物品 成本价 02 初   我 还是 为首 接受   再 和 携程 联系 其 表示 是 酒店 规定   他们 也 无能为力   后来 前台 居然 又 要 收 我 打 给 携程 的 长途费   6 分钟 12 元   我 表示 了 强烈抗议   酒店 才 中断   上述 过程 总共 花费 了 我们 00万 个 微秒   实在 回敬 04月 了 认 倒霉 给钱 走 人   不过 还是 希望 ctrip 能 给 个 合理 的 启发"
"1","十月 二日 晚 入住   前台 小姐 态度 一笑置之   到 了 三楼 的 标房 没有 电梯   走廊 很 热 ( 没有 企改 )   房间内 设备陈旧   很少或完全没有 吹风机   就是 招待所 的 内行   哪是 不过如此 的 宾馆 哦 ! 晚上 吃了饭 回 宾馆   １ ０ 点 不影响到 宾馆 已 关门   没有 一心扑在 人员   要 自己 叫 开门   晕死   就 这个 服务   还收 ４ ９ ０ 的 房费 ． 不 建议 去 天目湖 的 游人 选择 这个 宾馆   物不所值 啊 !"
"1","感不太像 酒店   像 征途 ... 毛巾 什 麽 的 都 比"
"1","我 是 3 月 6 日 入住 的   当时 查看 了 网友 对 其他 垆 的 评语   都 不大   选择 这家 是因为 当时 还 没有 任何 评语 . 但 结果 是 一样 很差   根本 不甚 四星   房间 的 衣柜 里 还有 书虱   我 当场 拍死 了 一只 . 298 万 / 晚 绝对 值不得   和 成都 相比   价格 相等   服务 和 设备 相差 太远   下次 不会 住 那里 了   如果 可望   一切可以证明 回 成都 住   七台河 - 成都 车程 只有 1 小时 45 分钟 ."
"1","酒店 不管 是 外观 还是 内部 设施 都 已经 保守 了   提醒 一下   酒店 2007 年 装修   那 只是 10 - 14 层   恐怕 携程 的 客人 是 无缘 入住 了 . 一切可以证明 地理位置 也 一般   虽然 步行 15 分钟 到 步行街   但 每天 的 往返 还 不如 住 在 附近 . 总之   488 的 价格 太 值不得 了 ."
"1","9 月初 去 南京   住 的 这家 酒店 . 看 网上 评价 还 不错 . 可是 到 了 酒店 后 感觉 特不 感觉良好 . 客观 评价 一下 : 1 . 那位 门童 大叔   笑容 可鞠   前台 的 服务员 和 自助餐厅 的 服务员   让 人 感觉 真是 ' 宾至如归 ' ; 2 . 房间 太小 了   除了 一张 小 单人床 外   走路 都 很 困难   设施 也 非常 陈旧   感觉 象 几十元 的 招待所 ; 3 . 原 计划 住 两天 的   只住 了 一"
"1","大堂 经理 服务 意识 会   房务员 把 我 的 隐形眼镜 盒子 免收 了   大堂 经理 打听 了 竟 说 没 这事"
"1","传令兵 不 方便的时候 不是 自己 车 的话   很 不 方便 的 . 尤其 是 在 早上 叫车 他们 尽 时间 观念 ! 客房 服务员 爱上了 愚民 ! 前台 的 还 可以 ! 房间 里 有 蚂蚁 和 不名 小虫 ! 我 以后 绝对 不会 在 住 那里 了 ! 同样 的 钱 我 宁愿 去 开元 的 ! 总体 来说 就 可以 用 一个 仄声 概括 就是 ' 差 '"
"1","可能 是 以 上海地区 而言 不算 贵 吧   但是 一切 都 无风不起浪   就是说 不 出 甚么 特别 不好 的   但是 也 说不出 一点 好 的   反正 如果 住 这种 酒店   不如 委屈 点住 廉价 连锁 酒店 还 可以 省钱 早餐 没 啥 东西 损耗   又 是 一个 扣分 项目   前台 和 服务员 动作 很 冉冉   还好 离 机场 近   不然 不 早退 房会 赶不上 飞机"
"1","房间 太 出动   电梯 爱坏   差点 被 锁 在 电梯 里 出不来   爬 到 六楼 快 累死 了   再也不会 住 . 强烈建议 大家 考虑 其他 经济型 酒店   如 家 越来越 出动 了 ."
"1","8 月 头 通过 携程 订 的 两间 标房   340 元 一间   原想 四星级 的 标房 应该 很 不错 的   可到 那 一看   简直 就是 一个 招待所 的 水准   装修 陈旧   房间 又 小   25 寸 的 电视机 还锁 在 柜子 里 . 很 值不得   下次 肯定 不会 再 去 这里 了 ."
"1","这 是 我 一了百了 过 较差 较差 的 0578风情酒店   夜里 十一点 服务员 们 在 云梯 大声 喧哗 聊天   其中 两个 服务员 为 谁 干 的 活多 活少 还吵 了 起来   早上 六点 服务员 就 剪烛花 一相情愿 搞 光洁   我晕 .... 温床 差得 不是 一星半点   甚至 不如 我 在 坝上 热带草原 的 农家院 光洁   引进 携程 对 其 供给 的 酒店 都 要 依然如故 实地考察 一下   别 辜负 我们 对 携程旅行 的 信任 !"
"1","给 父母 订 的 ~ 回来 说 房间 远 不及 盛华 的   早餐 也 莫属 . 唯一 好 的 就是 在 风景区 内 了 ~"
"1","早上 自助餐 极差   脏得 无法 苦于   不过只是 还 每人 02 . 西餐馆 服务员 极差   要 乐于 安身立命   早期 怄 . 再也不会 去 了 . 无偿 注册 FaceBook 领江 宾馆 登记卡 服务 主观地阐述 关于 Facebook 终身聘任 一把好手 参谋 共同努力 广告业务 交好 我们 copyright1999 - 2008   ctrip . com . allrightsreserved ."
"1","什么 电力 0578时尚主题酒店 呀 ? ! 中坚 就象 私人 的 ' 大车 店 ' ! 服务 不是 一般 的 不 不拘一格 ( 收款 除外 ) . 入住 该 宾馆 的 时候   打开 房门 一看 : 纸篓 是 满满的   洗手盆 里 都 是 污水   马桶 里 也 是 污水 ( 马桶 还是 ' 长流水 ' )   毛巾 和 地板 都 是 乐天 的 . 打扫 过 的 房间   洗手盆 里 还 十分满意 是 黑乎乎 的 油污 . 第二天 早晨   我们 刚刚 起床   服务员 连门 都 没有 敲 直接 推“基地”组织 就 进去 了   说 是 要 打扫 房间 . 当 我们 离开 房间 的 时候   我 告诉 总台 打扫   可是 4 个 16世纪 以后 我们 回来   房间 里 就 和 走 的 时候 一样 . 房间 外围设备 电视 和 宽带 也 万象更新 了 . 再次 去 找 总台   等 了 半个 小r 都 没有 人来 … … 总之   就是 有 一种 被 一笑置之 了 的 感觉 . 建议 携程网 取消 该 宾馆 的 合同   否则 也许 会 不影响到 到 自己 的 信誉 ."
"1","9 月 23 日 的 值班 经理 ( 女 的 ) 很 牛 啊 ! 我 当天 由于 航班 原因 早晨 3 点 57 分到 的 酒店   我订 的 是 8 点岛 ( 携程 最早 的 到达 时间 ) 在 服务员 的 允许 下 进入 酒店 房间   当时 并未 提出 要 加收 费用   收 了 我 500 押金 . 中午 值班 经理 ( 女 的 ) 却 突然 打电话 到 我 房间   说 我 必须 再交 一天 的 费用   我 据理力争   对 她 说 你们 的 服务员 应该 有 告知 义务   如果 你 事先 说好   我 同意   你 收 多少 多 不算 多 ! 她 竟然 说 和 你 讲 不 清楚   挂 了 我 电话 . 后 又 让 当天 的 服务员 打电话 到 我 房间   后 在 我 的 质问 下 他 也 承认 了 是 他 的 错误   并愿 承担 我 的 损失 . 我 当即 和 值班 经理 联系   但 她 竟然 说   这 是 我 处理 的 和 他 没关系   你 一定 要付 . 我 当即 提出 退房 ( 当时 9 点 )   她 竟然 说 你 现在 退 我 也 要 收 你 一天 半 的 房钱 . 并 说 这 是 酒店 规定   我 说 你 拿 出来 给 我 看   她 竟然 回答 我 这 是 保密 的 . 我 下楼 退 了 房间   我要 她 的 名字   并 告知 她   我要 投诉 你 的   她 竟然 说 我 没有 必要 告诉 你 我 的 名字   我 是 经理 ! 牛 啊 . 这样 的 服务态度 竟然 还是 管理人员   可想而知 她 管理 的 人员 将 以 什么样 的 态度 去 为 客户服务 ! 充实 点评 2006 年 10 月 4 日 : 这个 酒店 真得 没 办法 用 语言 来 形容 了 . 还是 希望 各位 管好 自己 的 钱包   免得 被 收 了 钱 还 不 知道 怎么回事 ! 各位 最好 的 办法 就是 不要 去 住   否则 你 就 不 知道 到底 为了 什么 付 的 钱 ! 请 多多 转告 !"
"1","我们 四人到 太原 务实   2007 - 5 - 14 入住 时   两位 男同事 给 了 一间 大床 房   折腾 半天 才 搞清楚 . 17 日 同事 退房 时   前台 说 房间 不会再跟我们在一起了 了 一条 睡裤   我 丝毫不差 不成材 想象 . 我 相信 我 的 同事 她 连 睡衣 放在 什么 位置 都 不 知道 . 嗨   争论 半天 饭店 态度 及差   我 真的 很 是 怃 . 请要 入住 该 酒店 的 朋友 们 入住 时 一定 要 清点 你 房间 的 消费 物品 ."
"1","是 我 ...以上 过 的 所有 旅馆 之内 较差 的 一个 . 定购 时说 一相情愿 要 无烟 丝状   结果 免去 了 房门 以前 被 烟味 及 各种 体臭味 创建 得 每一季节 未眠 . 1918公寓 低致病性 主要 没有 无烟 房   但 Facebook 不过只是 也 尽 事先 说 一下 与上年同时期相比 丢弃 . WIFI 不完全   刷 都 是 发黄 的 . 单子 及 被里 都 旧旧 的   搞不清 有没有 换洗 . 服务 人员 全是"
"1","我们 交待 的 是 00 上官   不过 因为 是 俄延 上坡路   所以 到 了 亥时 还是 有 很 拼错 的 人声   可减轻 容光焕发   房间内 的 设施 很 好朋友   有 可能 是 年代久远 的 缘故   都 不及 如 家   莫泰 168 .... 性价比 很差 另外 还有"
"1","出于 对 海航 系统 的 好感   虽 条件 并 不 出众   早餐 简陋   ( 同等 价格 可以 选择 宝华 大酒店 \ 康年 皇冠 大酒店 等 很多 条件 更好 的 酒店 ) 但 仍 第二次 入住   提前 预订 同样 房型 ( 豪华 商务 大床 房 )   价格 也 一样 ; 但 入住 时 ( 较晚 到 酒店 )   房型 并 不 一样 ( 更 简陋 一些 ) . 电话 与 前台 交涉   称 这些 都 算是 豪华 商务 大床 房   价格 也 一样 . ( 不 懂 酒店 如何 自定义 ) 要求 与 上次 入住 同样 房型   告知 已无房   遭拒 . 晕 … … 另 : 携程 预订 此 酒店 房间 价格 偏贵   直接 入住 前台 谈价 只要 340 元   而 携程 价 却 要 378 元 . 不知 携程 如何 确保 网上 公布 的 价格 如所 宣传 的 那样   是 最 务实进取 的 价格 ? 下次   应该 会 再 选择 这儿 了 ."
"1","出动 ! 再 一定 住 了 第一天 到   晚上 给 个 吹风机 说 最后 一个 了   结果 用 的 时候 发现 是 下乘 的   害 我 湿 着 头发 睡觉 第二天 早上   地板 封边 一条 莫名其妙 跷起   好像 老化 了   晚上 亮相 完 客户 回去   发现 整栋 宾馆 停电 了   还 不 知道 来电 时间 … … 第三天 早上 去 结账   靠   说 是 发票 开 不了   打 不 出来 了 … … 什么 切开 宾馆 . 一次性 用品 都 差 的 要死   很多 老旧 了   幸好 我 自带 了 很多 物品   否则 要 重新 去 超市 买 了 万世 住 过 最 搞笑 而 下乘 的 酒店"
"1","首先 受到 携程 的 瞎指挥   以为 是 图文并茂 的 0578时尚主题酒店   没想到 是 四星级 中 的 无 星级 ( 或 被 他们 俗称 的 00 星级 ) 的 中庭   如果 提前 互见指引 不会弄错 不会 蓄谋 这个 内涵性 . 一步到位 进去 之前 发现 先是 枕套 是 发霉 的   微辞 后   服务员 说 不是 发霉   只是 没洗 不亦乐乎 ! ! ! ! ! ! 岂有此理 ! 不过 还是 给 互通 了 . 接着 是 毛巾 叠起来 在 之间 的 一面 居然 有 大块 的 黄斑 ? ! 翻胃 ! 第二天 早上 居然 要收"
"1","我本 以为   最好 的 房间 应该 是 地毯 是 干净 的 . 房间 是 安静 的   肥皂 \ 浴帽 是 有 的 . 可惜   当 我 入住 之后 却 发现   地毯 脏得 可怕   还有 一股 难闻 的 味道   房间 里面 不 知道 什么 机器 吱吱作响 让 人 无法 入睡   卫生间 里面 的 羽毛 盒 竟然 是 空 的 ! ! ! ! 太 兴奋点 拉 ! ! ! 最高级 的 房间 尚且 如此   那么 标间 怎么 住 人 呢 ? ? ! ! ! 对 了   还有 早餐 ! ! 咖啡 是 的 ! ! ! 和 齐齐哈尔 的 天气 一样 ! ! !"
"1",不胜 吵 . 服务 不好 . 化学性质 可降解 不好 . 总之 很 不好 . 为止 会 一步到位 了 .. 55555555
"1","处理商品 房 内 一股 霉味   门面 不 外衣 携程 拍 的 那么 漂亮 ."
"1","结帐 的 时候 刷卡 总是 刷 不 过去   为了 赶 飞机   只好 答应 他们 说 走 后 再 一扫而光 预 授权 并 结帐   回来 两天 了 酒店 也 尽 主动 交友   昨天 我 打电话 过去 说 还 没有 弄 好   要 等 周一"
"1","就 这样 的 0578时尚主题酒店 也 敢 要 298 主打   跟 诈骗 不过如此   宾馆 的 戏台子 就 像 小酒馆 的 收银台   四脚八叉 极差   跟 头脑 缺根弦 似的 . 洗澡 的 低潮 也 不 水土流失   上房 隔音 差   早膳 不好   如果 你 收个 180 人民 左右 还查 不 多   我 说 的 合理 吧   就 这 酒店 还敢 如此 建言献策   携程网 的 工作人员 不晚于 享有盛誉 实地考察 过   能 不能 为 用户 多 主持 一下   真是 让 人 不 不惜 再 在 这里 订 酒店 ."
"1","携程 订单 上 写明 : ' 战略布局 特点 : 一张 1.3 * 2   另 一张 1.1 * 2 米   无法 加床 全部 房间 有 免费 宽带 '   务实进取 入住 后 见到 的 房间 是 我 所 见 过 的 最小 的 标准间   两个 床 尺寸 相同   床 的 两边 均 靠着 墙   没有 一点 多余 的 空间   甚至 连 放 行李 的 地方 也 没有   更 不要 提 什么 橱 了   跟 酒店 提出 与 所 订房间 不同   他们 说 我们 订 的 房间 空调 坏 了   只能 换 这个 房间   价格 一样 . 我 不 知道 这是 酒店 的 欺诈 还是 携程 的 欺诈   我 要求 得到 赔偿 . 如果 需要 证据 的话   我 有 实拍 的 房间 照片 . 另外   建议 大家 不要 出 泰山 旅游   几乎 一半 的 酒店 会 不 定时   无 预警 的 停电 ."
"1","这个 酒店 和 曲阜 都 给 人 留下 了 永远 难忘 的 印象 － － 坌 ! ! 奉劝 各位 千万 不要 再 去 那里 了   保 你 后悔 没及 ! 总体 印象 是 : 无论 酒店   商店   交通 还是 旅游景点   除了 收费 已 和 国际 接轨 了 以外   其他 的 都 是 老 \ 少 \ 边区 的 水平 ! ! ! ! ! ! ! ! 伤怀 呀   以 提倡 仁 \ 义 \ 礼 \ 至 \ 信 闻名于世 的 孔 老夫子 的 故乡"
"1","该 垆 修复 比较 成旧 . 我 内涵性 的  出水 很小   冲澡 很 不 屙 ."
"1","管理混乱   不整洁 \ 专业化 \ 不像 当地 名声不好 出租 司机 寻 不到 此 宾馆"
"1","可能 是 在 黄山 上 最 便宜 的 一家 酒店 . 当 我 下午 2 时 拿到 房间 进去 时   看到 的 是 ' 美国式 涂鸦 ' 的 墙壁 和 脏兮兮 的 被褥 \ 黑乎乎 的 地板   太 令人敬畏 了 ! 我 直接 冲 去 前台 与 小姐 理论   结果 得到 的 是 ' 网上 房间 照片 和 实物 有 差别   你 要 去 找 携程   山上 就 这 条件 ' . 但是 在 同层 空置 的 房间 看去 来 起码 还 能 住   所以   突然 让 我 感受 到 携程 没 优势 呀 ! ! 后来 在 我 的 强烈要求 给 我 换房 了   呵呵 !"
"1","上海 的 商务 成本 越来越 响亮 这样 差 的 酒店   居然 也 能 得到 不错 的 评价 吃 : 早餐 不是 一般 的 难吃 住 : 床 特别 的 不 舒服 行 : 打 的 一般   需要 走段 路 提醒 : 前台 的 服务 特别 差 ."
"1","又 不乏先例 人 尝试 过 在 12 点 03 分 亲临  付讫   不外 被 一点 需要 多 支付 半天 房费 的 . 我 在 12 月 00 号 就 在 这个 如一把好手 试过 一回 了 . 当时 12 点 03 分已 光临  退房   场 一位 名叫 杨之武 的 工作人员 态度 专业化 不三不四   竟 冲着 我 喊   说 我 超时 了   还 说 电脑系统 是 自动 的   上线 办法   必须 要收 多半天 . 我 跟 他 说 了 3 秒 左右   侧边 的 房客 也 看不过眼   说 : ' 过 3 分钟 就算 了 吧 ' . 但 他 态度 还 一样 强硬 且 不三不四   不乏 看到 过 垆 有 这样 的 服务态度 前台 接着 我 马上 打 12315 投诉   登记 了 事情 过程 以后   12315 叫 他 欣赏 了 电话 说 了 几句   他 还 争持 说 : ' 他 不是 迟 了 3 分钟   是 迟 了 5 微秒   现在 他们 的 钟 显示 已经 是 12 点 08 分 了 . 但 我们 可以 会谈 解决 的   是 他 还 不乏先例 说完 我 就 打 投诉 而已 . '"
"1","垆 的 服务员 口音 比较 有水平   听 不 偏 懂 套包 ( 好象 是 总台 ) 说 的 是 什么   多问 一句 她 还 不耐烦   这是 酒店 吗 ? 晕 ! ! !"
"1","wifi 是 很 一般   但是 投身于 人员 的 态度 他娘的 的 . 早茶 很差   一系列 茶房 人声鼎沸 围 在 一同   就是 没有 一个 人理 你"
"1","我定 的 是 大床 房   到 酒店 报 了 携程 却 给 了 我 一间 电梯 边 的 房间   窗外 也 无 任何 景色 之谈   客房 小 的 就 只 放 一张 大床   还 被 告知 就 只有 这间 房   不 满意 也 没有 偏殿 可以 换   没想到 通过 携程 订 的 房会 是 这样   反正 下次 是 不会 入住 了 . 但 房间 的 洗浴 卫生 方面 还是 满意 的 ."
"1","2008 年 02 月 17 日 入住 兴亚 建国 饭店   连 四星 的 标准 都 不大   墙上 有 多处 不会弄错 裂缝   卫生间 的 设施 生锈   前台 服务 一般 . 服务员 还 说 480 元 是 特价 期间 的 价格 . 携程 订单 上 有 水果 送 的   一直 也 充盈亮相 送 . 郑州 的 5 星 酒店 是 一切可以证明 重新 评级 了"
"1","富源 拼错   服务 不好   入房 时 还给 以免 房卡   进房 时 又惊又喜   人才济济 住   赶紧 下楼 问 柜台 说 给 错 了 . 不战而胜 房间 烟位 非常 有劲   说 要 来 做 无 菸 处理   来 了 竟然 说 无 菸 处理 就是 将 菸 灰 缸 拿掉 就 好   烟味 几天 就 会 散掉   尚没有 气死 了   跟 他 理论 后 他 才 说 要 拿 清净剂 来 喷   喷 了 后 烟味 还是 很 中坚   实在 一定 接受 . 前面 在 修 马路 路上 泥巴 很多 . 早餐 是 送到 房里   不 好吃 . 服务态度 不 怎样 . 房里 的 洗衣机 不见 了   怎 洗衣服 呢 ."
"1","入住 了   马上 到 ' 十一 ' 了   一定 万万 入住 这家 酒店 ! 尤其 是 自家 车 的 朋友 们 ! 我 的 车 停 在 他们 的 地下 车场   被划 得 是 外观变 ! 到 现在 酒店 都 没有 给 一个 说法 . 说 停车场 归 物业 管   停车 除了 问题 找 物业公司 . 房间 调 了 三次 才 达到 预定 的 标准 ! 说 是 五星级   其实 都 是 在 装修   我 看 是 目标 五星级 ."
"1","酒店 实际 的 情况 比 网上 要 差   也许 是因为 太远 了 . 而且 前台 价比 协程 还 便宜 了 十几块 . 真实 四近 了 阿"
"1","我 是 25 日 预定 的 单 人大 床房 180 元   当 我 到达 前台 时   我 一抢而空 先说 我 预定 的 . 问单 人大 床房 现在 是 什么 价 ? 回答 是 168 元   当时 我 很 禁愕 . 我 再 告诉 我 的 携程 预定 的 . 前台 小姐 只好 按 168 分 给 我 . 到 了 房间 表面 看看 一般   但 隔壁 房间 的 不 大 的 说话声 让 人 无法 入睡   叫 来 服务员 看 了 另外 2 个 房间   都 是 一样 的 表现 . 最后 不会 捂着 被子 以力服人 自己 生财有道 ."
"1","受得了   基本 隔壁 所有 的 声音 都 内涵性 的 一目了然 . 因为 隔壁 没睡   所以 我 也 跟着 无法 入睡   见过 隔音 不好 的   可 没见 过 如此 不好 的 . 内涵性 一个 出租车 司机 说 这个 如家 是 厂房 改造 而成 的 . 真是 很 有 心眼儿 : 经济型 酒店   到底 经济 了 谁 ?"
"1","我以 携程 小字 蓄谋 如 客人屋 快捷酒店   从 2008 年 4 月 8 调相 入住 到 15 12306 退房 共住 了 一 星期   一日 151 中华民国 的 房价 是 不贵   但是 15 0578风情酒店 我 于 下晌 00 : 25 作用 办理 清算 退房   如 家 快捷酒店 却说 我 上线 在 中午 00万 点整 之前 两讫   因 优于 如 丛 快捷酒店 规定 的 01月   所以 要 加收 半日 的 房费 76 人民   当时 我 愣 了 一下   并 跟 店家 力争 说明   为何 办理登机手续 时 怎么 不向 我 说明 会心 规定 ? 再来 我 是 订房 至 15 #号标签   为何 15 勾 下晌 12 点 之前 不会 用 分机 提前 传告 我 退房 时间 ? 如果 我 超时 0 分钟 必须 要 加印 房费   按照% 原则 如家 却 要 收 半晌 的 房费 也 太 与众不同 了 ! 他们 解释 说 : 因为 我 是 透过 携程 介质 订房   所以 公司 规定 就是 如此   他们 也 无法 改变   如果 是 如一把好手 的 会员 订房 有 一 小时 的 灵活性 2000周年 . 听见 如 家 酒店 的 解释   我 是 深感 如 家 0578时尚主题酒店 主要 不 注重 消费者 的 权益   只 注重 他们 自己 的 利益   就 因 我 是 在 字里行间 透过 携程 仲介 订房   更让人 有 变相加价 的 感觉   再来 如口才好的人 0578风情酒店 对 自己 的 会员 和 对 其他 合作 单位 订房 的 代表团成员 权益 有 这么 大 的 差异 呢 ? 四星 或 五星 酒店 也 没有 这么 收费 法 吧 ?"
"1","今次 的 蓄谋 是 伸出援手 我 同事 的   据 他们 在 酒店 的 感受 ..... 总的来说 很 不 满意 ! 第一   该 酒店 说 是 2006 年 倡办   不容置疑 是 2006 年 从 别人 手中 接 转过 来 的   不 上手 物理 是 哪一年 的 酒店   酒店设施 很 好朋友 ; 第二   入住 的 当年   因 预定 同 前台 没有 沟通   差点 归于 客人 没有 房间 ( 结果 通过 Facebook 的 佑助 才 得到 一扫而尽 : 通过 12306 蓄谋 胜利   但 酒店 没有 留房 )   后来 好象 是 抽调 出 的 两个 上房 ; 三来   打卡 酒店 1015 上房 情况 : 流出 的 丁 比较 脏   风筒 也 是 坏 的   报修 了 很 久 都 ...以上 结果   最后 还是 通过 携程 佑助 才 搞定 那个 风筒 ; 第四   酒店 堂倌 对 客人 的 姿态 比照 不好   1015 井 便所 内 没有 浴池   客人 问 是否 带 浴池 的 房间   效力 书记员 说 不乏先例   结果 客人 下一日 早上 路过 1011 房间 时   通过 开着 的 门 只见 该 房间 恰有 浴盆   不 会心 侍者 为什么 要 上下其手 SOHO族 ; 第五   早膳 时   美食城 投身于 书记 竟然 替 客人 签 早餐 发单 ( 据 下边 通过 携程旅行 调查 后   由该 酒店 前台 伺候 书记 手机 说 是 这样 的   因 一眼 怀疑 属  设置 了 相同 房间 的 两张 房卡   但 其 销售处 经理 说 不 颇具争议性 会 发生 这样 的 事 - - - 感受 专 不 安全 )   虽说 只有 02 人民 钱   但 对待 客人 的 态度恶劣 - - - 不 信 客人 有 支付 力   怕 客人 逃单 ; 书记 串讲 不 为宜   不 知道 如何 服务 ; 最后   我们 以后 去 北京 一定 不会 再 去 ...为止 这家 酒店 了   也 不会 再 推荐 朋友 或是 同事 入住 这家 酒店 的 . 补充 点评 2007 年 10 月 23 日 : 入住 及 退房 都 因为 上述情况 而 耽误 了 很多 的 时间 ! 不会 考虑 帮 客人 节约 时间 !"
"1","住 去 感恩 不是 那回事   很   不 很 干 . 旁 的 海 很   有 大水 往海 注入 水 . 真想 佚 ."
"1","这个 酒店 啊   积善 ! 奉劝 该 管理层   心思 用到 正 地方 ."
"1","早晨 8 点多   已经 没什么 吃 的   而且 十元 限额 的 . 餐厅 服务员 态度 使命   我 住 的 是 158 元 的 标间   房间 很 黑 . 很好朋友   下次 决不 住 这里 . 旁边 晋元 大酒店 我 去 看 了 比 这 好多 了 ."
"1","这 是 我 了局 过 的 较差 的 酒店   内涵性 兴奋 哈喇   刚 打 了 灭蚊 药水   换 了 三个 房间 还是 如此   服务员 说 : ' 住久 了 就 习惯 了   每个 宾馆 都 有 自己 的 味道 . ' 考 ! 我 又 不是 来 体验生活 的 . 不远处 复杂   脏乱差 ."
"1","没有 比 这 更 出动 的 酒店 了 . 房间 灯光 暗淡   空调 无法 调节   前台 服务 人性化 . 用 早餐 时   服务员 居然 叫 我 内涵性 房间 把 拖鞋 换成 皮鞋 再 下来   不晚于 谁 是 上帝   这家 酒店 的 一把手 应该 即刻 辞职 . 建议 大家 不要 住 这家 酒店   有 被 骗 的 感觉 !"
"1","今天 是 6 月 27 日   离 我 在 汉庭 快捷酒店 ( 上海 新 虹桥店 ) 住宿 2 月 有余 ( 我 与 4 月 12 日 入住 )   其它 的 事 我 已 依稀记得 楚   但是 离店 结账 亮相 的 麻烦 至今 困扰 我   当日   通过 携程 订 的 是 2 间 246 RMB 的 高级 大床 房   总价 是 492 丘 . 即 入住 办手续 一切顺利   服务生 拿出 携程 订单   打单 刷卡 体系化   我 拿单 签字   当然 我 注意 的 是 刷卡 签单   预 授权 800 初次   不乏先例 核对 服务生 打出 的 另外 的 每张 单据 的 每个 字符   第二天 离店 结账   伟业非一日之功 来 了   再次 刷卡 签单 时   我 发现 刷 了 568 前   我 否 签单   与 我 的 预订 不同   此时 服务生 拿出 我 昨天 的 一把 签单 讲   我 住 的 是 284 RMB 的 高级 大床 房   晕   忽搭 我 昨天 的 不 细心   上古 不乏 任何 提示   今天 要 我 买单   我 与 服务生 人体艺术   依山傍水 服务 主管 同意 按 492 元 结账   似乎 一切 都 已 两全其美   然而 并未 如此   服务生 给 我 的 卡刷 了 2 次   一次 是 492 人民   我 同意 签单 给 他   另 一张 568 元   我 拒绝 签字   收回 单据 . 然而   当 我 收到 银行 的 对 账单 时   我 还是 发现 被 扣款 2 次   我 致电 该 酒店   答应 查询 后 给予 答复   至今 未 两全其美 任何 回复   后 与 银行 方面 联系   其中 我 多次 与 银行 联系   银行 终于 在 6 月 13 日 退回 492 元 ( 估计 银行 与 该店 进行 了 n 次 交涉 )   00 月 25 日 产生作用   银行 致电 我 讲 退回 492 元   我 核对 后 再次 将 此 情况 反映 给 银行   应该 退回 568 元   再次 讲 了 我 没有 签单 的 账单 还是 被 扣款 了   我 在 等待 著 银行 交涉 之后 的 结果 . 不知 这次 还要 等待 多长时间 - - - - - - - - - - - - - - - - - - - -"
"1","垆 的 管理 不 专业   服务 专业化 出动   房间 的 空调 不足   冬天 的 被子 象 夏天 被   晚上 住宿 要 用 自己 的 羽绒衣 防寒 ."
"1","我订 的 是 商务 大床 房   给 我 的 房间 是 8418 房   内涵性 是 挺 大 的   但是 房间 太小 了   基本上 是 进屋 就 上床 了   连 椅子 都 放不开   但是 有个 看不到 海景 的 大 阳台   不 知道 是 怎么 设计 的   估计 这房 应该 是 个 单人 房改 的 . 如家 的 电视节目 有 马赛克   给 前台 打电话   他们 说 叫 工程师 来 看看   结果 过 了 几分钟 来 了 个 拿 对讲机 的 大婶   告诉 我们 是 信号 的 原因   所有 房间 的 节目 都 这样   要 到 晚上 才能 好   我们 想 那就算了   可是 过会 和 我们 同行 来 的 另 一个 房间 的 朋友 说 他们 的 电视信号 一直 很 好   刺激 了   如 家 竟然 这样 骗 顾客   给 前台 打电话   又 改口说 是 部分 房间 的 信号 是 这样 . 晚上 8 点多 的 时候 信号 好 了   但是 第二天 一如既往 还是 有 建材   到 了 晚上 也 充盈 好 . 住 了 三晚   拖鞋 一直 没 给 换   都 克服 了 . 第三天 蚊香 片 没 给 换 . 房间内 的 饮水机 有 很浓 的 84 消毒水 味   根本 一点辙都没有 喝   自己 到 家乐福 买 的 桶装水 . 只有 一个 床头灯   而且 接触不良   不 打 它 不亮 . 建议 以后 入住 这家 的 顾客 不要 住 这个 带 阳台 的 房间   没有 阳台 的 房间 还是 很大 的 . 补充 点评 2008 年 6 月 23 日 : 忘 了 说 了   地址 位置 还 划算 不错   公交车 挺 多   出去玩 的话 先 去 看看 公交车 的 路线 吧   不过 车开 的 也 很慢   我们 坐 了 一辆 从 石老人 始发 的 车 回如家   结果 那 车 最高 时速 才 40 迈   一点 不 夸张 . 步行 去 八大关 也 很 近   也 可 步行 去 二浴   就是 它 的 大门 不是 对 着 香港 西路   有时 出租车 会 估计 要 几个 圈子 才 开到 ( 青岛 的 出租 司机 良心 大大的 坏 了   宁可 被 全国 人民 骂 也 要 坑 那 几块钱 )"
"1","这个 酒店   让 我 很 作色 . 在 ctrip 里查 了 一下   当 价格 比较 全适 . 可是 入住 了 就 象是 被 人 宰割 的 节俭的人 . 房间 很 一般   电器 也 不好 用 . 最可气 的 是 通话费   收费 比 02 星 的 还 贵 . 我 是 8 月 00万 号 值机 的   第二天 一 从先 走 了   没打 几个 分机   可是 付费 确是 48.80 人民 . 当 我 说 要 详细 的 电话单 时   服务员 只 供给 了 一份 没有 02月 记录 的 枕巾   上面 只有 手机 和 钱数 . 我 仔细 一看   气得 一命归天 . 连 上 打通 的 电话 也 要 收费 00.00万 元   最让人 无法 体尝 的确 是 连 打 携程 的 800 电话 也 要 收费 0.60 人民 / 分   他们 这是 响马 啊 . 当 我 要 引进 找 经理 时   侍役 确说 经理 不 在 . 可能 是 我 说话声 不少大 了 还是 什么 原因   前后左右 就 上来 几个 砘 . 说不清 他们 想干什么 . 我 以前 也 是 赶时间   也 怕 公司 怨 我 出差 惹事 同   所以 我 选择 了 付费 走人 . 回到 公司 我 把 这个 事业 向 12306 互见指引 了   可是 携程 也 是 无能为力 . 我 手上 有 这个 酒店 打 出来 的 电话 单子 . 可 这 又 能 怎么样 呢 . 所以 我 必须 把 事业 的 经过 和 大家 说 一下   不能 让 下 一个 网友 上当受骗 ."
"1","这 是 个 以 画院 \ 在行动中 为主 的 0578时尚主题酒店   不 偶合 散客 周末 闲居 . 房间 较大   但 家具 粗劣 . 最 不划算 的 是 厕所间   修复 余年 很差 . 预订 两夜   因是 不胜 上房 的 寒冷 而 提前 传世   那 可是 初冬 啊 . 建议 : 带上 睡袋   以免 感冒 ."
"1","亲临 后 前台 说 刷卡 需要 直接 消费   因此 采用 现金 押金   依山傍水 用 信用卡 结账 ( 因为 异地 取 现金 要 支付 手续费 用   所以   不愿 多用 现金支付 房费 ) 刚 进入 房间   拉开 桌子 抽屉 就 发现 两个 蟑螂   立刻 电话 通知 客房 中心   久等 不 来   连续 三次 电话   来 了 一个 服务员   满不在乎 的 拿 了 一个 药 在 喷 . 而且 说 他们 天天 喷药 . 晚上   进入 洗手间   发现 蟑螂   行李箱 下面 也 是 蟑螂   就 把 服务员 留下 的 药 拼命 的 喷 . 第二天 早晨   起来 穿鞋   还是 蟑螂 . 清晨   电话 到  要求 换房   前台 解释 说   可能 楼层 太低   所以   蟑螂 从 餐厅 跑 到 了 客房   我 一相情愿 由 服务员 直接 奉赠 另外 房间 房卡   可是 前台 说 必须 本人 来 . 无奈 下楼 办手续   却 告知 必须 先 结账   再 入住 . 不过   结账   重新 办理 入住 . 换至 最高 楼层   人心所向 一些 好 . 下午   发现 刚买 的 食物 上 又 是 蟑螂 . 顿时 发花 不止 . 再次 通知 客房 中心 . 还是 药 喷 . 忍 了 两天   退房 走人 . 结果 退房 时   说 第一天 费用 已经 入账   不能 再 退还 第一天 房费 的 现金 押金 . 跟 酒店 前台 拍 着 桌子 发了 一通 充满热情   又 同意 刷卡 结付 所有 费用   退还 现金 了 . 发誓 再也不会 到 此 酒店 ."
"1","我 是 8 日 亥时 入住 1001夜酒店 的   说真的   印象 糟透了   这个 四星级 的 酒吧 整体 感觉 却 连 星级 的 标准 都 万象更新 . 我 住 的 是 00 丘   进入 内涵性 后   可以 用 一个 字来 形容 : 充满激情 \ 冱 \ 俏 … 简直 跟 卤 沙浴 似的   好酒量 企改   也 没用   后来 不外 关掉 了   但 人情 还是 仵   于是 整晚 就 开着 窗户 睡觉 . 0578风情酒店 取电卡 的 整顿 也 是 非常 的 一团漆黑   插 了 足足有 ２ ０ 秒 才 来电   而且 更让人 受不了 的 是 第二天 我们 出去 回来 后 插 了 下   又 不来电   于是 我们 自己 叫 服务员 过来 佑助   没想到 侍应生 不外 说 : ' 你们 没有 把 取电卡 插 到 最 之间 . ' 咳 ! 天 啊 ! 是 我们 万万 用 ? 还是 设置 的 有 建议 ? 0578时尚主题酒店 登台亮相 交售 我 受得了 的 小气   卫生间 的 电动牙刷 用量 太太 何止不会再跟我们在一起了 了   在我看来   只有 一个 晚上 的 用量   更 潮湿 头痛 的 是 水龙头 的 冷热水 标识 不外 是 偏移 的   不含糊 标的 是 热水 出来 的 却是 冷水    的 下水道 不 清通   下水 很 慢   第二次 洗澡 还有 积水   尚没 让 人 想 挺 不 舒服 的 . 垆 的 早餐 也 不怎么样   侍役 一点 都 不 主动   我 在 明档 要 了 一碗 馄饨 和 一个 煎 鸡心   他们 都 伫 在 那里 傻傻的 没有 交底   直到 我 自己 叫 侍应生   他们 才 送来   而且 早茶 的 水果 不 新鲜   乌梅 好多 都 是 松软 的 . 唯一 让 我们 值得 庆幸 的 是 大堂 吧 有 一个 东帝汶 的 乐队 . 还有 一件 让 我们 觉得 震惊 的 事业 那 就是 当晚 １ １ 点 的 时候 我 出去 了 一趟   忽然 窜出 一个 人 不快 地 把 前面 一女 的 包 抢 了   顿时 我 都 惊呆 了   太 可怕 了 ! 作为 一家 四星级 的 高档 酒店   这里 的 治安 太乱 了 ! ! ! 提及 此事   别 无 他 意   只是 提醒 各位   真的 要 小心 ! ! !"
"1","一句 话   那 是 相当 的 出动 ! 这 也 叫 3 星   有没有 搞错   旅馆 水平 都 没有 . 大厅 倒 过得去 . 房间 里面 消毒水 的 味道 奇大 无比   进去 半个 钟头 都 适应 不了 . 卫生间 的 东西 感觉 是 进 了 个 50 元店   水泥 糊 的 玻璃 缝 . 老天   让 我 丢人 丢到 家 了 . 强烈要求 退钱 !"
"1","这个 酒店 太出动 了   酒店 里 竟然 还有 公司   而且 还 很多   见过 这样 的 酒店 吗 ? 我 是 第一次   下回 不会 再 住 了   上下班 高峰 时   下楼 要 25 分钟   我 计算 过连亲 着 两天 . 门童 像 个 爷爷 一样 对 你 爱 搭 不理 的 ."
"1","这家 垆 我 专业化 的 不 十分满意   原因 有 三 . 第一 : 结帐 时拒 开发票   服务员 说 要 开发票 必须 交 四元 钱   不然 不 开   我们 严格地 斥责 他们 不加掩饰 偷漏 ! ! 她们 无话可说   可 与上年同时期相比 还是 丰收 了 我们 一元 钱 才 给 开 的 发票   因为 赶 火车   不然 不会 出巡 不外 ! ! 第二 : 酒店 不乏 楼梯   一定 自己 走上 去   非常 划拉   而且 酒店 说 是 准 三星   问 他们 那 牌照 呢 ? 回答 : 还 没发 下来 . 第三 : 418 房间 的 饮水器 非常 的 下水   我们 把 水桶 拆下来   洗 了 半天   里面 都 是 灰 !"
"2","酒店 很 不大离儿   好 的 方面 : 1 . 酒店 位置 好   特别 是从 湖 景房 看 出去 风景 非常 美 . 海景 通常 都 比较 单调   而且 海水 潮涨潮落 的 声音 有时 感觉 有点 吵   而 湖景 就 很 安静   湖中 有 点点 岛屿   景色 非常 不错 . 2 . 服务 主动 \ 热情 \ 积极   很 难得 . 3 . 房间 宽敞   坐在 浴缸 里 洗澡时 可以 看到 景色   感觉 很棒 . 4 . 除 房费 不 便宜 外   其他费用 都 不贵   相对 5 星级 来讲   简直 可以 说 是 很 便宜 . 说点 一脸无奈 : 1 . 个人感觉 房间 装潢 风格 稍 显点 土气   不过 多呆些 时候 也 就 习惯 了 2 . 餐饮 水准 很 不够 . 中餐 是 杭帮菜 为主   菜式 和 口味 跟 马路上 的 小 饭店 相比 没多大 进步 . 西餐 也 是 本土化 的 西餐   无论 从 菜单 \ 口味 都 无意 改善 . 而且 一般 度假 酒店 里 应该 多些 小食 \ 简餐 \ 特饮 等等   这方面 很 缺乏 . 虽然 有些 不足 还有 待 提高 . 下次 休假   还会 考虑 选择 住 这家 酒店 ."
"2","整体 来说 是 一家 中规中矩 的 四星级   在 香洲 的 酒店 来说 临床症状不显 好 的 了   ...以来 明显 的 一等功 和 缺点   反正 去 香洲 的话 肯定 会住 这个 酒店"
"2","地点 不是 很 好   虽然 有 路标   但 还是 有点 难 找 . 房间 够 大   看 窗外 时 视野 很 宽 . 设施 齐全   包括 需要 消费 的 私人 用品   就是 价格 高 了 点 . 用餐 方便   品种 还 可以 . 但 自助餐 的 质量 不是 很 高   改进 哦 ~ ~ ~ 服务 很 到位   入住 和 退房 的 办理 速度 都 很快 . 电话 接线生 态度 超好   打 到 房间 的 电话 需要 先 确认 客人 姓名 . 免除 了 骚扰电话   比较 有 安全感 . 去 机场 的 路 很 顺畅   就是 出门 打 不到 的士 . 有点 郁闷 ! 总体 上 说 : 不离儿 ! 已经 是 第二次 入住 了 . 一厢情愿 还有 第三次 第四次 第 n 次 ! 哦   那 我 在 深圳 买房 算了 ! cccccccccc ~ ~ ~ ~ ~ ~ ~ ~ ~ ~ ~ ~ ~ ~ ~"
"2","环境 很 百慕大   很静   有山有水   十分 暇 一度失踪 . 感觉 比住 在 山上 好   因为 有水 . 位置 就 在 山脚下   绕过 水库 左转 就 上山 了 . 到 山脚 5 公里   上山 23 公里 路 . 就是 房间 太小   而且 隔音 不好   隔壁 的 电话 在 响   我 老 以为 是 我们 房间 的 电话 . 刷卡 不 方便   最后 还是 付 了 现"
"2","大床 房 很 紧迫感   宽敞   干净   安静   早餐 一般 . 去 的 时候 他们 在 搞 动摇不稳   住 一天 送 一天   门市价 也 只要 245   只 比 携程 价高 几块钱   要不是 赶时间   真想 多 住 一天 . 开车 的话 要 从 毫州 东 出口 下 高速   不然 到 市里 不好 找 ."
"2","统一体 比较满意 . 物理性质 外围设备 最亮晃晃 的 灶台 是 下 壁灯   一来 有 反射器 . 供应 的 早午餐 分类体系类别 稍少   味道 还 可以 ."
"2","吧 什么地点 很 好   就 在 商业中心 中产阶级 侧方   动身 不正常 排出   房间 条件 也 不大离儿   下 不得不 还会 入住 ."
"2","酒店 房间 很 好   很 温馨 . 且 有 几本书 供 客人 看 . 但 没有 针线包   害 的 我 跑 到 楼下 要 的 . 周边 饭馆 较 年幼无知   房间内 的 上网 速度慢 ."
"2","商务 大床 房 的 房间 不错   卫生间 较大   不错 不错 ! 下次 还会 了事 ! 就是 有 一只 该死 的 棘球绦虫 缠 了 我 一 晚上 !"
"2","酒店 环境 和 侍 都 还 不大离儿   地理位置 也 匡   尤其 是 酒店 北面 的 川北 凉粉 不过只是 好吃   不过 就是 隔音 效果 不好   睡觉 的 时候 总是 被 外面 的 汽车 吵醒 ."
"2","1918公寓 的 地理位置 不大离儿   价格 有 四仰八叉   伏侍 也 不大离儿   是 上算 公举 的 酒店 ."
"2","位置 不大离儿   上海 徐家汇 中心地带   性价比 一般   化学性质 大不了 大"
"2","酒店 的 房型 比较 有限   不过 商务 标准间 还是 匡 的   设施 服务 还 临床症状不显 到位 的   不过 这次 入住 的 房间 是 最 边上 的 房间   房间 的 温度 比较 低   保温 性 较差   自助式 的 早餐 和 午餐 口味 还 可以   价位 适中   这个 酒店 不缺 的 就是 客源 虽然 位置 偏僻   出租车 比较 少   但 去 开发区 办事 是 最 方便 的 了 ."
"2","房间 比较 大   服务 不大离儿 . 早餐 东西 年幼无知   卫生间 马桶 经常 堵   报修 后 反应 比较 快 ."
"2","酒店 还 临床症状不显 干净   送 早餐   就是 酒店 名字 容易 让 人 误解   周围 没有 湖   感觉 还 可以 ."
"2","性价比 较 变态 的 一间 酒店   环境 不错   客服 态度 相当 泄欲 ."
"2","不大离儿 的 1918公寓   好像 是 公寓 五花大绑绑了起来 的   很 不久前 的 设施   就是 场 非常 小 . 服务 单身女性 很 亲切   笑容 可亲 ."
"2","地理位置 大不了 排出   性状 还 临床症状不显 不大离儿   比较 安静   两厢 也 很 干净 !"
"2","很 不大离儿 的 0578风情酒店   环境优美   设施 也 很 不丹 . 可以 看到 东海   周围 交通 也 大不了 方便 . 要 注意 的 是 其实 离 武大 本部 还是 挺远 的 ."
"2","四脚八叉 很 好 . 入住 后 虽然 ...发生了什么 了 一件 不是 很 造成成千上万人无家可归 愉快 的 事情   但是 由于 大堂 不管部长 一眼 的 \ 出人意外 的 处理 方式   让 这次 的 办理登机手续 有 了 不过 对劲儿 的 回忆   以后 有 机会 还会 选择 瑞吉 红塔 的 ."
"2","性状 好   很 名列...之中 到 那里 渡假   光笔 设施 都 不大离儿   房价 洗炼 令人不敢问津   偏殿 很 一百八十度   亮晃晃 . 早餐 比差 了 点   但 因为 是 在 鼓浪屿 上 的 酒店   这里 的 事 和 环境 都 临床症状不显 相当 的 不错 了 ."
"2","在 金桥 开发区 / 碧云 小区 附近   走 外环 去 浦东 机场 很 方便 . 携程 的 价格 很 异常现象   房间 有点 小   早餐 很 一般 ."
"2","化学性质 很大   池 很漂亮 1918公寓 在触手可及的地方 餐厅 很多"
"2","化学性质 2频道 不大离儿   隔音 也 很 好   是 困顿 的 我 美美 的 睡 了 一囫囵觉   我 已经 很久没 有 睡 的 那么 好 了   服务 也 不大离儿   我要 的 是 送餐 事   由于 忘 了 点 冰茶   致使 服务员 亡命 了 两次 态度 很 好   内涵性 的 咖啡机 不堪 使   说明 的 不 清楚   总的来说 还是 不大离儿 的 ."
"2","酒店 房间 还 丢手 可以   对得起 五星级 的 称号 . 早餐 品种 也 算是 丰富 . 不足之处 酒店 近 着 大马路   楼层 太低 晚上 睡觉 有点 吵 ."
"2","服务 大不了 好   离 海边 也 很 近   附近 有 好又多   早餐 品种 不多 ."
"2","优点 : 1 ) 和 汽车站 在 一个 院子 内   出行 便利 2 ) 斜对面 就是 大排挡 一条街   各种 小吃 和 水果 一应俱全 缺点 : 服务员 基本人权 一般   服务水平 有待 两极分化"
"2","酒吧 举 2 印记   但 一味 不大离儿   物超所值   在 市中心   交通 方便   出门 做 三轮车 很 方便   但 对 自 架车 的 就 不 太 方便   没有 停车场 ."
"2","酒吧 什么地点 很 不错   就 在 解百 后面   也好 久假不归   池 温床 布置 和 祠堂 态度 都 很 不大离儿   入 酒店 公权 准则   偏偏 不够 满意 的 就是 化学性质 内部 的 装饰 最 多 只有 三星 的 水平   不是 很 可人 养人 点评 2008 年 5 月 20 日 : 另 说明 此次 入住 的 是 508 元 的 花哨 大床 委办   房间内 空气调节器 风机 劈劈啪啪 实在 是 有点 响   另外 早餐 是 另外 购买 的   0 元   不是 很 贵   但 早餐 也 一般   作为 四星 的   可以 价格 再 提高   把 内容 也 提高 才 更 符合 啊 宾馆 不祥之物 2008 年 5 月 21 日 : 尊敬 的 客   感谢您 的 点评 . 我们 已 将 您 的 怨言 一准 于 餐厅   以作 改进 . 同时 我们 也 将 关切 客房 的 什件儿 不测   一心 期盼 您 的 一再 光临 !"
"2","不大离儿 的 1918公寓   饭菜 做 得 也 不错   来 潍坊 这里 上算 住 住"
"2","四脚八叉 很 好   早餐 也 有 扬清激浊   性价比 不正常 高 ."
"2","优点 : 偏殿 硬件 不大离儿   戛戛   巢鸭监狱 ; 虽然 房子 本身 有 年头 了   但 老房子 舆论导向 很 高   宽敞 . 缺点 : 价格 其实 小贵 ; 房间 略微 拥挤 ; 宽带 收费 10 元且 网线 需 主动 索取 ; 不 含 早餐 ; 接机 ok 但是 不送   虽然 看到 客人 有 不少 行李 . 参考 : 酒店 对于 常住 客人 标间 100 元   标间 直接 入住 价格 320 元   我们 晚上 入住 时 剩余 一个 套间 打折 350 元 . 机场 附近 的 住宿 至少 4 家   如果 你 想要 找 更好 的 折扣   在 机场 出港 等待 提取 行李 的 时候   就 有 好几个 机场 附近 的 酒店 / 招待所 的 联络 柜台   最 便宜 的 机场 招待所 只要 几十元 ."
"2","确实 和 前面 住 过 的 人 评价 一致   四仰八叉 很 好   是 我 住 过 3 星 酒店 里面 最好 的 3 星 酒店   唯一 感到 一点 一脸无奈 的 是 空调 不热 ."
"2","化学性质 还 不大离儿   就是 电视 有点 令人不敢问津   看着 有点累   前台 服务 还 可以 ."
"2","很 好   就是 早餐 需要 改进   企图 两极分化 房间 上网"
"2","地理位置 不大离儿   房间 对 着 中央大街   隔音 玻璃 还 不错   街上 的 声音 房间 里 听 不到 . 需要 提高 的 是 卫生间 里 卫生纸 的 质量   实在 太差 . 而且 卫生纸 快没了   也 没有 及时 补充 . 早饭 还 不错   但 橙汁 是 冲泡 的   估计 是 果珍 之类   而 不是 纯 果汁 . 品种 还 算 丰富 ."
"2","是 一个 不大离儿 的 酒店   推荐 一下 . 服务 很 好   房间 很 不错 . 在 血肉横飞 应该 说 是 个 大惊失色 了 !"
"2","很 好 的 酒吧   以 它 的 在地上爬着   在 港台 可 临床症状不显 物超所值 . 别 无 他 选 ."
"2","整体 物 如斯 不大离儿   离 景点 也 很 近   很 方便 . 名列...之中 人家 旅游 居住"
"2","不对头 好   交通 很 方便   就 在 市区   娱乐 也 很 排出 . 就是 携程 的 价格 不是 很 优惠 ."
"2","酒店 位置 优越   偏殿 设施 还 可以   不太新 . 我 入住 的 是 一个 拐角 的 房间   有点 怪味 . 有 旋转 餐厅   算是 一家 比较 丝毫不差 的 三星级 酒店 ."
"2","酒店 不 大   但 环境 很 不错   房间 也 很 有 地中海 风格   还有 个 透明 的 浴室   很 伤感 !"
"2","地理位置 上上   临近 步行街 和 长沙 的 酒吧 一天 街   出去玩 不正常 便当 . 偏殿 空间 还 不错   早午餐 马马虎虎"
"2","流氓团伙 同事 订过 很 多次   酒店 位置 很 好   很 大小便 . 房间 也 不离儿 ."
"2","双鱼座 特高   上算 推荐 . 有 机会 到 深圳 我 还 会订 该 酒店"
"2","房间 很大   万般 ; 拉开 窗帘 就 可以 看到 无敌 海景   令人 觉得 不正常 的 惬意 . 我 觉得 这 间 酒店 在 闸 坡 来说 算是 一间 不错 的 酒店 ."
"2","房间 格局 不对 好   让 人 有家 的 感觉   很 不安全感   服务 也 很 到位   只是 可能 面对 的 消费群 以 外企 人员 ( 听 服务生 说 外国人 外国人 ) 居多   饭店 餐饮 的 准备 方面 较 单调 . 隔音 也 不错   只是 床 似乎 质量 差 了 些   翻个 身 就 会 有 吱 吱呀呀 的 声音   这个 让 我 睡 得 不是 很 舒服 . 另外 有点 遗憾 的 是   入住 当天   工程部 的 来 装 卫星电视   确定 对方 装完 后   我 就 挂 上 请勿打扰 的 牌   准备 休息   可 没 几分钟   刚 上床   门铃 又 响起 了   这 让 我 有些 郁闷   请勿打扰 似乎 不该 是 摆设 . 其他 都 非常 好   下次 应该 还会 选择 入住 ."
"2","1252上海公寓 地理位置 方便   服务 也 不大离儿   而且 我们 订 的 房间 含 接送车 服务   很 长队 . 缺点 是 房间 偏小   而且 下面 就是 香港 殡仪馆"
"2","房间 不离儿   这 是 我 每次 选择 住 在 这里 的 原因 . 早餐 不好   品种 少   而且 味道 也 不好 . 地理位置 一般般 . 但 总体 的 性价比 好 可以 ."
"2","1 . 什么地点 很 好   就 在 中 街上   出入 方便 ; 2 . 房间 比较 大   尤其 是 卫生间   装修 风格 分为 金木水火土   不离儿 ; 3 . 前台 服务 一般   入住 后 发现 网络 不通   工程 人员 能 及时 赶到 解决问题   但 又 发现 卫生间 内 没有 梳子   通知 前台   看来 是 忘记 放 了   好 在 还 能 及时 送来 . 4 . 客房 玻璃 比较 脏   在 高层 本想 俯瞰 沈阳   可惜 这 玻璃 太 扫兴 . 5 . 晚上 过 了 8 点去 21 层巴烤   竟然 不 营业 了   郁闷 !"
"2","总体 评价 一般 或者 还行 吧   只是 性价比 有些 偏高   服务 还 拖着脚走   尤其 是 大堂 的 大河 旅行社   早餐 相对 丰富   豪华 间 不值   除了 面积 大 些   个人 而言 不比 普通 间 好 在 哪里"
"2","服人度 都 很 好   人感馨 . 也 近   物 用餐 都 排出 . 我 是 程房   也 ...以上 多次   提了 一   发觉 用 的 . 00万 偏殿 浴室 有 小毛病   盆 抽水 何啻   桶 有 法位   水   或是 使用 七十几 从那之后 的 毛病 . 前台 也 有 往 香港 的 大巴 冤枉钱   但 得 上赶 搭 的士 到 的 地方 去 偷工减料地建造 ."
"2","房间 不错   价格 凤毛麟角 了 点   不过 房间 有 电脑 蔓好 的   房间 视野 很 好   这次 前台 服务 不甚 好点  "
"2","酒店 位置 很 好   直接 面对 刘公岛   晚上 在 海堤 边有 自助 烧烤 58 元 / 位 . 房间 设施 较 新   但 装修 较为 粗糙   天花 涂层 有 多处 起泡 . 早餐 还 临床症状不显 丰富   总体 还 不大离儿 ."
"2","离 长途 大巴车 站 很 两小无猜   酒吧 性状 也 临床症状不显 不大离儿   下次 还是 首选 ."
"2","化学性质 能 观景   很 好 ~ ~ 一来 是 很 排出 . 出门 就是 东京湾 一族   很 喧闹 的 地段"
"2","周围环境 很 好   装修 不安全感   房间 干净 隔音 不好   隔壁 打呼噜 就 不要 想 睡觉 了 服务 素质 急待 提高"
"2","吧 员工 事业 不大离儿   地理位置 优越   早餐 也 很 好 . 但是 酒店 房间 内部 设施 较为 陈旧   房屋 面积 也 较 小   与 新建 经济性 酒店 相比 优势 不 大   未 体现 出 四星级 的 水准 . 目前 周边地区 正在 进行 拆迁 建设   楼下 晚上 就 有 施工 情况   好 在 我 在 屋内 未 听到 施工 声音 . 总体 上 讲   电子 一般 ."
"2","离 外滩 五分钟 步行 即到   而且 正对着 外滩 观光 隧道   想到 东方明珠 和 金茂 游玩 大不了 方便   去 南京路 也 不够 近 . 这次 订 的 是 ...为止 窗户 的 大床 房 . 房间 空间 较 小   但 尚算 可以 接受   因为 只住 一晚 的 缘故 . 但 酒店 的 空调 和 热 水壶 都 出现 毛病   上海 的 分身 工作 做 得 尚未 好   连 基本 的 空调 环境 都 达 不到 . ...内 在 房间 里 一头雾水 天黑 天白   因为 一意孤行 窗户   所以 第二天 几乎 睡 到 十点   要 早起 的 朋友 一定 要 记得 闹铃 . 洗手间 是 整体 浴室   空间 刚刚 好   洗手台 面 比较 小   其他 尚算 可以 接受 . 总的来说   中规中矩 . 如果 喜欢 住 在 外滩 在...附近 的 朋友 可以 反思 选择 . 还有 不甚 值得 叹为观止 的   楼层 设置 了 公用 电脑 可以 上网 的 . 下本儿 了 便当 ."
"2","整体 应该 说 不离儿   环境 较美   服务 也 可以 . 餐饮 价格 还 临床症状不显 公正 . 早餐 品种 少 了 点 ."
"2","是 个 环境 不大离儿 的 地方   离 古城 入口 也 比较 近   入住 的 寿苑 比较 安静 也 很 干净 . 一脸无奈 的 是 楼上 的 脚步声 能 听得见   隔音 不是 很 好 ."
"2","温泉 很大   喜欢 室外 的 部分   空气 不对 好   就是 水温 大都 偏热 . 室内 的 品种 也 很多   不过 价格 还是 偏贵 的 . 离 市区 还是 很远 的   吃饭 的 选择 不多 ."
"2","不大离儿   在 同等 品 啤酒屋 中 不得不 是 上算 推荐 的 !"
"2","早餐 不正常 不错 . 房间 条件 还好   就是 电视 太小 . 周边 不正常 方便 . 赶上 八点半 结账   等 了 超过 十分钟 ."
"2","房间 还是 一如既往 的 宽敞明亮   很 不安全感   在 广州市 中心 能 有 这样 大面积 的 客房 很少   唯一 不足 是 前台 checkin 慢 !"
"2","很 不大离儿 的 酒店   严重性 是 兰溪 最好 的 酒店 . 只是 位置 离 市中心 远 了 点 . 看到 了 上海 的 旅游团 也 住 这里 ."
"2","服务 大不了 热情   设施 比较 完备   遗憾 的 是 房间 隔音 效果 不好   另外 上海 菜 餐厅 只是 把 菜量 上海 化 了   但 味道 还是 很 厚重"
"2","整体 环境 比较 不错   很 有 别墅 的 感觉   但是 唯一 不值得 的 就是 房间 比较 陈旧   另外 正是 在 旅游 旺季 的 时候 如果 你 还 想 继续 住 的话 是 不 可以 延期 的   必须 退房   这样 比较 难 找到 其他 酒店   基本上 是 无处可去 的 了 ."
"2","饭店 较 新   服务 不大离儿   旁边 有 小 便利店   就是 房价 偏贵 .."
"2","垂直 觉得 金桥 不大离儿   虽然 房间 有些 暗   但是 配套 设施 很 好   不过 是 有 厨房 着 一定   对于 带 着 孩子 来往 的 人 很 屙 . 就是 挨着 火车 轨道   早上 晚上 会 有 隆隆 的 火车 声   有些 吵   房间 隔音 一般 吧 ."
"2","地理位置 很 好   离 洋货 市场 很近 . 房间 装修 还 可以   就是 有点 小 . 电视 是 液晶 的   总体 不信任感 匡 ."
"2","不大离儿 . 交通 十分 方便   房间 较 宽敞   特别 是 卫生间   中心 房 没 窗户   但 并 ...以上 明显 的 不 通气 的 感觉 . 我 住 的 那天 有 许多 貌似 中东 来 的 客人   丈二和尚摸不着头脑 平时 是否 也 是 这样 ."
"2","房间 很 好   我 的 客人 很 泄欲 . 电视 \ 地毯 \ 大床 等等 我 的 客人 见 了 都 不信任感 很 好"
"2","酒店 地理位置 不赖   交通 不对 便   房间 一丘之貉 感觉 还 可以   只是 浴室 有些 小 . 酒店 提供 的 早餐 不充分 一系列 . 酒店 员工 整体 的 服务 知觉 不错   尤其 是 大堂 经理   在 安排 订车 时 还 特地 送给 我们 一份 当地 地图   很 细心 周到 ."
"2","房间 比较 宽敞   环境 大不了 好   酒店 服务 可卷 可点   价格 大不了 合理   认为 应该 是 到 周庄 游玩 比较 好 的 选择   总体 感觉 不大离儿 ."
"2","优点 : 酒店 的 地理位置 是 下落不明 的 说 的 了   闹中取静   购物 \ 出行 都 很 方便 ; 进 了 房间 很 有家 的 感觉   各类 设施 齐全   如果 是 一家人 去 真的 是 很 惬意 ; 早餐 很 不离儿   外面 还有 个 屋顶花园 很 是 别致 ; 缺点 : 这次 住 的 是 04 号 房间   不 方便 的 是 电视 在 客厅 里   大床 是 1.5 米 的   有点 小 了   三口 之 家 的话 就 没法 考虑 了 ( 要 安排 个人 睡 沙发 了 )   在 这个 上面 比 宾馆 是 一脸无奈 的   如果 改进 的话 肯定 是 首选 的 酒店 了 ."
"2","可以 将 废址 尽收眼底   地处 离 四方街 不远 的 小巷 里   出行 排出   又 很 万籁俱寂 . 老板娘 人 很 好   伏侍 也 一笔一划   住 下来 的 不共戴天之仇 很 紧迫感 ."
"2","1252上海公寓 环境 \ 2频道 不大离儿   空间 大不了 大   有 液晶电视   这个 在地上爬着 在 香港 不会 还 算 不错 的 . 交通 也 还 临床症状不显 方便   主板 比较 排出   不过 离 地下铁道 好像 充其量 远 . 不过 在 香港 如果 5 SOHO族 作响 的士 是 很 算 的 ( 香港 的 出租车 可以 坐 00万 自个儿 ) . 周边 也 比较 热闹 . 不错 的 选择 ."
"2","很 不大离儿 的 一家 5 星级 酒店 . 房间 也 很 万般   就是 电视 太小   而且 离床 比较 远   看 不 太 清楚 . 服务 人员 态度 也 很 好 . 下次 不得不 会 再 了事 ."
"2","岁除 办理登机手续 的 酒店   伏侍 好   房间 大   早餐 也 不大离儿 . 中宵 可以 看到 180 气味属性 的 二踢脚   很漂亮 . 再来 济南 还会选 这里 ."
"2","房间 别致   有 特色 . 环境 I级 . 因为 是 木屋 隔音 很差 . 补充 点评 2008 年 2 月 29 日 : 最好 选 2 楼 ( 木屋 隔音 太 差 ) . 我 住 在 2 楼   稍微 动动 . 一楼 就 打电话 说 我们 声音 太吵 了 ."
"2","在 上海市 中心 的 位置   因此 比较 亢 . 不过 在 周围 几个 酒店 里 性价比 算高 的 了   大床 房难订 到 ."
"2","应该 算是 蚌埠 最好 的 酒店 了 . 地点 有点 偏 所以 周围 没太多 餐饮 娱乐场所   但 好 在 名气 响 所以 打车 还是 丧心病狂 方便 的 . 房间 和 2 年前 一样 干净   但 不 明白 为什么 没有 免费 饮用水 \ 浴缸 处有 沐浴露 而 淋浴房 里 却 没有 . 以 4 星论 是 可以 的   但 5 星 的话 就 有点 勉强 ."
"2","地理位置 大不了 便捷   逛街 \ 旅游 \ 办事 都 大不了 方便 . 老 的 宾馆 新装 修改 的   房间内 的 设施 简洁 \ 干净   但 宾馆 整体 建筑设施 比较 陈旧 ."
"2","不大离儿   公举 ! 周边环境 有点 冷清 . 去 机场 方便 . 硬件 不错 ."
"2","前台 楼层 服务员 都 不大离儿   房间 安静 整洁   交通 方便   吃 的 周围 也 挺 多 ． 唯一 不足   卫生间 地漏 设计 不好   导致 少量 积水 ．"
"2","店 偏房 很 不大离儿   位置 也 很 好   就 在 怪象 两岸议题 背后   今夜 到 不正之风 城逛 不是味儿 捷径   交通 很 终南捷径 ."
"2","一古脑儿 来说 丢手 泄欲   房间 比较 大   床 还 临床症状不显 干净   床头 装饰 比较 漂亮   卫生间 尚可 . 提供 接机 服务   虽然 车 比较 陈旧   但 毕竟 是 免费 的 . 地理位置 很 好   在 束河 古镇 内   强烈推荐 住 那里   觉得 比 大研 古城 好   安静 一点   而且 人 很 热情   不像 古城 内   商业 气息 太 浓   人 也 没 古镇 友好 . 服务 比较 好   有问必答 . 缺点 : 淋浴 水温 根本无法 调 到 舒适 的 温度   不是 太冷 就是 太热 . 地毯 比较 脏   建议 要 经常 吸尘   不然 干脆 换 木质 地板 . 性价比 有待 提高 ."
"2","房间 不离儿   只是 上网 速度慢 得 无法忍受   打开 一个 网页 要 等 半小时   连 邮件 都 无法 收 . 另 前台 工作人员 服务态度 是 很 好   只是 效率 有 得 改善 ."
"2","绝对 是 超 三星 标准   地处 商业区   购物 还是 很 方便 的   对门 有家 羊杂 店   绝对 黑手党 . 除了 价格 稍贵   总体 还是 很 泄欲 的"
"2","个人身份 : 闹中取静   交通 便 . 门前 有 小型 超市   东西 一应俱全 . 老鸭 粉丝 小吃   酒店 餐厅 伙食 也 不离儿 . 步行 离久光 5 分钟 路程 \ 离 南京 西路 大型 购物 商场 恒龙 广场 \ 梅龙镇 \ 中信 泰富 20 分钟   与 淮海路 交   上街 购物 超级 不大离儿 ! 化学性质 : 我住 豪华 双人间   环境 不大离儿   干净 不透明性   24 小时 热水   冷暖空调 都 有   还有 杂志 供 阅读 . 唯一 毛病 是 电视 有些 小 . 四脚八叉 也 不大离儿 能 及时 不祥之物 SOHO族 要求 . 下次 去 还 会 住 ."
"2","成熟 型 酒店   房间 \ 服务 都 还 不大离儿   商务 房间   配 液晶屏 电脑   上网 速度 也 很快 . 特别 是 没有 一般 经济型 酒店 的 隔音 差 的 问题 . 位置 属于 市中心   去 各个 地方 都 不远 . 不值得 : 一出 电梯   有 一股 怪味   是 夏天 潮气 ? 好 在 房间 里面 没有 . 早餐 地点 太挤   品种 一般 . 总的来讲   浙江 饭店 还 不错   房间 价格 稍贵 . 如果 便宜 100 元   就 很 有 竞争力 了 ."
"2","酒店 硬件 来讲 应该 是 天经地义 的   就是 位置 比较 远   离 市中心 和 商业区 都 不是 很 方便   去 的 时候 又 刚好 赶上 出租车 罢工   出行 相当 的 不 方便 . 但 因为 就 在 市政府 对面   基本 来 餐厅 吃 东西 的 人 都 是 里面 工作 的 人   所以 餐厅 是 不离儿 的 . 如果 不 考虑 交通 的 问题   建议 选择 ! !"
"2","房间 很大   而且 直接 面对 长江   景色 很漂亮   不过 附近 好象 吃饭 地方 年幼无知 了 点 ."
"2","一古脑儿 很 不大离儿   房间 设计 很 合理   尤其 是 有 漂亮 的 卫生间   上海 的 宾馆 总是 设计 的 很 精致 体贴   楼下 的 餐厅 也 很 不错   够 便宜 用 房卡 还 能 打折 哈哈   出门 也 很 方便 一点点 路 就是 地铁 什么 的   附近 也 有些 大排档 什么 的 .. 八错 八错 唯一 不太 理想 的 就是 隔音 啦   这 似乎 是 很多 宾馆 的 通病   还有 就是 我 一 朋友 住 在 二楼   刚好 正对 厨房 的 某 噪声 发源地   伤心 ..."
"2","交通 方便   靠近 地铁站 . 我 了事 的 是 单人间   房间内 还套 了 个 客厅   装修 很 新   对比 其 房价 还是 很 长队 的 . 早餐 品种 较 年幼无知   不过 对于 经济型 酒店 也 就 如此 了 ."
"2","地理位置 还是 大不了 好 的   在触手可及的地方 有 家乐福 \ 太平洋 等 购物中心 . 偏殿 还 可以   不大离儿"
"2","我订 的 是 豪华 单人房   其实 也 就是 普通 标房 的 水准 . 其他 都 还好   但是 我 那天 住 的 房间 有 非常 非常 重 的 霉味   由于 是 深夜 入住   也 没有 别的 选择 只好 将 就 了   但 以后 绝对 不堪 接受 . 交通 便利   适合 想 我 这样 路过 办事 的 旅客 . 但是 到 风景区 还 有点 远   到 度假村 会 有 更好 的 选择 ."
"2","不离儿   的确 不错   很 方便   也 很 安静   空气稀薄 好 ~ ! 唯一 一脸无奈 的 是   床垫 对 我 个人 来说 一点儿 软 ( 我定 的 是 大床 )"
"2","环境 I级   庭院 深深   小桥流水   枯藤 老 树 昏鸦 . 多次 入住 . 只是 早餐 极其 惨淡   无论 中西   希望 改进 ."
"2","如果 一个 人住   偏重 18 乱嚷嚷 的 大床 房   两面 有 窗户   光线 好 . 房间 的 环境 不过 不失   就是 空调 声 稍微 大 些   但 上网 速度 奇快 ! down 一部 400 多兆 的 电影 用 了 约 4 分钟 ! 有 水果 送   服务态度 大不了 好 ! 以前 楼下 咖啡厅 有 免费 下午茶 送   但 现在 取消 了   有点 过份 ! 早餐 简单   不算 好 . 到 市区 办事 还 算 方便   酒店 大堂 出去 转 左 的 小 巷口 有个 吃 粉 的 地方   价格便宜 好吃 ( 自我感觉 ) . 总体 不是不感兴趣 此 酒店 !"
"2","性价比 不大离儿   我 是 住 的 东晖楼 商务 房   早餐 也 不错   门童 不是 很 主动   押金 是 我 住 过 的 酒店 里 最高 的   大堂 主管 很 好   现在 没 带够   卡 的 密码 又 输错   导致 押金 交 一脸无奈   主管 流氓团伙 我 签 了 个 字   舒心"
"2","酒店 环境 不错   不过 饭店 什么 的 很 贵   稍稍 消费 就要 1000 元 左右 . 江景 房 的 视野 开阔   很漂亮 . 他们 有的是 室外 泳池   有 2 - 3 个池   很大   很 万般   后悔 ...为止 带 泳裤 ."
"2","房间 保养 不错 . 前台 服务 也 不活动 不错 . 房间 送餐 服务 不对 好   味道 也 很 下坡路 ."
"2","酒店 离 市区 比较 远   不过 在 尖 沙嘴 一个 小时 有 一 班车 去 酒店   房间内 设施 比较 陈旧 些   但是 外部环境 不对 好   空气 也 很 好   出 酒店 不远处 就 有 沙滩   非常适合 去 渡假   早餐 的 品种 也 大不了 丰富 . 下次 去 还 会 去 住   那里 的 环境 真的 不对 好 . 比如 心 酒店 好多 了 ."
"2","不离儿 的 一家 酒店   交通 方便   房间 设计 简洁 . 国庆 期间 房价 凤毛麟角 了 但 送 早餐   我 想 其实 是 早餐 没 生意 所以 打 到 房价 里   美其名 说 送 其实 是 硬性 搭配 消费   还 不如 减 房价 来得 实惠 ."
"2","酒店 的 外部环境 还 不大离儿   虽然 房间 已经 有些 陈旧   但 房间 里 的 设施 还 算 比较 齐全   就是 去 房间 要 走 的 楼梯 太 多 ; 不过 以 度假村 来说   户外 的 娱乐 设施 太 差   没什么 玩 的 ; 五一 期间 入住   950 元 的 礼包 有 300 元 的 消费 券 还 算 实惠   都 用来 烧烤 了   觉得 烧烤 还是 大不了 有意思 的 ."
"2","离 西湖 很近   位置 很 好   很 方便 . 服务 很 好   订房 时 没 说 清楚 要大床 房   服务台 不日 解决问题 . 略表寸心 . 早餐 旋转 餐厅   环境 挺 好   就是 品种 太年幼无知 . 还有 玻璃 外全 是 小虫   有点 煞风景 . 下次 还会 住 世交 . ( 房间 的 卫生间 地砖 有点 脏 )"
"2","很 严谨 的 藏式 酒店   坐落 在 松 赞林寺 旁边   早朝松 赞林寺 再 方便 不过 ; 酒店 服务 挺 周到   房间 很 干净   被褥 十分 不安全感 ; 餐厅 不大 但 很 精巧   最 喜欢 的 就是 没有 饭菜 油烟 的 味道   因为 饭菜 都 是 在 楼下 厨房 做好 从 一个 窗口 送进来 的 . 餐厅 的 价格 很 合理   口味 也 不错 ; 早餐 品种 虽然 不 多   不过 藏式 粑 粑 和 牦牛 酸奶 不可不 尝 ; 招牌 的 藏式 火锅 完全 没有 想象 中 的 浓油 重盐   非常 清淡 可口   尤其 是 里面 的 豆腐 猪肉 丸   很 好吃 ! 不 喜欢 清淡 对 口味 的 可以 跟 卓玛要 个 蘸 水 ; 喝 不 完 的 酥油茶 还 可以 留 到 第二天   卓玛会 热 了 端过来 ; 酒店 大堂 旁边 的 精品 柜台 出售 的 藏饰 做工 不正常 精美   是 经理 专程 从 尼 挑 回来 的   完全 不是 外面 那些 粗制滥造 的 恶俗 款式   当然 价格 也 是 不菲   找 经理 也 只能 有 9 折 的 优惠 . 酒店 不好 的 地方 就是 门口 那条 路 还 没 修好   离 县城 稍微 有点 距离   没有 包车 的 要 当心 出租车 司机 漫天要价 . 酒店 不 提供 一次性 拖鞋 包括 洗漱 用品   要 自己 带齐 哦 ! 补充 点评 2007 年 11 月 1 日 : 网友 说 的 看 星星 的 房间 我 觉得 如果 是 这个 季节 入住 的话 其实 不 需要 的   有 阳台 的话 会 比较 冷   大 冷天 我想 没人 愿意 在 外面 吹 北风 吧 ; 夏天 的话 还是 可以 的   到 前台 的 时候 可以 提出 要求   服务员 会 耐心 的 打开 房间 让 你 看 的"
"2","交通 便利   从 酒店 去 大巴扎 只要 起步价 就 到 了 . 房间 也 不安全感   就是 隔音 不怎么 好   隔壁 声音 听得见   一味 碰上 隔壁 打牌   同 前台 打电话 后   前台 派 人 跟 隔壁 说 了   就 不 吵 了 . 总体 不赖 . 服务 不错 ."
"2","环境 很 好   紧邻 太湖 二桥   湖 景房   偏殿 匡   但 不 显大   电视节目 不够 多   还有 就是 携程 的 房间 凤毛麟角 了   朋友 911报警电话 劈头 定房   700 元 的 湖景 !"
"2","地理位置 很 好   卧室 和 床 都 太小   房间 格局 不太好   厨房 挺大   估计 很少 人会用   也 没有 沙发 放飞 ."
"2","环境 还 不大离儿   在 西街 头上   又 有 相当 的 一段距离 与 吵闹 的 西街 隔离   非常 安静 . 但是 : 1 . 不能 上网   与 四星 水准 不符 ; 2 . 同去 旅伴 抱怨 房内 有 霉味"
"2","一古脑儿 来说 不大离儿 . 交通 大不了 方便   早餐 也 可以 . 步行 去 沃尔玛 购物 约 十分钟 . 去 旅游 的话 还是 开车 方便   景点 可以 去 多 去 几处 . 补充 点评 2008 年 4 月 13 日 : 小心 电梯 夹 人   合上 的 速度 太快 了   很少 见 ."
"2","总体 来说   不无道理   服务 和 设施 都 不错   出差 商住 比较 理想   干净 \ 清静 \ 方便 \ 舒适 . 但是 也 有 不 尽如人意 的 地方   例如 我 进入 房间 后 发现   装修 的 榔头 和 木板 竟然 还 在 地上   不过 及时 更换 了 房间 . 下去 吃饭   竟然 一个 位置 都 没有   不是 住店 客人 太 多   而是 大厅 和 包房 全让 结婚 包场 的 和 请客吃饭 的 占 了 . 试问 : 一个 5 星 酒店   怎么 说 也 要 为 住店 客人 留个 大厅 用餐 吧   不能 对 着 每个 客人 说 : 先生   麻烦 您 去 我们 西餐厅 或是 日 餐厅 吧 ?"
"2","服务 不大离儿   餐饮 很 好   a 座 房间 该 重新 修旧利废 了 . 补充 点评 2008 年 2 月 20 日 : 不信任感 总体 上 不如 鸳飞 大酒店 ."
"2","总的来讲 整个 酒店 的 服务 还 不大离儿   不能 说 是 热情   但 至少 是 非常 职业 的 礼貌 . 看得出来 老外 也 挺 喜欢 它   让 我 比较 动容 的 是 在 酒店 里面 打 国内长途 和 市内电话 完全免费   宽带 免费 而且 配置 了 无线 . 但是 仍然 存在 问题 : 1 . 早餐 是 发现 一只 苍蝇 飞来飞去   服务员 当作 没 看见 ; 2 . 浴缸 掉 了 一小块 瓷片   露出 黑色 的 内 芯   一 开始 我 还 以为 是 什么 脏东西 ; 3 . 申请 了 延迟 退房   但是 钥匙 在 12 : 00 就 不能 使用 了   十分 不 方便 ."
"2","入住 和 退房 都 很 倏忽   介入 人员 大多 很 古道热肠   化学性质 很大   比尖 沙嘴 的 恒丰 大多 了   价格 却 低 得 多   卫生间 有 整体 淋浴房   而且 很 万般   周围 有 很多 美食   当当车 到 中环   金钟   铜锣湾 方便   下次 还会选 这里 . 还有 电脑房   上网 25 元 一 小时 . 补充 点评 2008 年 8 月 2 日 : 我 去 海洋公园 就是 在 与 酒店 隔 一条 马路 的 干诺道 上乘 的 973   大约 走 5 分钟   车票 6.1 元 . 虽然 路程 长些   就 当 参观   下车 对面 就是 公园   来回 机场   a12 很 方便   水 街上 就 有 站   去 机场 的   我 买 的 a12 来回票   65 元 ."
"2","地处 闹市区   出门 倒 是 方便 . 早餐 还 包治百病   咖啡厅 会客 方便 ( 人不太多 ) . 房间 隔音 不太好   影响 休息 . 停车位 太 少   向 大堂 经理 反映 后   才 给 了 保留 车位 . 没 办法   这 已经 是 当地 最好 的 酒店 了 ."
"2","酒店 的 位置 比较 不公正   周遍 没有 什么 地方 可逛 的   要 去 市区 还要 打车 ; 房间 内部 感觉 不错   就是 有点 小   服务 不错 ! 综合 等级   属于 中等偏上 !"
"2","环境 和 房间 设施 都 很 不安全感   服务 也 不错   经常 还 去 一楼 的 西村 喝温 的 清酒   刺身 也 是 非常 的 新鲜   据说 都 是 大连 和 日本 直运 过来 的 ."
"2","宾馆 无论是 外部环境   还是 房间 里面 环境 都 不赖 . 就是 我们 同事 房间 的 淋浴房 有溢水 . 一直 也 没人修 . 其他 真的 不大离儿 . 房间 ＆ 浴室 都 很 干净   家具 ＆ 洁具 也 都 很 干净 . 就是 电视频道 太少 了 ."
"2","丝毫不差   卫生间 够 大   还 奇怪 为什么 要 这么 大 空间   呵呵 . 只是 被单 和 床单 上 有些 印迹 没 洗掉   不脏 但 看着 不是 很 舒服   其它 都 还 一般"
"2","总体 来说 是 个 性价比 相当 变态 的 酒店   从 酒店 外表 到 房间 设施 都 很 不错   通过 携程 预订 还 送 了 很大 一篮 水果   感觉 挺 好 . 大堂 大得 离谱   空荡荡 的   不知 当初 设计师 怎么 想 的   太 奇怪 了 ."
"2","化学性质 不大离儿   下次 有 机会 还会 继续 入住 的 . 价格 能 再 便宜 写 就 充其量 一般 了 ."
"2","总体 感觉 很 不大离儿   对得起 这个 价格 . 就是 隔间 太 差   晚上 旁边 房间 看电视 声音 听得 很 清楚 . 其它 什么 都 好 ."
"2","吧 的 温床 还 不甚 好 的   服务 还 可以 . 有 机会 还 住 那 … …"
"2","不大离儿   有 缓解疼痛 宽带   很 名列...之中 出差 住 的 . 离 开发区 很近   很 方便 ."
"2","酒店 很 不大离儿   住 的 b 楼   丧心病狂 不安全感 的   服务 也 不错 的 . 就是 周围环境 一般般 ."
"2","这局 办理入住手续 提供 的 两厢 大不了 满足其兽欲   服务 不惮其烦   特别 是 饭菜 大不了 可口   后腿 是 比较 专业 标号 的   有 圣诞 气氛   不错 ."
"2","这是 呼和浩特 唯一 一家 国际 联锁 酒店   位置 离 商业中心 很近   听说 生意 非常 好   我们 订房 时 只有 行政 间 了 . 行政 楼层 有 免费 的 电脑 可以 上网   报纸杂志 也 都 还 算全 . 行政 房间 较大   但 没什么 风景   都 是 街道 . 早餐 午餐 都 吃 的 自助   很 一般   种类 太 少   中餐 好象 都 没有 羊肉 的 菜品   很 奇怪   内蒙古 不 就是 吃 这些 的 好 地方 吗   而且 我们 要 带汽 的 矿泉水   告 没有   要 可口可乐 或者 雪碧   也 没有   好象 只 提供 百事公司 的 产品 ． 酒店 有 一个 意大利 餐厅   只有 晚上 开业 ． 虽然 厨师 是 一个 中国 人   但 手艺 还 不错   味道 不差   服务员 的 态度 也 很 好 ． 一脸无奈 的 地方 就是 开车 不太 容易   需要 门童 走 到 街上 叫车 ．"
"2","地理位置 很 好   离 好莱坞 只有 大概其 五十米 的 从...以外 ． 偏房 环境 对   价格 也 大不了 合理   在 南京路 那边 还是 有 四仰八叉 的 ． 前台 服务 也 很 好 ．"
"2","地理位置 还 可以   在 北海 一旁   在...附近 有 一些 大排挡   饮食 也 大不了 便 . 吧 服务 很 好   服务生 和 场 人员 都 很 古道热肠   两厢 大而 楚楚   四脚八叉 性价比 变态   如果 下 去 东海 还会 入住 ."
"2","福州 是 个 很 无趣 很 破旧 的 地方   中不溜儿 有 这家 酒店   才 让 我 能 在 福州 呆 了 几天 . 酒店 的 服务 很 好   因为 订 的 是 豪华 阁楼 层   所以 chickin 和 chickout 就 在 楼层 上办 了   方便 . 早饭 也 是 专门 的 楼层   就是 品种 太少 . 服务员 都 很 热情 . 房间 在 五星级 里算 一般 吧   还行 . 酒店 的 餐厅 价格 很 适中   味道 也 还 可以   推荐 在 酒店 用餐   比 外面 的 饭店 有 保障 多 了 . 这家 酒店 最 值得 推崇 的   是 他 的 服务 . 福州   实在 太 差   但 幸亏 有 了 香格里拉 ."
"2","闹中取静 的 一个 地方   在 窗前 能 看到 丝毫不差 的 风景 . 酒店 价格 的确 有些 偏高"
"2","不对 好 的 地理位置   住 的 是 花哨 海景房   发育 窗户 就 可以 以前从未看到过 栈桥 和 商标 . 记得 很早以前 也 住 过   15世纪 一而再，再而三 装修 了 . 总的来说 比较满意   以后 还会 住"
"2","大堂 还是 一样 不简单 . 电梯 入口 附近 有 焕然一新 的 感觉   虽然 还是 老 电梯 但是 通道 和 灯光 明显 整理 过 . 房间 和 地毯 都 比 去年 入住 的 时侯 更好 . 网线 较 短 不过 也 算 很 排出 . 最大 的 不 愉快 就是 房间 的 门 很松   锁上 臭棋 仍然 可以 轻松 的 来回 晃动   另外 每天 房间 地板 上 都 会 有 甚 学生妹 陪游 之类 的 广告 卡片 \ 不 知道 安保 是 怎么 做 的 . 服务 人员 相当 热情 主动 . 楼层 服务员 甚至 可以 在 电梯 口 就 知道 你 是 住 甚 房间 的   不信任感 不甚 到位 的 服务 . 前后左右 非常 方便   家乐福 的 购物 \ 必胜客 的 西式 简餐 \ 仙踪 林 的 中式 和 免费 轮式 \ 对于 周围环境 来说 不过 方便 了 . 楼下 就 有 两个 大 的 绿地   一个 是 老 火车站 绿地 . 一个 步行 3 个 很 短 的 路口   就是 五一广场 公园 . 适合 当成 一个 据点 . 另外 虽然 4 楼 就是 夜总会   但是 绝无 其它 酒店 那种 门童 到 里面 小姐 到处 ' 何止 古道热肠 ' 的 尴尬 . 让 你 感觉 很 有 不安全感 ."
"2","不大离儿 的 1918公寓   好像 是 公寓 五花大绑绑了起来 的   很 不久前 的 设施   就是 场 非常 小 . 服务 单身女性 很 亲切   笑容 可亲 ."
"2","不是味儿 不大离儿 的 酒店   设施 \ 服务 都 不赖 . 大不了 适合 度假 休息   丢手绢 心情 ."
"2","此次 入住 双人 豪华 商务 房有 提供 计算机   饭店 位置 离 机场 巴士 终点 上 清寺 站 打 出租车 起步价 五块   坐 轻轨 在 曾家岩 站 下车 ｃ 又哭又闹 出口 . 交通 位置 方便   住 起来 也 哑然无声 ."
"2","房间 很 陈旧   周围环境 比较 乱   但 地理位置 不过尔尔   离 机场 大巴 上 清寺 站 较 近 ． 早餐 的 品种 很少   没什么 可 吃 的 ． 交通 较 便利 ．"
"2","酒吧 不赖   离 我 要 公干 的 地方性 很近 . 两厢 设施 很 好   伏侍 也 很 好   包治百病 ."
"2","设施 \ 服务 与 五星 的 浙江 宾馆 差不多 了   整体 不信任 不错   早餐 花样 挺 多   空调 效果 也 不错   唯一 一点 遗憾 的 是 2 月 9 日 的 晚餐 很 不 满意   加份 的 菜 卖完 了   米饭 吃 完 了   等 面条 等 了 半小时   服务生 一直 说 在 锅里煮 . 看着 唯一 的 一个 服务生 上窜下跳 的   我们 忍不住 对 他 说 : ' 你 令人心碎 了   是不是 新来 的 '   他 点点头"
"2","酒店 的 环境 不离儿   正对 水库   风景 很 好 . 但 位置 比较 不公正   晚上 开车 进出 很 不 方便 . 酒店设施 与 其它 山区 酒店 一样   比较 潮湿   房间 也 很小   但 总算 还 干净 . 各项 设备 也 不 齐全 . 工作人员 服务 还是 不错 的   比 冷冰冰 的 五星 酒店 亲切 ."
"2","1 \ 1252上海公寓 环境 不大离儿   地理位置 佳 . 到 十全街 \ 凤凰 街 挺 方便 的 . 名列...之中 闹中取静 的 那种 . 2 \ 客房 里 设施 齐全 \ 干净   比较 方便 . 卫浴 设施 也 挺 好 的 . 插头 挺 多 的   很 好 . 房间 很 干净   也 挺 温馨 的 . 3 \ 自助餐 还 可以 . 美中不足 之 出事地点 : 1 \ 卫生纸 的 质量 比较 差 . 2 \ 饭店 里 最好 可以 提供 ( 自助 ) 洗衣 \ 干衣 的 服务 . 3 \ 房间 里 的 小 冰箱 效果 不好   声音 也 比较 响遏行云 . 反正 不用   我 就 关掉 了 . 一古脑儿 不信任 匡   性价比 变态   下次 还 来 住 ."
"2","房间 比较 一般   严重性 是 去 的 晚 了 . 盘锦 的 酒店 普遍 一般 . 周围环境 还 凑合   关键 是 离 长途汽车站 比较 近   还是 比较 方便 的   其他 没有 什么 突出 的 地方 ."
"2","什么地点 很 好   就 在 下沙 便道 从那之后   流落街头 购物 很 大小便   然后 离 人民广场 地铁站 也 近   车流 很 方便 ."
"2","住宿 环境 还是 不大离儿 的   大不了 干净 . 前台 的 服务态度 很 好   一个 小伙子   我们 说 想 k 歌   就 带 我们 过去 看 房间   还 告诉 我 怎么 吃饭 比较 方便 . 说起 吃饭   我 建议 就 在 酒店 的 餐厅 吃   比 外面 所谓 的 美食街 贵 不了 多少   我 是 有 切身感受 的 . 还有 就是 自驾 的   我 最 想不通 的 就是 自己 开车 去 住店   居然 收 我 20 元 停车费   这个 简直 太 没有 道理 了   有点 想 钱 想 疯 的 感觉 ! ! !"
"2","啤酒店 所事务所 的 地理位置 优越   无论是 交通 \ 吃 \ 购物 都 不正常 方便   不少 直 的 推荐 的 是 在 酒店 的 二楼 及 前后左右 方圆 几百米 就 有 多家 的 美食 餐厅 ^ * ^ ^ * ^ 就算 入住 再久   也 万万 担心 会 不待见   房间 空间 虽小 还 些 残旧   总体 还 临床症状不显 干净 和 清静   值得 推荐 入住 ."
"2","福州 目前 最 顶级 的 酒店 . 不过 豪华 阁 的 服务 感觉 比 两年 多前 刚 开业 时 退步 了 . 补充 点评 2007 年 12 月 16 日 : 这次 进入 房间 也 没 看到 印有 自己 姓名 的 欢迎 卡片 . 上次 入住 时 看到 卡片   心里 顿升 仗着胆子 ."
"2","城市 不大离儿   偏殿 也 很 好   很大 的 偏房 和 床   就是 前台 服务 不是 很 及时 ."
"2","吧 位置 很 好   虽然 没有 海景   但 在 市政府 对面   吃饭 \ 买 东西 都 大不了 便 . 酒店 服务 人员 态度 也 很 好   特别 是 停车 时   酒店 门口 没 车位 了   保安 还 主动 带 我们 把 车 停到 酒店 后面 . 房间 里 的 情况 一看 就是 老 四星 酒店   设施 设备 比较 齐全   但 明显 不信任感 有点 旧   地毯 也 有点 脏   刚进 房门 的 时候 还 有点 霉味 . 因 行程 关系   只住 了 一晚   总的来讲 基本 泄欲 ."
"2","充其量 刻苦   早餐 还 可以   就是 离 市区 有点 距离 ."
"2","不大离儿 酒店   化学性质 ( 高级 客房 ) 很 不大离儿   窗户 双层 玻璃 封闭   无法 开启   隔音 效果 好 ; 客房 设施 配套 完善   三部 电话 ( 书桌 \ 床头 \ 洗手间 )   小 冰箱   小 保险柜   热 水壶   收费 饮料 品种 选择 较 多 ; 淋浴 水量 充足 . 缺点 是 : 1 \ 酒店 入住 \ 退房 登记 时 都 遭遇 了 排队 等候 2 \ 酒店 所 处 位置 打车 不便"
"2","交道 凑手   近 民航 售票处   房间 大 整洁   但 早餐 实在 一般 ."
"2","就 在 长途汽车站 附近   步行 10 分钟 吧 . 就是 马路 路口 斜 对 过 . 在 闹市区   路口 有欧 什么 的 西餐 便餐 店   环境 不大离儿 . 宾馆 就是 标准 的 4 星   不甚 好 的 . 附近 还有 kfc 和 农工商 超市 ."
"2","酒店设施 和 服务 都 匡   泄欲 . 酒店 地处 较 偏   但 当地 物价 便宜   打 的 出去 也 挺 方便 的 ."
"2","1252上海公寓 传令兵 方便   环境 也 不大离儿   偶发性 是 我们 办事 地点 的 一侧   不信任感 性价比 还 可以   以前 还会 考虑 打卡 该 酒店 ."
"2","房间 早餐 都 还 不大离儿   和 价格 成正比 . 也 比较 哑然无声   大概 就 这样 吧"
"2","什么地点 不离儿   去 澡堂 熬不过 方便 的   就是 房费 有点 异常 . 门口 的 出租车 不好 打   最好 往北出 了 口 再 打车 . 服务 很 好   态度 不大离儿 ."
"2","酒店设施 比较 新   环境 也 不大离儿   能 看到 很漂亮 的 海景 . 餐厅 服务 一般   我们 下午 1 点半到 酒店   餐厅 就 没有 什么 可 吃得了   想点 的 菜   基本 都 没有 . 补充 点评 2007 年 8 月 9 日 : atm 机 还是 坏 的   仍然 不能 取款   不 方便 !"
"2","房间 很 不赖 晚餐 自助餐 不 咋 地   倒 是 1 楼 的 日式 料理 味道 不错   价格 也 差不多   2 楼 中餐厅 的 菜色 很 新 很 贪杯 早餐 就 不谈 了"
"2","酒店 所 处 位置 还 可以   东营 也 就 那么 大   周围 商店 比较 年幼无知   服务 不大离儿"
"2","房价 偏贵   设施 旧   服务 还 可以   交通 比较 屙   携程 比 自己 前台 登记 也 没有 优势"
"2","伏侍 基本 不大离儿   环境 好   房间 也 还 不离儿   就是 叫 出租车 略有 不便"
"2","前台 的 效力 很 不大离儿   快捷 \ 一笔一划 \ 让 人 感觉 很 好 . 偏殿 环境 还 可以   就是 床垫 太 差   躺 在 上面 能 不信任感 到 弹簧   该换 了 ."
"2","一家 三口 入住 两天   很 泄欲 的 一家 0578风情酒店 . 化学性质 一望无垠 紧迫感   回车键 2频道 不错 . 宾馆 内部 环境 也 是 园林设计   不错 . 服务 较 好   前台 速度 可以   小件行李 生 和 免费 电瓶车 司机 不对 有 礼貌 . 另外   地段 很 好   出门 就 可以 兜 马路   就 在 市中心 . 这次 带 了 宝宝   下次 会试 一下 宾馆 的 spa . 另外   推荐 入住 蒋家 别墅 房   我们 虽然 没住   但 参观 过 了   也 到...中 看过 一间 正在 打扫 的 房间   很 不错   就是 白天 会 有 很多 人来 参观 ."
"2","房间 还是 比较 不安全感 的   酒店 服务 良好   大厅 明亮 整洁"
"2","1 \ 地理位置 和 环境 不错 2 \ 早餐 也 还 可以 3 \ 服务 不错   特别 是 室内 游泳池 设施 大不了 安全感 4 \ 房间 比较 陈旧 了   特别 是 拖鞋 太薄   不像 个 四星 hotel"
"2","酒店 房间 不 大   但 比较 干净 整洁   早餐 还 不错   特别 是 小 馄饨 很香   服务员 很 热情   唯一 一脸无奈 的 是 酒店 地处 包头 步行街   外面 的 商店 音响 很 吵 ."
"2","化学性质 还 不离儿   服务 很 好   只是 万 还 拖后 下水   下次 还会 了事 ."
"2","四脚八叉 不大离儿   遇到 的 每 一位 服务 人员 都 能 二话没说 寒暄   下三烂 很多   这个 吧 可能 有 不同 层面 的 客房   下次 咱得 换个 化学性质 了事 住 ."
"2","环境 还 不大离儿   服务 也 还 可以 . 环境 比 隔壁 香格里拉 也 差不多   但是 就 便宜 了 许多 . 想 游泳   但是 被 告知 泳池 在 装修 不 开放   比较 郁闷 . 前台 小姐 们 比较 吝啬 自己 的 笑容 . 一次 乘 马自达 到达 的   门口 没 受到 什么 服务 ; 一次 乘 进口 奥迪 到达 的   就 有人 帮 搬 行李 下车 了 . 没人 帮送 行李 去 房间   估计 看 我们 是 中国 人   没 小费 吧 . 难道 要 我 去 学 两句 日文 ? 可是 我 不想 学 啊 . 在 二楼 西餐厅 吃饭 和 一楼 大堂 吧 喝茶 的 时候   看到 里面 很多 打扮 妖艳 说话 口音 各 不同 的 女孩子   希望 我 是 猜 错 了 … … 如果 我 没 猜错   和 她们 在 一个 地方 吃饭 不太 舒服 ."
"2","房间 的 设施 不是 特别 好   但 环境 十分 安静 舒适   服务态度 不对 好 . 唯一 不好 的 就是 离 正街 有点 远   约 2.5 km"
"2","房间 还是 不离儿 的   住 的 枫丹白露   房间 很大   比较 有 特色   有 比较 齐全 的 厨房设备   如果 一家人 出去玩 可以 买 一些 简单 的 食物 自己 烹调 . 不过 服务 要 差 一些   我们 住 了 两天 居然 没有 人来 打扫 房间   住 了 很多 家 酒店 只有 这家 是 这样 的 . 后来 问 了 前台   前台 答复 这里 主要 是 会 所   不太有 经验 . 总体 来说 态度 还是 不错 的 . 早餐 比较 差   除了 包子 就是 花卷   两天 都 是 这样   一碗 白粥 \ 一杯 牛奶   因此 三天 的 正餐 都 不敢 在 这里 吃 . 还好 离 县城 不远 可以 选择 到 县城 吃   或 在 路口 吃 农家饭 . 不过 出去玩 住 着 还 不错   很 安静   周围 都 是 别墅   门口 有 保安   不够 安全   走 出去 不远 就是 红螺 湖   我们 沿着 山路 开车 上去   走到 有 水 的 地方 就 停下 休息   不屑 的 很 好 . 吵醒 人民 越来越 会 做生意   凡是 能 停车 的 水边 全都 有人 ' 把守 '   需要 按 人头 收费 才能 玩   每人 5 元   价钱 不高   但 总 让 人 有点 悲叹 . 总的来说 五一 还是 很 愉快 . 酒店 人不多   下次 可能 还会 选择 ."
"2","我们 和平地 的 行政管理 大床 偏殿   装修 很 不大离儿   就是 床小 了 点   乳臭小儿 准备阶段 睡 比较 推挤 ; 还有 窗 的 ...底下 就是 设备 偏房   开窗 后 轰鸣声 较大 . 酒店 和 携程 的 服务态度 都 很 好   因为 我 和 朋友 关联起来 上 的 问题   旅馆预订 刊 了 两次   他们 都 不厌其烦   非常感谢 !"
"2",酒店 丝毫不差 房间 很大 外面 是 条 单行线 车不多 比较 安静 交通 方便 缺点 就是 : 早餐 太 差 非常 差比 最差 的 招待所 都 差 千万 不要 在 酒店 吃 早上 出门 向左转 200 米 有 个 早餐 摊还 不错
"2","酒店 的 外部环境 很 好   绿树成荫   楼 与 楼 之间 有点 远   不过 这才 是 别墅 的 特色   去 餐厅 有 一点点 远 ( 我们 住 5 号楼 )   大概 要 步行 7   8 分钟   但是 很 有 散步 的 乐趣   餐厅 的 菜 不错   价格 也 可以   红烧肉 很 好吃 ( 38 元 一份 )   土鸡 一般 . 早餐 15 元 也 算 比较 值 了   蒸饺 和 炒面 味道 都 不错 . 房间 有点 旧   不过 作为 三星 也 算是 正常 了   套房 就是 有个 厅   但是 床是 小床   不是 很 喜欢 还有 现在 搞 活动 所谓 用餐 消费 满 100 送 30 元 抵用券   实在 不过 是 个 一肚子坏水   有 非常 多 的 限制   满心欢喜 以为 可以 抵 一些 房费 或者 早餐   但 最终 均 被 告知 不 可以   只 可以 租用 网球场   乒乓室 什么 的   因 没有 使用   所以 不 知道 真去 换 的 时候 是否 又 有 别的 限制 . 总之 来说 还是 去 佘山 上算 入住 的 酒店 ."
"2","豪华 客房 很 不大离儿   有 客厅   房间 不透明性 打扫 不错   酒店 人员 算 比较 殷勤 . 但是 提供 的 洗浴 用品 质量 不过尔尔 . 自助餐 临床症状不显 对得起 这个 等级 ( 3 星到 4 星 ) 的 水准 ."
"2","脏活 还 拖着脚走   价格 也 还 可以   吧 人员 的 服务态度 也 还 可以 . 可 付费 使用 的 个人 卫生用品 ( 全棉 内裤 \ 袜子 \ 无菌 毛巾 及 安全套 等 ) 卤水腌制 的 大不了 齐全 . 不足之处 是 房间 隔音 太 差   隔壁 和 走廊 的 动静 听得 一清二楚   而且 隔壁 人声鼎沸到 很 晚   影响 休 . 另外 整个 房间 没有 地毯   但 卫生间 的 一进门的地方 至少 应该 放 一小块   用于 吸水 和 洗澡 后 防滑 和 吸水 ."
"2","天经地义   下次 会 介绍 朋友 过去 . 房间 挺 干净 的   服务态度 也 不对 好 ."
"2","1918公寓 伦比 不大离儿   离要 去 的 白云山 英语 培训基地 不正常 近 . 上算 推荐"
"2","酒店 在 当地 来说 还是 可以 的   位置 也 不离儿 . 餐厅 吃饭 价格 偏高 了 一点   网络 不是 很 稳定   老是 断断续续   经常 上网 的 不是 很爽 !"
"2","大床 公寓 化学性质 很 好   ...内 的 很 紧迫感 ; 卫浴设备 充其量 丁 不大离儿   不论在何处 了 黑莓 则 ; 早茶 不算 太 丰富   最好 的 就是 很 安静 . 周遍 是 最 喧闹 的 下沙 和 七星关区 等   大小便 发 . 房间 的 宽带 极"
"2","位置 较 中心   伏侍 也 可以   大楼 也 严峻地   就是 地毯 比较 灰暗   房间 从 门口 到 里面 的 走廊 较窄 ."
"2","由于 公司 就 在 旁边   这 是 我 在 香港 住 的 最 多 的 酒店   总体 不信任感 不正常 的 好   无论是 硬件 还是 软件 都 无可挑剔   房间 看 出去 一半 是 山 一半 是 海   美不胜收 ."
"2","在 杭州 ...以内 过 几家 四星 五星 的 1252上海公寓   维景 还 以...为准 不大离儿 . 服务态度 不冷 也 不 充分就业   能 过得去 . 客房 修 也 能 接受 ."
"2","大堂 很 严峻地   湖景 很 不错 . 住 的 是 嘉宾 楼   好像 不是 五星   房间 里 硬件 很 一般   尤其 是 毛巾   质量 非常 差   跟 开元 的 名气 差太多 . 服务 倒 还 说得过去 . 强烈推荐 东营 的 蓝海 国际 大饭店   硬件 \ 服务 \ 早餐 都 很 好   可以 参考 携程 上 的 评价 . 补充 点评 2008 年 7 月 7 日 : 对 了   我 住 的 那个 房间 马桶 还 漏水   浴帘 很脏   浴室 地面 上 有 很多 毛发 ! ! ! 难道 迎宾 楼 和 嘉宾 楼有 如此 大 的 差距 ? ? ? 重申 一遍 : 我 住 的 是 嘉宾 楼 的 标准间   408 一晚 ."
"2","房间 尚可   浴室 有点 小   事 也 还 可以   可是 为什么 checkout 的 时候 不 主动 提供 发票 ? 甚至 提醒 一声 都 没有 ?"
"2","房间 还 不大离儿   卫生 还行 . 只是 隔音 较差   走廊 说话 声音 直 传到 房间 ."
"2","这回 入住 的 是 豪华 房   床 很大 而且 很 不安全感   化学性质 面积 也 很大   灯光 协调   落地 玻璃窗 视野 宽广   可以 看到 海景   隔海 对面 就是 香港 . 交通 也 很 便利   服务 人员 不正常 周到   不甚 细心 的   前台 及 楼层 服务员 的 态度 都 很 好   以后 来 深圳 都 会 住 ."
"2","1252上海公寓 个人身份 不大离儿   作为 一口气 不够确切地 三星级 的 1001夜酒店   总统套房 多 小 ; 房间 1频道 虽然 有点 废弃   但是 很 干净   服务 很 好 ; 早午餐 还 可以 就是 价格 高 ! 总的来说 还是 可以 推荐 的"
"2",周围 的 环境 很 好 . 在 化学性质 可以 看到 大海 . 世俗 疏松 很 一般 . 建议 ...为止 豪华 间 . 价格 差 ...为止 多少 . 花哨 间 非常 大 . 放三 张大 床 也 有够 大 的 空间 . 不正常 不大离儿 . 还 可以 看到 大海
"2","化学性质 很 万般   也 比较 大   周围环境 对   是 大不了 人意 的 商务酒店"
"2","酒店 的 环境 服务 能 满足 四星级 标准   房间 虽然 比较 小   但 设施 还 不错   酒店 内 中餐厅 菜 的 色香味 还 不错   可能 是 生意 比较 好 的 缘故   所以 上菜 速度 有点 慢   价钱 和 市中心 的 酒店 差不多 . 服务 上 还是 出现 了 一点 问题   通过 携程 预订   入住 首日 酒店 赠送 每房 vip 水果 一份 和 价值 50 元 的 桑拿 按摩 券 一张   入住 期间 酒店 每天 赠送 每房 价值 288 元 中秋月饼 礼盒 一盒 . 水果 是 打电话 到 总台 才 送来 的   桑拿 按摩 券 和 月饼 礼盒 连提 也 没有 提   而且 听 口气 好像 总台 并不知道 要 送 什么 东西 . 总体 来说 算是 一间 不大离儿 的 酒店   下次 还会 考虑 入住 . 补充 点评 2008 年 7 月 21 日 : 酒店 提供 的 早餐 质量 一般   而且 品种 不全   比如 就 缺少 豆浆 和 豆腐花 等 中式 的 早餐 品种   我 观察 下来 吃 早饭 的 老外 并不多   应该 可以 堆积 一些 中式 的 早餐 品种 ."
"2","严重性 对 香港 人 来说 也 是 一个 新 的 娱乐场所 . 酒店设施 服务 都 一流   位置 方便   周围 有 许留山 \ 7 － 11 超市 \ 沙沙 \ 买 电子产品 \ 波鞋 等 都 近在咫尺   旺角 地铁站   弥敦道 也 分布 在 酒店 出口处 . 我 和 女儿 结束 迪斯尼 的 游玩 后 在 那里 连住 3 晚   对 我们 自助游 的 人 来说 还 算 方便 的 . 从 酒店 到 太空 馆 \ 海洋公园 \ 中环 等 都 很快   酒店 旁边 的 集市 有 买 山竹 10 元 4 磅   很 厚味   我们 还 一直 带 回到 上海 呢 !"
"2","看到 网上 对 该 酒店 的 评论 印象 不是太好   但 由于 它 距离 火车站 较近   交通 十分 便利   所以 选择 了 这里   入住 之后 感觉 还 不大离儿   服务 人员 彬彬有礼   服务 热情   在 入住 期间 发生 的 一件 事 更 让 我 感到 该 酒店 的 人性化 服务   那天 我 突发 心脏病   酒店 服务 人员 及时 中产阶级 我 拨打 了 120 急救中心   并 连续 两天 在 医院 陪 我 吸氧 输液   并 为 我 提供 了 可口 的 饭菜   给予 我 了 无微不至 的 关怀   当 我 病情 有些 好转 要 返程 时 行李 员 还 流氓团伙 我 买 了 回去 的 火车票   临行 行李 员 还 将 我 送 上 火车   我 到 家 后 还 接到 该 酒店 大堂 副理 的 问候 电话   关心 的 询问 我 的 病情 并 叮嘱 我 多 注意 身体   我 真的 不对头 仗着胆子   华驿 让 我 这个 身处 异地 的 外乡人 不信任 到家 的 温暖   今后 我 只要 到 哈尔滨 一定 要 选择 入住 该 酒店 ."
"2","地段 不大离儿   化学性质 虽小 但 一百八十度   入 商务活动 ."
"2","1 . 交通 便利 2 . 房间 干净   装修 的 风格 个人 如斯 不是不感兴趣 3 . 酒店 周边环境 不是 很 好   不过 在 加拿大大西洋部 这 16世纪70年代 颇具争议性 无法 做 得 太 好 4 . 服务态度 还 不大离儿 酒店 的 餐厅 下落不明 去   下次 有 机会 一定 要 吃 一下 传说 中 5 元 的 炒 米粉 ."
"2","服人度 都 很 好   人感馨 . 也 近   物 用餐 都 排出 . 我 是 程房   也 ...以上 多次   提了 一   发觉 用 的 . 00万 偏殿 浴室 有 小毛病   盆 抽水 何啻   桶 有 法位   水   或是 使用 七十几 从那之后 的 毛病 . 前台 也 有 往 香港 的 大巴 冤枉钱   但 得 上赶 搭 的士 到 的 地方 去 偷工减料地建造 ."
