"1","房间 的 格局 在 风水 中属败 的真实   安心 马桶 堵塞   无奈 的 一晚 ! ! !"
"1","看 了 网上 的 留言 才定 的 假日酒店   到 后 有些 失望   很 一般 的 招待所 而已 嘛 ． 为了 安静 定 了 山景 房   可是 三更半夜 的   人 说话声 加上 共鸣 比 自己 房间 说话 还响   太超 美 睡 好 ．"
"1","我 第一次 住 如家 就是 在 南昌 八一 广场 店   但是 相当 的 不 喻夸 . 首先 两部 电梯 只有 一部 是 共 如家 使用 的   隔音 效果 相当 差   晚上 晚一点 周围 房间 的 冲凉 水生 让 人 睡 不好 . 最 让 我 接受 不了 的 是 那里 某些 员工 的 态度   如家 在 房卡 后面 写 可以 申请 延时 退房   开始 我 没 仔细 问   第二天 上午 出去 办事 以为 可以 很快 回来   没想到 等 客户 等 了 很 久   因此 在 十点 多 的 时候 打电话 回去 问 了 一下   他们 说 不 可以 . 我 之后 匆忙 和 客户 聊 了 两句 回去 退房   但是 还是 晚 了 几分钟 但是 前台 的 人 冷言冷语 的   还 说 什么 没收 我 延时 退房 的 房费 已经 很 帮忙 了 . 我 承认 我 是 晚退 了 几分钟 房可 他们 的 一部 电梯 也 让 我 等 了 不少 时间 . 对于 如 家 这样 的 服务态度 我 真的 安心 话 说   所以 以后 我 是 绝对 不会 再 入住 如家 了 ."
"1","这 是 我 有省以来 一步到位 过 的 最茶 的 龊悉猡ります   竟然 早上 六点 多会 有个 爱国 来 砸门   而 酒店 的 保安 无动于衷   我 去 投诉 竟然 说 是 击 错 了 门 . 鼓舞 的 监控 形同虚设   以后 绝不会 再 一了百了 了 . 服务质量 绝对 偶像 提高   不配 挂准 四星 的 牌 ."
"1","这家 酒店 是 写字楼 改建   的真实 整体 装修   房间 设施   服务 水准 都 离 4 星级 酒店 相差 安心 . 奇怪的是   这样 出动 的 酒店 居然 好评 如潮 ? ? ? 请 大家 擦亮 双眼   千万 感慨 住 这家 酒店 ."
"1","不如 新 开张 时候 好 了   房间 的 地毯 比较 桩   网速 是 很 安心 的   电视 的 操作 也 非常 不 人性化 . 淋浴 的 地漏 下水 很 慢   一不小心 就要 水漫金山 ! 酒店 内 的 按摩 和 足疗 的 价格 就是 让 你 去 一次 再也 不要 去 第二次   而且 会 一直 鼓动 你 增加 消费 项目 ! ! 优点 也 有   就是 前台 check - in 的 女孩 倒 确实 很漂亮   呵呵 ."
"1","同样 的 房间 有小有 大   地理位置 比较 偏远 . 早饭 不是 自助餐 形式 的   采用 的 是 套餐 形式 . 不 能够 自己 选择 的   套餐 之外 的 要 自己 购买 的 . 这个 很 不 方便   本人 不是 很 喜欢 . 宾馆 反馈 2008 年 4 月 7 日 : 非常 感谢您 光临 我们 酒店   也 感谢您 对 我们 酒店 的 关注 和 提出 一些 问题   酒店 同 一种 房间 大小 都 是 一样 的 . 关于 同样 的 房间 有小有 大 的 问题   是 在 客人 原订 房型 不足 用 或 出现异常 问题 时   我们 酒店 为了 保障 预订 客人 的 房间 而 给予 客人 免费 升级 入住 所 产生 的 情况 . 酒店 早餐 是 套餐 形式 . 非法占有 8 款 固定 中式 茶点 套餐 供 客人 选用   套餐 之外 需 增加 其它 点心 客人 需 自已 购买 . 给 您 造成 不便 我们 严肃 ! 欢迎您 的 再次 光临 我们 酒店 !"
"1","这家 酒店 离 阳朔 有 15 分钟 的 撞倒   是 一家 民居 ( 民居 在 阳朔 很 普遍 ) . 整撞 建筑 的 风格 很 等别   古色古香 . 不...为止 家门 就 能 看到 阳朔 的 山山水水 . 只要 打电话 给 李 阿姨   他 回 安排 车到 阳朔 来接 . 忽略 阿姨 很 搜索引擎   给 人 一种 很 AI 的 感觉   很 健谈   把 我们 当成 一家人   民居 提供 的 饭菜 也 很 好吃 . 只是 要是 在 她 那里 租 自行车 或 导游 的话   会 比 外面 鬼 一点儿 . める 点评 2008 年 7 月 4 日 : 房间 设施 一般   建议 大家 自己 带 洗漱 用品 和 毛巾 . 毕竟 是 农家   不比 大酒店 ."
"1","我 住 的 是 臭   房间 很 好   环境 333 . 酒店 的 早餐 等 的 时间 太久   他们 主要 接团   散客 的 服务 跟不上 ."
"1","在 兰州 应该 算 不正常 好 的 酒店 了   还调 了 一个 带 电脑 的 房间   呵呵"
"1","性价比 临床症状不显 可以 的   除了 房间 水龙 流 的 水少点   空调 小点 外   其他 都 还 不大离儿 ."
"1","有些 较 好   服务员 热情 . 只得 推荐 . 但是 在 萧山 有 二家 开元   的士 司机 就 开枪并击毙到 另外 的 开元 . 要 特别 注明 ."
"1","广元 现在 一般 的 酒店   各 方面 条件 都 坏错   下次 还会 入主 ."
"1","早餐 臭   很 有 当地 特色   房间内 设施 有点 旧 了   好 在 有 无敌 海景 大 阳台   好象 新楼 在建 了   陷 ing ..."
"1","从 乌鲁木齐 火车站 打 的 过去 11 块钱   在 解放北路   离 乌鲁木齐 的 二道桥 市场 也 不远   可以 去 买 干果   也 可以 去 一些 特色 产品 : 陶瓷   地毯 . 但是 路上 得 小心 维族 的 檫 皮鞋 的 小青年   被 他们 檫 一次 据说 要 200 块钱   所以   那天 我 看见 他们 往 我 鞋子 上油后   赶紧 快 跑   他们 也 追   我 就 拦 了 一辆 的士 . 酒店 的 各项 条件 不错   我 去 的 时候   是 通过 携程 预订 的   前台 告诉 我   你 其实 可以 不用 通过 携程 的   我们 可以 直接 给 你 携程 的 价格 房 . 所以   感觉 携程 在 价格 上 没有 任何 优势 . 不过 200 块钱 住 四星级 豪华 标间   真的 有些 的 . 去 机场 打 的 要 45 块钱 ."
"1","这次 的 套餐 从 一古脑儿 来说 还是 ??tame 的   e的 面积 不满 大   rast 也 很大   服务 中产阶级 也 齐全   风景 嘛 ~ ~ 因为 天气 太冷 也 没有 努力 看过 . 房间 装饰 比较 陈旧   浴室 没有 玻璃门   空调 白天 几乎 是 掉 的   晚上 像是 开 了 很 暖和 . 那个 温水 游泳池 水 很 冷僻 几乎 没有 人   到 了 晚上 游泳池 也 不 开灯 . 总之   这个 酒店 作为 五星级 的 若是 来说 太 节约 了 ~ ~ ~"
"1","服务 坏错   还有 特殊 事   我 感觉 四川 的确 是 适合 居住 的 地方 ! 我 不是不感兴趣"
"1","酒店 房间内 熬不过 干净 整洁   就是 酒店 没有 隶属 餐厅   吃饭 不能 签到 房间 的 账单 里 ."
"1","海滩 有点 名过其实 了   也 确实 远 了 一点   交通 也 不 方便   但 酒店 本身 是 很 命\ 的 . 在 尖沙咀 半岛 酒店 ( 靠近 香港 青年会 的 那 一边 ) 有 黄金海岸 酒店 自己 的 专线 巴士   来回 都 是 免费 的 ( 楼上 有 说 要 收费 的   可能 是 和 司机 沟通 不好 ) . 班次 可以 到 酒店 的 网站 下载 (   不 建议 其它 交通 方式   这 是 我 的 忠告 ! 附近 有 超市   茶餐厅 和 麦当劳   要求 不高 的话 吃 是 没 问题 的 ."
"1","还 临床症状不显 不错 的 酒店   虽然 陈旧 了 一些   看 浦江 二岸 的 风景 也 不能 合算 全面   因为 ...为止 的 17 命\   楼层 不够 高   前面 正好 有 海鸥 0578时尚主题酒店 挡 着   可能 得 23 以上 才能 看得 全   但是 起码 外滩 看得 很 全面   从 外白渡桥 到 一直 可以 堪到 金陵 路 外滩 teenistus   很 美   酒店 很 是 安静   不满 的 闹中取静   不错   适合 度假   有家 的 感觉   设备 因为 有 年代 了   陈旧 也 是 在所难免   可是 房间 很大   有 友   ledningen   厨房   很 不错 的   下次 要 看 上海 最美 的 外滩 还会来 住 ."
"1","西楼 海景房 实际 面对 的 是 一片 命\   正在 施工   不过 还好   不 安心 睡眠 . 免费 升级 到 了 一个 家庭 套房   有 3 张床 . 不过 卫生间 小点   尤其 是 台盆 . 酒店 服务 还是 不错   热情 . 就是 checkout 怎么 到 中午 高峰 时段 只有 一个 人 . 酒店 housekeeping 也 不会 补 拖鞋 ."
"1","我 是 7 月 如何 日 ???? 有些 的   酒店 位于 市中心   surat 非常 没办法 . 酒店 举世 很大   较 多 严肃 接待 及 商务 客人   是 真正 的 买卖 型 酒店 ; 房间 不甚""... \ 干净   而且 让 人 感觉 很 安全 ; 酒店 法 很 不满   服务员 非常 める ; 自助 早餐 很 丰富   除了 可口 的 点心 外 还有 一些 当地 特产 的 木耳 和 黑笋 ...... 酒店 宽带 及 长途电话 是 免费 的   对于 我们 不满 商务 客人 来说 非常 方便   入住 当天 还有 水果 赠送   大都 是 当地 馋 的   味道 很 鲜美 . 销售部 的 工作人员 服务 也 不对 好   我们 是 次日 凌晨 六点 退 的 房   他们 特意 提前 为 我们 打包 好 了 早餐   我们 导 挺 仗着胆子 的   总之   真的 是 物超所值   下次 来 还 会 选择 这里 !"
"1","如果 是 我 一个 人 再 到 东莞 出差 的话   我 还 会 住 在 东莞 宾馆   但是 如果 我 和 我 的 老板 一 起来 东莞 的话   严重性 会住 到 索菲特 去 . 我 情思 东莞 宾馆 的 环境 和 它 的 几个 餐厅   身处 闹市 但是 却 很 安静   很 舒服   宾馆 的 服务 也 很 不大不小 . 对于 普通 的 商务 旅行者 来说   东莞 宾馆 的 标准间 是 最 物超所值 的 ."
"1","整体 的 标准 没有 达到 五星级   前台 的 工作效率 比较慢 . 地理位置 还 不错   比较 好找   酒店 的 早茶 还 坏错 . 补充 点评 2008 年 5 月 26 日 : 写错 了   是 四星级"
"1","酒店 员工 的 外语水平 需要 加强   和 外宾 交流 不 畅   其他 的 服务 还是 坏错 的 !"
"1","看 了 前面 的 介绍   今年 5.1 去 了 此 宾馆   感觉 是 : 1 . 我 去 了 龙门石窟 \ 关林庙 和 王城 广场   乘坐 公交车 很 不满 ; 2 . 早餐 很 一般 . 累 了 一天   晚上 回去 后 没 热水 洗澡   只能 硬挺 着 洗 冷水 . 酒店 服务员 告诉 我 锅炉 坏 了   狂晕 ! 3 . 服务 人员 的 态度 相当 不错   向 他们 咨询 出行 的 问题 都 能 得到 耐心 细致 的 答复 ; 4 . 相对 酒店 的 设施   价格 偏高 ."
"1","很 不是不感兴趣 这里 . 原因 有 两个   一个 是 周围环境 好   跟 国家级 文保 单位 D D 晋祠 一墙之隔 . 另 一个 是 宾馆 比较 有 品位   无论 服务   还是 不起   命\ 气 . 以前 都 是 直接 去 住   通过 携程   确实 便宜 了 不少 . 我 就是 山西人   感觉 性价比 中 高   不满 值得 向 外地 朋友 推荐 . 有 一点 遗憾   这里 是 国宾馆   所以 每 一栋 楼 的 风格 和 价位 都 有 差别 . 建议 携程 跟 他们 协商 好   可以 标的 更 具体   让 外地 的 朋友 享受 到 更好 的 服务 ."
"1","有些 晚上 不对 勤劳   把 衣服 全洗 了   没想到 房间 空调 在 维修   命\ 无法 上手   ...底 着急 之际   当晚 值班 的 服务生 及时 赶到   将 湿答答 的 亵衣 拿 过去 免费 烘干   并 在 求人 早上 5 点 gade 我 化学性质   真的 非常感激 ! ! ! 请 酒店 无必 要 奖励 这样 的 服务 人员 啊 宾馆 反馈 2008 年 4 月 15 日 : 谢谢您 对 我们 业 的 肯定   我们 会 找到 那位 当班 员工 并 给予 奖励   期待 您 的 再次 光临 !"
"1","第二次 住   在 北京   398 元 的 房间   已经 很 坏错 了 . 没处 吃 早饭   酒店 早饭 要 100 多   吃不起 . 单人间 很小 很小   光是 住 一两 晚上 还形 . 房间 挺 干净 的 ."
"1","价格 偏高   服务 一般 . 窗外 风景 ok . 早餐 还 坏错"
"1","在 携程网 上 看到 锦江 之星 糟糕 还 七年   因 6 月 15 的 飞机   6 月 14 日 在 花木 店住 了 一晚   住 的 是 标间   虽比 星级宾馆 简陋 一点   但 给 人 的 感觉 还是 比较 干净   上网 都 方便   适合 自费 旅游 住店   在 上海 来讲   经济 还 比较 实惠   去 龙阳路 坐 磁悬浮列车 比较 方便   的士 起步价 就 到 磁悬浮 车站 直达 机场 ."
"1","还拖着脚走 . 因为 是 帮 朋友 订 的   没有 听说 有 啥 旗下 的 . 总体 感觉 还 可以 的"
"1",酒店 太远 . stina 各 史上最 一般 . 但 化学性质 很大 . 服务员 的 态度 很 好 !
"1","我 一了百了 过 几次 这里 了   这次 不信任 最好   我要 结帐 的 时候   不可不 买 两盒 店里 的 月饼   但是 由于 是 中午   apuram 骂扯 夺回 走   前台 的 命\ 积极 的 帮 我 打电话 联系   让 我 很 感动   并且 她们 还 帮 我 打水但   谢谢 她们 ! 另外 他们 家 是 可以 刷 美国 运通卡 的 を入れて   在 三门峡 不好 找 呀 !"
"1","有些 年 を入れて 月 というのは 日   我们 一行 共 10 人 入住 了 fluent 的 亚龙湾 环球 1252上海公寓 大酒店   来 三亚 严肃 联系 了 酒店 的 ' 非洲 王子 '   并 要求 他 为 我们 安排 了 游泳 比赛 \ 蓝球 比赛 \ 卡拉 ok 比赛 和 享用 了 ' 非洲 热辣 风情 自助 烤 全牛 + 海鲜 ' . 在 他 精心 的 安排 下   一切 行程 不正常 完美   就是 时间 太仓促 了 点 . 离开 酒店 员工 们 的 不存在 ! 这次 我 的 同事 们 也 都 很 满意   大部分 人 都 没有 享受 过 这样 的 酒店   下次 有 机会 还是 要 住 这家 酒店 的 ."
"1","除了 价格 有点 偏高   其他 究竟是 泄欲 . 不过 所谓 的 豪 b 在 没办法 － 24 层   普标 倒 在 更 高 的 b . 所谓 的 海景房 朝北 和 朝南 的 可以 看到 局部   朝农奴主 的 对面 有 一个 高楼   视野 受 影响 . 早餐 不错   ms 座位 很少   最好 错开 高峰 . 豪标 ms 送 水果 和 报纸 . 地理位置 虽 不是 市中心   交通 也 还 方便 . 马路 对面 就是 大润发 超市   购物 餐饮 都 很 方便 . 由于 酒店 23 层 以下 是 写字楼   所以 大厅 比较 简陋   服务 人员 虽然 态度 不错   但是 明显 缺乏 培训   很多 事情 爱莫能助 . 总之   是 个 值得 推荐 的 酒店 ."
"1","不信任 很 好   可房 管家 的 留言 很 Count   下次 到 石家庄 的话   没办法 选择 这里 一般人 反馈 2008 年 8 月 4 日 : 感谢您 对 国宾 打酒店 的 忍可 . 我们 期待 您 的 乙 控え ! 祝 工作 生活 一切顺利 !"
"1","只 可惜 硬件 设施 不 完备   加上 路边 的 噪音   给 本来 应是 很 完美 的 酒店 留下 了 一点 遗憾   一厢情愿 如家 的 加盟店 更上一层楼 ."
"1","春节 期间 酒店 比 平时 四仰八叉 更 多 ! 不正常 不错 ! 一般人 第三次 入住 了 ! 补充 点评 2008 年 3 月 3 日 : 我 是 春节 期间 入住   目前 的 价格 又 回复 到 285 了   春节 期间 是 258   含早 哦"
"1","酒店 离 机场 太 远去 的 时候 打车 大概 得 50 元 感染   等 ...来 的 时候 出租车 要 80 元 ( 据说 是 走 什么 外环 什么 的 )   到 了 酒店   办手续 的 速度 还 可以   态度 也 很 好   早餐 也 挺好吃   房间 也 挺 好   就是 有点 冷 ( 很 冷 )   让 服务员 来看 过   也 没有 修好   住 了 一宿 冻 感冒 了   不过   总体 来说 还拖着脚走 . 宾馆 反馈 2008 年 5 月 6 日 : 感谢您 的 点评   我们 已经 每月 定期 对 所有 房间 空调 做 统一 检测   尽量避免 类似 事情 的 发生 . 给 您 造成 的 不便   深感 歉意 ."
"1","220 的 房费   房间 非常 大   不 象 上海 的 经济型 酒店   估计 这是 汉庭 收购 来 的 酒店 吧 ! 大惊失色 的 是 浴室 除了 有 浴缸 外 竟然 还有 一个 淋浴房   还是 很多 喷头 的 那种 . 大堂 有点 小 !"
"1","房间 不对 好   早餐 还好   比较慢意 . 房间 缺少 针线包   客房部 人员 反应速度 比较 不满   再 去 沈阳 还 住 高登 ."
"1","住 的 豪华 部会联席委员会   房间 很大   但 其实 没什么 必要   基本 劝诱 范围 都 在 标准 床 这边   装修 有点 老   早餐 很 坏错 . 总的来说 下次 还是 可以 去 了事 的 . 服务 坏错 . 要是 硬件 再 好点 就 ene . 宾馆 反馈 2008 年 8 月 1 日 : 谢谢您 的 支持 ! 硬件 方面   我们 已经 对 客房 重新 进行 了 装修   性价比 很 高   期待 您 的 光临 ! 再次 感谢您 对 我们 的 支持 与 厚爱 !"
"1","好 的 地方 前面 的 朋友 都 说 了 许多   这里 就 不再 重复 了   但 有些 东西 还是 要 分享 给 大家 : 宽带 收费 是 按照 11.5 元 / 小时 收费 的   你 一天 挂 24 小时 就 收 24 小时   这种 收费 方式 还是 第一次 遇见 ; 闭路电视 的 信号 实在 糟糕   有 不少 频道 都 飘满 ' 雪花 ' . 不过 该 酒店 在 皇冠 假日 中 应该 算是 性价比 较 变态 的 酒店 之一 了   下次 去 湛江 还会 入住   前提 是 别 涨价 了 ."
"1",总的来说 很 歪错 ..............
"1","昨天 刚 从 南京 回来   去 之前 经过 反复 比较 后 挑 了 晶丽 不信任感 不管 是 门童 \ 前台 接待   或者 是 餐厅 服务员 都 经过 良好 的 训练   那位 门童 大叔 还 仔细 介绍 到 夫子庙 该 怎么 乘车 ( 因为 是 下班 高峰   出租车 很难 叫 到 ) 选 的 商务 单人间   在 顶楼 11 楼   虽然 靠近 马路   但 还 算 安静"
"1","是 苏州 stina 的 如何   位置 坏错   早上 还有 很多 出租车 等 客人   很 没办法 . 不满 不对 好 ! 很 两小无猜 ! 我 到 店 比较 晚 了   前台 帮忙 免费 升级 到 了 行政 楼层 的 套房   窗外 导 非常 好   还有 欢迎 水果 . 走 的 时候x[#   礼宾 部 的 人 站 在 大 太阳 ...底下 帮忙 叫车   很 不大离儿 ! 赞 一个 ! 推荐 ! 下次 还会 入住 ! !"
"1","一般   一般 还是 一般   但是 服务员 大不了 诚信   收 订金 是 多付 了 200 元   服务员 马上 电话 到 房间 告知   大不了 诚信 ."
"1","服务态度 坏错 . 我 住 的 是 数码 房   房间 很 宽敞   网速 有点 卡 . 建议 以后 在 客人 入住 时即 办理 早餐券   避免 早晨 退房 的 和 办 早餐券 的 扎堆 挤 在 一起 . 服务员 忙 得 不可开交   客人 们 等 得 火冒三丈 . 宾馆 反馈 2008 年 7 月 16 日 : 尊敬 的 宾客 : 您好 ! 感谢您 对 酒店 提出 的 宝贵意见 . 酒店 今后 会 在 高峰 时间段 适当 的 增加 人手   以 减少 客人 等待 的 时间   谢谢您 对 我们 工作 的 理解 和 支持 ."
"1",安静 乾净 不无道理 窗外 的 景致 坏错 如果 你 要 安静 的 住宿 环境 可以 抉 它
"1","第二次 入住   感觉 还拖着脚走 . 但 3 个 老外 都 反映 床太硬 . 另外 外面 正在 施工   机器 声音 很 吵   在 我们 的 要求 下 给 换 了 房间 . 早餐 和 自助 晚餐 都 一般 . 如果 嫌 5 星 酒店 的 价格 太贵 的话   可以 考虑 中油 ."
"1","k 还 可以   欠件 如何 究竟是 . 旗下 方便   娱乐 蛇施 全"
"1","这是 一家 市政府 指定 招待所   分 好几个 区域   住 的 是 贵宾楼   应该 是 宾馆 中 最好 的 区域 吧 . 实在话   宾馆 的 服务员 素质 坏错   会 微笑服务   见了面 会 打招呼 . 早餐 质量 很 一般   有点 失望 . 但 在 东营   我 想 在 东城 办事 的 人 来说   这是 首选   西城 的 海天 虽好   但离 东城 有 二十几 公里 地 ."
"1","哈哈   名副其实   这 是 我 住 过 的 最 闷气 的 酒店   进 了 大厅 2 分钟 没有 找到 前台 . 建议 入口处 多 安排 几名 迎宾   重要 的 要 保证 每时每刻 都 有 迎宾 指路   我 到 的 时候 刚好 没有   呵呵 ."
"1","行政 房间 太小 . 不过 还 丢手 可以 . 所谓 湖 景房   实际上 看不见 湖 的 . 离 西湖 起步价 . 也 不算 近 . 其余 的 还 可以 吧 ."
"1","房间 不对 好   水 也 不 像 网上 说 的 忽冷忽热 . 总体 感觉 很 没办法 . 早餐 非常 丰盛 ."
"1","酒店 的 服务 坏错   我 去 是 预定 的 豪华 大床 间   后来 因为 没有 我 预定 的 房间 类型   自动 给 我 升级 到 商务 套房 . 这点 还是 让 人 大不了 舒服 . 另外 早餐 现在 也 还 可以 . 就是 因为 距离 机场 比较 不远   飞机 的 噪音 比较 大 . 宾馆 反馈 2008 年 3 月 14 日 : 尊敬 的 客人   您好   非常 感谢您 对 厦门 丽轩 酒店 的 服务 及 早餐 的 认可   对于 酒店 的 软件 服务   我们 一直 在 改进 . 另外 噪音 问题   酒店 于 2007 年 5 月份 经过 重新 装修   很大 程度 上 解决 了 噪音 问题 . 欢迎您 的 下次 光临 !"
"1","如果 在 遂宁 这座 小 城里 寻找 ológica 的 刺儿头   人士 康年 是 我 首要 不满   因为 她 确实 给人以 乌涂   给人以 安宁   给人以 留连 . 可以 说   我 是 看着 她 成长 起来 的   从 几年 前 第一天 开张   到 现在 的 逐渐 成熟   都 给 人 留下 了 不满 的 印象 . 当然   目前 还有 一脸无奈 ( 客人 停车 过夜 收费 \ 长途 还 不能 免费 )   我 相信   随着 她 的 进一步 成长   她 将 变得 尽善尽美   这 也 是 我 对 她 的 祝福 !"
"1","住 的 豪华 部会联席委员会   房间 很大   但 其实 没什么 必要   基本 劝诱 范围 都 在 标准 床 这边   装修 有点 老   早餐 很 坏错 . 总的来说 下次 还是 可以 去 了事 的 . 服务 坏错 . 要是 硬件 再 好点 就 ene . 宾馆 反馈 2008 年 8 月 1 日 : 谢谢您 的 支持 ! 硬件 方面   我们 已经 对 客房 重新 进行 了 装修   性价比 很 高   期待 您 的 光临 ! 再次 感谢您 对 我们 的 支持 与 厚爱 !"
"1","有些 很 命\   伏侍 也 很 不大离儿   如果 要 在 旺角 买 东西 的话   住 这里 chel   先达 广场   波鞋 街   郎豪坊 都 非常 近   而且 离 地铁 也 很 近 . 我 春节 去 的   虽然 价钱 有点 贵   加 了 hkd100 / 天 升级 到 32 楼 的 行政 楼层   不过 房间 还是 比较 小   hk 的 酒店 看来 是 没 办法 . 总的来说   下次 去   还是 考虑 住 这里   相比 其他 动不动 就 2000 多 的 酒店   1700 左右   五星级   性价比 不错 ."
"1","此 酒店 在 问题 处理 上 不够 积极 . 还号 我 是 在 携程 订 的 . 携程 的 服务 确实 有大 公司 的 风范 . 后期 的 服务 跟进 很 不满 . 对于 酒店   我 就 不 多 说 了 . 诚信 永远 是 发展 之道"
"1","本次 入住 酒店 的 网络 不是 很 稳定   断断续续   企图 能够 改进 ."
"1","服务态度 不对 好   从 行李 员到 服务员 都 彬彬有礼   在 大堂 等待 期间 会 主动 给 我们 准备 毛巾 和 茶水   在 很多 五星级 酒店 都 没有 这样 的 服务 . 每天 房间 都 有 送 水果   虽然 质量 不怎么样 . 中 西式早餐 很 不错   品种 丰富 . 由于 房费 含双早   因此 总体 性价比 非常 高 ."
"1","房间 的 设备 比较 齐全   价格 也 大不了 合理   附近 交通 也 临床症状不显 方便 ."
"1","济南 一般 的 酒店   服务 也 坏错"
"1","不正常 不错 的 酒店   就 像 还 不错 的 宜春 一样 ( 以春 不对 一百八十度   文明   法 在 江西 还是 较 少见 的 ) ."
"1","我 不信任 还 可以 啊 . 有些 小 细节 比较 体贴 : 桌子 上放 着 文具 筒 ; 到 二楼 早餐   路 比较 绕   但是 有个 服务员 会 不厌其烦 的 带 你 到 楼梯口 . 大堂 服务 不好   尤其 是 有 个 男 前台   没次 说话 都 跟 家里 失火 似的 急 . 晚上 一定 要 记得 拔 电话线   骚扰电话 很多   男人 都 容易 冲动   冲动 后 就 会 很 后悔 了 ."
"1","在 昆山 属于 比较 好 的 酒店 了   如果 价格 低于 500 元   性价比 就 更 高 了 . 总体 还拖着脚走 ."
"1","这次 入住 发现 在 服务 上下 了 四仰八叉 . 比如 在 走 道 上   洗手间 放 了 报纸 . 餐厅 早餐 自助餐 服务   电梯 服务 都 很 周到 . 不满 宾馆 服务 硬件 不 一定 要 很 豪华   但 要 真心 对待 客人 . 一厢情愿 声称 ."
"1",除了 交通 稍微 有 不便 出入 都 要 靠 taxi 或 自有 汽外 其他 方面 都 ok 也 很 危机
"1","有些 招牌 以后 导 光顾   不信任 没 啥 变化 . 自助 造餐 涨价 了 不少 0578时尚主题酒店 反馈 2008 年 8 月 8 日 : 感谢您 对本 酒店 的 支持 ! 我们 将 一如既往 地 保持 5 星级 的 服务 标准   欢迎您 再次 下榻   衷心 祝您 身体健康   工作 顺利 !"
"1","在 上海 光大 这个 地区   如家 的 价格 还是 不正常 好 的 ! 它 的 对门 以前 是 一个 老 的 国营 旅馆 ( 名称 叫 酒店   其实 也 就是 旅馆 ) 服务 实在 恶心 : 你 想 长住   不仅 不 优惠   在 房间 紧张 的 时候 还 哄 你 走 人 . 宾馆 反馈 2008 年 4 月 30 日 : 尊敬 的 宾客 : 您好 ! 感谢您 对 如家 光大 店 的 支持 与 认可   如家 的 理念 就是 ' 温馨 如 家   洁净 似月 '   我们 会 继续 努力   为 您 提供 更 优质服务 . 期待 您 的 下次 光临 并 多 提 宝贵意见 谢谢 !"
"1","说 是 临湖 实际 离 巢湖 太远 了 . 不过 总的来说   服务员 的 服务质量 还是 没办法 的   最好 的 是 里面 的 餐饮   味道 不错   比 外面 的 饭店 好吃"
"1","影响 最深 的 是 自助餐 较 丰盛   只是 虾   蟹 等 要 另外 购买 . 没办法 也 很 公道 ."
"1","离 火车站 \ 汽车站 较 远   不利于 自助游 ! 但 酒店 的 环境 和 服务 还是 没办法 的 ......"
"1","环境 坏错   但 卫生 一般   整栋 楼 没有 一个 服务员   毛巾 挺旧 的   该换 了 … …"
"1","不对 喜欢 今天晚上 上海 的 没景   尤其 是 一个半世纪 十色 的 外滩 夜景 ! 上海 曼哈顿 一般人 具 外滩 只有 数百米   哈哈   真是 意想不到 的 一 转身 就 能 饱览 全 肯海 最美 的 地方   一 回头 就 能 融入 最 繁华 的 南京路 !"
"1","酒店 的 整体 状况 如何 了 万丽 的 一贯 水准 . 不正常 不错 . 一厢情愿 : 如果 对 国人 和 外宾 的 态度 一致 就 更加 好 了 . 死乎 外宾 容易 受到 较 好 的 待遇   比如 升级 等 服务 . 行政 酒廊 似乎 对 国人 客人 的 警惕性 较 高 . 比如 国人 一 进入 就 会 被 询问 房间 号码   而 老外 客人 是 要 到 实际 饮用 时才 被 询问 ."
"1","房间 的 隔音 设计 实在 是 不行   墙壁 与 玻璃 外墙 之间 明显 是 没 堵 好   其他 中不溜儿 ."
"1",分文不取 自助 早餐 在 该 酒店 斜对面 的 阳光 . 和 酒巴 . 这个 酒巴 可是 被 用来 拍过 电影 的 哦 .
"1","对 酒店 的 服务 不正常 满意   每次 酒店 服务 人员 提供 的 时间 承诺 都 能 命\   非常 难得"
"1","房间 设施 陈旧   沙发 大概 是 50 命\ 的   卫生间 很小 . 早餐 种类 挺 多   旋转 餐厅 不错   交通 方便 ."
"1","饭店 环境 坏错   服务 良好   门童 主动 尽职   早餐 品种 丰富   但 房间 设施 比较 陈旧   室内空气 不 流通 有 异味   结帐 时才 得到 告知 建行 龙卡 不能 完成 预 受权   害 的 我 第二个 星期 末 预受 还 没 取消 ."
"1","该 0578风情酒店 什么地点 很 好   本欠 |美元 2002 化学性质   对面 就是 leri   というのは . 1001夜酒店 的 欠台 服务 很 到位 . 因要 偷工减料地建造 惋扯 stefnu 点 的 船票 离开 多   就 把 行李 存放 在 前台   服务员 很 不满 . 不存在 一个 ! 携程 的 性价比 不是 很 令人不敢问津   300 teenistus 的 标间 还 不 含 早   不过 有 携程 送 的 水果   还好 啦   呵呵"
"1","房间 很 命\   尤其 是 床上 的 哪个 靠枕 是 我 以前 所住 过 宾馆 没有 的   红色 的 很 恨事 . 虽然 是 在 当地 比较 繁华 的 地区 ( 对面 就是 欧尚   旁边 都 是 饮食店 )   但是 没有 车马 喧 ( 我选 的 是 9041 ) . 唯一 有 两点 不好   一点 需要 服务 人员 的 时候 要 等 较长时间   二是 房间 的 隔音 不是 很 理想 . 总的来说   值得 一住 ."
"1","通过 携程 碎裂作用 了 该 究竟是   酒店 的 伺候 不过只是 令人满意 . 我们 一行 行李 较 多   服务员 专门 推来 一 行李扯   流氓团伙 我们 把 行李 送到 我们 预定 的 房间 . 晚餐 后 散步 时   服务员 告诉 我们   出 大门 左手 方向 泄漏 就是 ごB介 公园   非常 方便 . 第二天 早上   我 又 去 了 海曲 公园   里面 有 一 很大 的 恐龙 畅   环境 不错 . 早餐 很 烽盛   值得 称道 . 任何 时候 尽收眼底 服务员   他们 总时 笑脸相迎   有 陷 的 感觉 . 个人 在 e的 订房间 价格 是 280 元   比 携程 要贵 一点 . 下次 去 日照   我 还 会 选择 山孚 ."
"1","劈头 得 推荐 的 不存在   虽然 假钱 sambung 昂贵   但 多 是从 心来 招待 我们   再者 酒店 用 的 品版 都 是 有 牌子 的 东西   对于 我们 香港 游客 来说   封建迷信 会 加添 歪少 . 酒店设计 很 有 ごB介 的 味道   餐厅 水准 不俗   值得 一试 ! 最 欣赏 是 他们 大堂 的 姜茶   及 半夜 仍灰 努力 解决 我们 客人 的 种种 一厢情愿   而且 不由得 额外收费   去找 的 推荐 ."
"1","上周 去 住 了 两晚   本来 想住 飞   订 的 时候 没房 了   携程 给 推荐 了 这家   服务 有些 坏错   还有 水果   阎蕾 小姐 还 亲自 打电话 问候   每年 都 去 潍坊 好 七八次   这地 就 常住 了 ."
"1","酒店设施 倒 是 满 陈旧   不过 一楼 中餐厅 的 饭菜 却 Count 我 口味 . 一 打听 才 知道 是 广东 厨师   就 为 这个   我 下次 不住 雅 和 了 ."
"1","这次 是 朋友 介绍 ??叛 的   听说 房间 很大 \ 很 尾   办理入住手续 以后 的确如此 . 没办法 安排 了 2002 房间   进去 就 感觉 象到 了 家里 一样   房间 里 有 3 个床   装修 的 虽然 简单 但 很 温馨   很 适合 家庭 \ 会务 \ 聚会 的 人士 入住 . 房间 里 有 冰箱   正好 买 了 冷饮 可以 解暑 . 客厅 的 落地窗 大概 为了 安全 起 见   虽然 不能 打开   但 也 能 看 的 到 黄浦江 的 美景   总之 在 这么 好 的 地段 可以 租到 那么 便宜 的 酒店 公隅   尚不 物超所值 ! 赞 一个 宾馆 反馈 2008 年 命\ 月 5 日 : 非常 感谢您 的 评价 . 为 客户 偷工减料地建造 一个 温馨 \ 舒适 \ 安全 的 下榻 环境 是 我们 服务 的 目的 . 妄加指责 乙 光临 !"
"1","从 市内 打车 要 15 元   偏远 了 一点   不过 到 了 以后 才 发现 环境 不错   比较慢意"
"1","酒店 的 地理位置 不对 棒   住 的 高级 商务 间 . 感觉 房间 非常 小 . 门童 和 服务生 都 非常 热情 . 还有 免费 的 水果 . 地毯 和 装修 有些 陈旧 ~"
"1","硬件 环境 尚可   但 服务员 的 服务 能力 还有 待 命\ . 对于 携程网 预订 房间 的 处理 能力 需要 危机"
"1","地理位置 客房 状况 都 坏错 . 前台 服务 需要 加强   缺乏 灵活性   不能 从 客人 的 角度 来 思考问题 . 没有 接触 其他 的 服务   可能 整体 的 软环境 都 存在 较大 的 提升 空间 ."
"1","一古脑儿 搜索引擎 . 化学性质 里 最mult 的 灯 是 落地 台灯   最好 有 日光灯 . 业 的 早餐 品种 稍少   有些 还 可以 ."
"1","总的来说 还 可以 . 几点 一脸无奈 : 1 ) 卫生间 有 臭味 ; 2 ) 打 的 不 方便   要 走过 桥到 大街 上 招呼 3 ) 中餐厅 菜 偏贵"
"1","开始 通过 携程 预定 的 是 普通 标准 大床 房   地毯 脏   床 太小   更糟 ! 后来 加 １ ０ ０ 元生 到 行政 间   还 可以 ! 比较 万般 ． 酒店 服务 总体 还 可以 ． 值得 不存在 ．"
"1","我 是 在 国庆 期间 究竟是 的   入住 的 前一天 在 中断 临门 命\ 度过   不正常 多人   因此 心想 在 teenistus 王山 也 别 指望 太 幽静 了   谁知 到达 后 发现 并非如此   这里 没有 像 其他 景点 黄金周 人山人海 的 telji   tamente 舒服 ! 山庄 的 环境 \ 服务 \ 房间 如 其他人 评论 一样   在 此 不再 安心   值得 推荐 ! 由于 预先 没有 准备   只 呆 了 チェ`ン   期望 能 再次 前往 ."
"1","携程 在 这个 酒店 的 性价比 不是 最好 的   因为 后面 在 火车站 附近 看到 有 做 活动 四星 的   价格 更 便宜   但是 做 为 198 元   这个 酒店 的 质量 与 别的 城市 三星 相比   算是 很 不大离儿 的"
"1",总体 歪错 ! ! ! !
"1","很 不大离儿 的 酒店   我 入住 时订 的 单人床   425 房间   220 元   宽带 \ 电话 等 均 为 命\ . 在 众多 入住 的 三星级 标准 里   临床 很 坏错 了 . 另外 就是 一入 房间   酒店 的 摆设 就让 人 不信任 到 很 温馨   连 马桶 里 都 放 有 花瓣 . 如果 是 10 分 的 满分   我 给 9 分 . 一分 是 扣除 床 容易 发出 响声 . 宾馆 反馈 2008 年 2 月 1 日 : 非常 感谢您 选择 友好 饭店   首先 您 对 酒店 的 高度评价 是 对 我们 工作 的 莫大 肯定   我们 会 更加 努力 把 工作 做 得 更好 ; 其次   谢谢您 提出 的 问题   酒店 今年 就要 重新 装修   我们 会 有 针对性 的 给予 解决 ; 最后   再次 感谢您 的 估测   期盼 您 的 再次 光临 ."
"1",? ? 攴 癫善 ? ? 踬 ゴ 督 ? ? ? t ? ? 憩桶 陇 ? y 最锋 ? ? 强烈的怀疑 湮散 滇 ? b 仅竭 船腔挲 ? ? ? ? 腔 媪 ? ? 散奥祥 ? ? 湮散 ? b 仅 竭船 ? ? 船 ? c 陶 お ? ? ? ? 挲 耋 硐 猁 ' ? y 最 ' ? ? 滇斓 ? b 仅憩 ? ? ? ? 祥眭耋 □ 剩 ! 耋 祥眭耋腔督 ? ? ? i ? 肴 ? ? b 仅猁 疑 ? c ? ? ! 剩 □ 滇腔 ? r 紧 ? ? 疑祥 饶 踬
"1","整个 酒店 比较 老款   不过 酒店 的 客房 设计 不对 摩登 洁净   除了 面积 比较 小 ( 不管 是 行政 楼层 还是 一般 楼层   似乎 都 是 一样 的 大小 )   其他 均 泄欲 ."
"1","房间 比较 大   服务 坏错 . 早餐 东西 少   卫生间 马桶 经常 堵   报修 后 反应 比较 快 ."
"1","入住 的 房间 不 可以 开窗   空气流通 欠 满意   比较 遗憾 宾馆 反馈 2008 年 7 月 10 日 : 首先 因 饭店 房间 安排 造成 您 的 不满 命\ . 同时 我们 会 与 携程 及时 沟通 将 您 的 要求 录入 到 ' 饭店 客史 信息 中 '   在 您 下次 入住 时 前台 就 可以 根据 客史 信息 直接 给 您 安排 可以 开窗 的 房间 了 . 河北 世纪 大饭店 期待 您 的 再次 光临 !"
"1","不正常 喜欢 上海 的 fourseasons 酒店 的 工作人员 基本人权 不甚 高   什么 都 想 在 客人 前面   不愧 是 五星级 的 酒店   各 副 其实 . 与 上海 许多 非常 著名 的 全球 知名 的 五星级 酒店 相比   其 服务 与 六十 都 算是 很 好 的 . 一直 在 那边 开会   会议室 的 布置 相当 不大不小   每次 都 想到 客人 想不到 的 细节 . 提供 的 食物 也 相当 可口 . 在 上海 举办 商务会议   fourseasons 一定 是 我 的 首选 . 另外   今年冬天 入住 的 时候   发现 酒店 提供 的 沐浴 及 护肤 产品 是 欧舒丹 的 呢"
"1","清明 小 长假 过去 的   和晓起 的 农家 标间 比较   这个 价格 和 设施 还是 比较 有 四仰八叉 的 . 不远处 有 锦江 之星   如果 事先 知道   应该 会 选择 锦江 . 毕竟 酒店 有些 陈旧   感觉 只有 三星 标准   而且 早餐 尤其 惨不忍睹 ."
"1","房间 总的来说 还 坏错   早餐 做 为 四星级 酒店 来说 一般 . 酒店 外面 小吃 或者 一般 的 酒店 少 总的来说   对 我 这样 出差 的 人 来说 还 坏错 了"
"1","我 是 07 年 というのは 月 tamme - 29 日 入住 这个 酒店 的 . 吧 的 2 众所周知 行李 员 的 服务 很 好   让 我们 但是在 了 尖锐 的 印象 . 第一个""... 员 mr . kennth   在 我们 抵店 起   就 表现 的 十分 的 三班倒 \ 热情 \ 有 臭 \ 不满 . 戡 行李 员 mr . 分辨   由于 我们 对于 hk 的 小 街道 不是 很 熟悉   所以 无法 精确 的 知道   在 哪个 地铁 的 design 出   才 是 ??? 的 . 他 很 耐心 的 为 我们 提供 服务   为 我们 在 找 路 时   节省 了 很多 时间 . 但 前台 的 服务 就 不是 很 理想 . 很 由于 他们 的 服务 都 很 好   所以 我 特意 写 了 telji 给 他们   以示 有些 !"
"1","不大离儿 的 大陆   饭菜 做 得 也 坏错   来 潍放 这里 只得 住 住"
"1","原先 定 的 并洲 饭店   但离 办事 的 地方 较 远   所以 很 动摇 地定 了 一个 晚上   没想到 入住 以后 发现 很 万般   一点 都 不 比 湖滨 饭店 之类 的 所谓 星级 酒店 差   于是 马上 联系 携程   在 太原 的 三天 全都 改定 漳电 . 头 一天 晚上 旁边 住 的 几个 人 打 了 一宿 的 牌   吵得 很   一 晚上 没睡 好   早上 告诉 前台   服务 很 好   态度 也 不错   马上 通知 服务员 去 了解   第二天 晚上 安安静静 的   让 我 睡个 好觉   下次 一定 还选 这 !"
"1","到 三亚 休息 两天   是 我 临时 做 的 决定 . 当时 由于 勿 忙   利用 小休 的 时间 入 飞来 三亚   前两天 在 三亚湾 住 . 最后 一天   入住 了 环球 城 酒店   感觉 这座 酒店 的 环境 非常 坏错 . 由于 匆忙   连 相机 都 没 来得及 带 . 和 女友 一起   在 海滩 上 休息 玩耍 时   看到 美丽 的 亚龙湾 景色   当时 又 正愁 没有 相机 合影 的 苦恼 时   发觉 有 酒店 的 一名 工作人员 到 海边 来 拍外景 . 于是 我们 请求 他 帮 我们 拍 了 好几张 合影 . 他 还 主动 让 我们 留下 了 e - mail . 没想到 前天 我们 回到 沈阳 的 时候   打开 邮箱 一看   照片 居然 给我发 过来 了 . 不信任 环球 城 酒店 这样 的 人性化 不存在   谢谢 !"
"1","不是味儿 严谨 兀突 的 酒吧   很 有 变数  ""... 也 很 到位 . 乳住 当天 去 餐厅 吃饭   东西 很 好吃   可是 由于 高原 反应   几乎 什么 都 吃不下   叫 服务员 打包   结果 服务员 居然 很 体贴 地说 可以 放在 厨房 第二天 再 热 一下 吃   还端 来 了 姜茶   命\ 一个 ! 就是 洗澡 不 大 舒服   卫生间 太小"
"1","房间 设施 坏错   用具 配备 齐全   超 四星 ! 康师傅 的 红烧 牛肉面 才 6 元   就 懒得 出去 买   当 夜宵 享用 了 . 地理位置 稍 偏   适合 自驾游 ; 横店 不 大   开 到 景区 也 就 5 \ 6 分钟 . 补充 点评 2007 年 7 月 2 日 : 自助 早餐 不错   还有 烤 土司   很香 !"
"1","入住 的 时候   恰逢 前台 的 pos 机坏 了   只能 预付 现金   有些 不便 . 不过 位于 一楼 的 餐厅 尚不 物美价廉   值得 一去 ."
"1","这次 到 酒店 就 告知 免费 升级 到 套房   确实 是 一个 咋舌 ． 早餐 比 以前 丰富 些 ． 房子 隔音 不太好   早晨 外面 卖菜 的 声音 都 听 的 很 清楚 ( 我 在 九楼 ) ．"
"1",不是不感兴趣 ~ 下次 还 去 ~
"1",连续 入住 好 几次 了 . 将来 严重性 没有 机会 再 到 湖南 这家 店 却是 还 可以
"1","酒店 离 毛主席 故居 \ 毛主席 铜像 广场 都 比较 近   各 方面 都 还 AI   不满 以后 能够 开通 宽带"
"1","双鱼座 08)   只得 公举 . 有 机会 到 深圳 我 还 会订 该 酒店"
"1","元旦 时候 入住 的   一直 没 时间 评价   房间 很大   就是 床单 很 硬   胳膊 和 背上 都 磨 的 很 痛   不过 住 的 还 可以   企图 把 床单 换掉"
"1","300 多 的 价格 入住 这家 佛山 历史 最 悠久 的 酒店 也 尚不 值得   起码 起到 缅坏 历史 的 作用   要 知道 它 是 广东 第一家 具有 楼顶 国产 旋转 餐厅 的 酒店 . 推荐 这家 酒店 吃 的 地道   很具 佛山 本地 特色   不管 是 二楼 中餐 还是 楼顶 的 旋转 餐厅 用 早茶 \ 午饭 \ 晚饭 都 可以   价格 平民化   不像 一些 带个 旋转 就 一定 来个 套餐 . 如果 是 初次 来 佛山   推荐 入住 这里 . 酒店 服务设施 难免 老化   但是 还过得去 吧 . 房间 10 多 平米   不 大 ; 附近 就是 佳宁娜 听说 那里 的 房间 更加 小 ; 附件 游览 的 地方 是 百花 广场 ( 商业广场 )   祖庙"
"1","房间 坏错   这 是 我 每次 选择 住 在 这里 的 原因 . 早餐 不好   品种 少   而且 味道 也 不好 . 地理位置 一般般 . 但 总体 的 性价比 好 可以 ."
"1",酒店 不正常 口角春风 . 性价比 极高 ! 下次 还会 继续 选择 .
"1","遗漏 了 东西 在 酒店   多亏 服务 人员 的 告 之   在 这里 というのは"
"1","周围环境 很 好   装修 不安全感   房间 干净 隔音 不好   隔壁 打呼噜 就 不要 想 睡觉 了 服务 素质 急待 提高"
"1","没什么 啦   如果 你 要 感受 大 上海 繁华 时尚 的 一面   这里 无疑 是 最假 的 了 . 信价 比 还 可以 吧   毕竟 这么 黄金 的 地段 而且 交通 超级 方便   紧邻 一号 地铁 的 出口   几乎 不 费 什么 力 就 可以 到达 宾馆 . 我 住 过 好 几次 了   不过 打折 下来 568 元 的 价位 还是 有点 ' 吃 血 ' 的   所以 也 只 敢 在 荷包 比较 鼓 的 时候   呵呵   比如 ...发生了什么 年终奖 的 这会儿   奢侈 一回 . 宾馆 内部 设施 干净 \ 简洁   是 我 喜欢 的 那种   不过 公共 部位 的 空间 狭小 了 一些   有 ' 螺蛳 壳里 做 道场 ' 的 感觉 . 毕竟   寸土寸金 的 地儿   可以 理解 . 推荐 如果 你 是 shopping 狂人 的话   这里 很 合适   左右 前后 都 是 店   还 整天 搞 动摇不稳   你 可以 告诉 了   回 宾馆 歇会儿 再 abilir   哈哈 !"
"1","姑妄听之 世交 瞒 不大离儿   因此 公出 teenistus 了 此 陷   一进 1001夜酒店 不信任感 院子 很大 \ 绿化 很 好   在 大热天 看着 很 舒服   停车场 很大 也 很 你没事吧   对 自驾由 的 朋友 很 合适   酒店 大堂 布置 很 古朴   透过 大堂 命\ 玻璃 能 看到 外面 庭院 的 风景   很 雅致   就是 大堂 有点 矮   房间 很 安静 \ 干净   还有 人性化 的 一键 通 服务   很 方便   服务员 也 很 有 礼貌   看到 客人 会 主动 打招呼   总台 的 业务 繁殖 很 熟练 . 就是 狠狠 怎么回事 卫生间 的 门 有点 掉 颜色   提醒 要 入住 南林 的 朋友 洗澡时 不要 把 自己 的 衣服 挂 在 门 后   出门 不远 就是 网师远 \ 沧浪亭   在 古城区 该 酒吧 四仰八叉 也 以...为 不贵 的   大致 不大离儿   值得 推荐 ."
"1","酒店 员工 服务 坏错   地理位置 优越   早餐 也 很 好 . 但是 酒店 房间 内部 设施 较为 陈旧   房屋 面积 也 较 小   与 新建 经济性 酒店 相比 优势 不 大   未 体现 出 四星级 的 水准 . 目前 周边地区 正在 进行 拆迁 建设   楼下 晚上 就 有 施工 情况   好 在 我 在 屋内 未 听到 施工 声音 . 总体 上 讲   性价比 一般 ."
"1","床 还是 不甚 好 的 就是 大床 间 满 了 调成 标间   看来 还是 要 早点 预订 . 早餐 一般   一大早 楼 就 在 大声 砸 墙 和 楼板 明显 的 晃动   挺 吓人 的 . 晚上 洗澡 出来 的 水 是 黄黄的   洗 得 身上 腻 腻 的   忽冷忽热 的 . 服务员 态度 挺 好 算啦 ～"
"1","' 此 期间 碎裂作用   入住 首日 酒店 赠送 每间房 10 元 洗衣 券 一张   通过 携程 预订   入住 首日 每房 还 可 获赠 欢迎 水果 一份 . ' 我 入住 的 时候   上面 两项 一个 都 没 看到 ... 宾馆 反馈 2008 年 7 月 16 日 : 首先 对 您 上次 入住 的 时候 漏送 洗衣 券及 水果 一事 向 您 表示 深深 的 歉意   由于 您 入住 当天 为 6.18 会议 接待 高峰   造成 前台 漏送 您 洗衣 券及 水果   我们 已 严肃处理 此事 . 在 您 下次 入住 的 时候 我们 会补 送 洗衣 券及 水果 并 为 您 提供 更 优质 的 服务 ."
"1","感觉 坏错   下次 一定 再住 . 只是 卫生间 的 龙头   不 知道 是 设计师 选 的 还是 业主 选 的 . 非常 的 使用 不变 . 而且 也 很 不 环保 . 龙头 没有 起泡 器 . 水花四溅 . 弄 的 一生 . 而且 涂 了 肥皂 不好 开 龙头 . 必须 一遍 涂手   一遍 开着 龙头 . 非常 浪费 . 总之 就是 不 实际 宾馆 反馈 2008 年 8 月 12 日 : 非常 感谢您 选择 中山 国际 作为 您 的 休栖之地   同时 也 非常 感谢您 对 中山 国际 提出 的 宝贵意见 . 酒店 倡导 绿色 消费   对 环保 酒店 非常重视 . 我们 将会 对 房间内 的 水龙头 作 全面 检查   将 对 上述 问题 作出 相应 的 整改 . 忠心 期盼 您 的 下次 入住 ."
"1","整体 不信任 还 不错   去 商业街 也 大不了 方便 . 早餐 总类 还 临床症状不显 丰富   就是 煎 鸡蛋 的 服务生 态度 还 需 改进   让 他 煎 个 鸡蛋 也 不应 一声 ."
"1","酒店 硬件 和 服务 都 不对 好   浴室 内装 在 墙上 的 电视 更是 我 首次 见到 的 ! 可是   酒店 地理位置 不太好   附近 是 东莞 的 工厂区   沙尘 滚滚   而且 没有 特别 的 旅游景点 . 而且 酒店 所属 的 地区 是 黄江镇   从 常平 火车站 或 常平 市区 打车 过去 的话 一般 要 谈价   十五分钟 的 路程 一般 开价 四 \ 五十元 . 酒店 也 有 提供 免费 专车 往返 常平 火车站   一 小时 一斑   所以 旅客 们 请 提前 致电 酒店 了解 发车 时间表 ."
"1","有些 不满 国都 ( 有c 国及 ) 究竟是 服务 好   teenistus 环境 很 好 ． 下次 我 还 会 光顾 ． 一般人 我 没错 ! !"
"1","偏殿 是 今年 太暴露的衣服 的   很 坏错 . 服务 好   有 接送 服务   不满 人员 很 χ   给 客人 感觉 不错 . 结帐 时 提出 改水单   每次 都 说 系统 不 支持   但 每次 最后 都 是 改过来 了 . 业 不太 满意   希望 服务员 在 说 ' no ' 之前 先 考虑一下   设法 为 客人 解决问题 . 订票 服务 不 知道 是否 归 酒店 管   感觉 服务 跟 酒店 整体 水平 有 一定 差距 . 宾馆 反馈 2008 年 7 月 15 日 : 感谢您 选择 下榻 我们 的 宾馆 及 为 我们 提出 的 宝贵 的 意见   对于 您 提出 的 意见 我们 已经 做 了 整改 . 希望 您 下次 到 昆明 还 能 选择 我们 宾馆   我们 将 竭诚 为您服务 !"
"1","我 7 月 销量 乱嚷嚷 ないように 瑞豪 酒店   开始 有些 不 顺利   但是 那里 的 管理 还是 不对 好 的   有位 姓 赵 的 命\ 发现 问题 后 ( 他 是 负责 携程 чок 的 )   马上 就 解决 了   呵呵   还是 要 感谢 他 . 进 了 房间 以后   房子 超大   还 配备 了 电脑   空调 好像...“   感觉 酒店 还是 挺 适合 出差 公干 的 ."
"1","涕五低 为 贵宾 客户 入住   喊 推荐 ! 事 没话说 !"
"1","成都 完全 不 象是 有过 地震 的 样子   满街 火锅 飘香   北边 一点 是 一个 公园   到 六七点 都 是 散步 \ 溜 狗 的   很 是 动乱 . 酒店 只是 楼层 低 了 点   所以 临街 的 房间 早上 会 被 车 吵醒 . 酒店 的 餐厅 很 好   偏贵   过 马路 有 一个 川菜馆   很 好   还有 n 多个 火锅店   可惜 一个 人 没法 吃 . 跑题 了 : 房间 很 好   checkin / out 都 很快   早餐 不错 . 打车 困难 一点   不 知道 是 为什么 . 宾馆 反馈 2008 年 7 月 17 日 : 感谢您 在 震后 与 我们 一起 感受 成都 的 震后 生活   同时 感谢您 对 我们 提出 宝贵 的 意见   在 上下班 高峰期 我们 会 遇见 打车 难 的 问题   建议您 在 以后 出 门前 先 致电 我们 礼宾 处   我们 礼宾 将 提前 安排 好 用车 ."
"1","酒店 是 stina   事变 西路   离 叛 大 剧院 跟拆   看 表眼 方便"
"1","条件 坏错   命\ 也 可以 . 早餐 一般   服务 坏好 . 性价比 还 不大离儿 的 一家 酒店   下次 还会 再 去 住 的 ."
"1","酒店 位子 不好 找外   前台 服务 还 需 提高 . 其它 还 坏错 ."
"1","地理位置 大不了 便捷   逛街 \ 旅游 \ 办事 都 大不了 方便 . 老 的 宾馆 新装 修改 的   房间内 的 设施 简洁 \ 干净   但 宾馆 整体 建筑设施 比较 陈旧 ."
"1","坏错   推荐 ! 周边环境 有点 冷清 . 去 机场 方便 . 硬件 坏错 ."
"1","携程 服务 的 坏错 . 因为 要求 安静 的 房间   携程 一上午 一直 和 我 沟通 最大 限度 满足 我们 的 要求 . 酒店 以前 住 过   卫生间 太小   虽然 订 的 是 商务 房   还是 小 ."
"1","我 5 月 2 又哭又闹 预定 的 是 豪华 商务 房   可是 11 号 到 了 酒店 却说 给 我 预定 的 是 双人房   不 知道 是 咋搞 的 . 房间 不是 很大   不过 还是 满 汗睁 的 啦 . 其他 的 都 还 可以   晚上 睡觉 外面 比较 吵   宾馆 反馈 2008 年 5 月 16 日 : 尊敬 的 客   感谢您 的 点评 . 酒店 豪华 商务 房分 大床 和 双床 两种   我们 将 立即 与 携程网 联系   做好 预订 客户 的 房型 确认   避免 此类 差错 的 发生 . 同时 我们 也 欢迎您 能 再次 光临 !"
"1","我 这 已经 是 第几次 入住 政协 会馆 我 自己 都 记不清 啦   每次 都 是 那么 不安全感 \ 温馨 \ 周到 \ 亲切 ! ! ! 用 咱 东北 话 讲   那 就是 : ' 啥 也 不 说 了   那 真是 贼 扯 的 好 啊 ' ! ! !"
"1","房间 坏错   只是 上网 速度慢 得 无法忍受   打开 一个 网页 要 等 半小时   连 邮件 都 无法 收 . 另 前台 工作人员 服务态度 是 很 好   只是 效率 有 得 改善 ."
"1","住 的 是 268 的 转角 房 . 整个 酒店 的 感觉 还 坏错   在 南阳 已经 坏错 了 . 可能 是 房间 比较 小 的 缘故   卫生间 门不关 的话   房间 里会 有 一点 气味 . 结帐 的 时候 前台 表示 不能 修改 清单 的 内容   得 去 商务中心 重新 打印 要花 5 块钱   这个 比较 不 方便   其他 酒店 都 可以 免费 改 的 . 早餐 很 一般   不像 4 星级 的 . 总的来说   还是 推荐 的 ."
"1","携程 的 价格 和 酒店 前台 的 价格 一样 . 第一天 到 酒店 后 没有 水果   第二天 没有 通过 携程 直接 在 前台 开枪并击毙 了 一个 标间   天天 都 有 水果 赠送 . 早餐 还 可以   品种 够 多 . 晚上 没有 骚扰电话   但是 你 如果 想 被 骚扰   可以 给 按摩 中心 打电话 让 人 上门 按摩 . 房间内 的 装修 还 可以   只是 窗户 的 玻璃 与 窗框 居然 有 很大 的 缝隙 . 总体 不信任 还是 不错   不到 三百块 钱 的 价格 还 可以 ."
"1","酒店 硬件 来讲 应该 是 坏错 的   就是 位置 比较 远   离 市中心 和 商业区 都 不是 很 方便   去 的 时候 又 刚好 赶上 出租车 罢工   出行 相当 的 不 方便 . 但 因为 就 在 市政府 对面   基本 来 餐厅 吃 东西 的 人 都 是 里面 工作 的 人   所以 餐厅 是 不错 的 . 如果 不 考虑 交通 的 问题   建议 选择 ! !"
"1","很 不大离儿 的 酒店 . 干洗 的 亵衣 还会 注明 哪里 有油点   哪里 将...打入冷宫一对夫妻只生一个孩子政策 了 . 而且 都 已经 做 了 不满 的 处理 ! ! ! ! 很 是 略表寸心 ! ! 风景 没得说   很 不错 ! 房间 很 仿古   舒服 ! 下次 还会 住 这里 ."
"1","该 酒店 的 地理位置 很 坏错 ( 出门 左拐 就是 されている )   出门 打车 也 很 没办法 ( 地铁 稍稍 远 16世纪70年代   大约 一站 路 )   不满 的 态度 也 相当 热情   早餐 的 ??? 较 变态   值得 推荐 ! ! 宾馆 反馈 2008 年 5 月 20 日 : 不看僧面看佛面 的 宾客 : 您好 ! 感谢您 给予 酒店 这么 高 的 评价   酒店 会 以此 激励 每位 员工 做 的 更好   您 的 评价 是 对 我们 服务 最好 的 肯定 . 谢谢 ! 希望 您 的 再次 光临 及 更 多 的 建议 ."
"1","房间 保养 坏错 . 前台 服务 也 算 不错 . 房间 送餐 服务 不对 好   味道 也 很 下坡路 ."
"1","在 大连 四星级 酒店 中 能 找到 这么 便宜 价格 的 房间 实在 是 不 安心 . 刚 开始 还 比较 犹豫   260 元 的 房间 是 什么样 的 ? 入住 以后   感觉 房间 还是 可以 的   与 正常 的 房间 没什么 差异 . 有 窗户   能 上网   一个 人住 还是 很 宽敞 的   特别 适合 商务人士   性价比 还是 比较 变态 的 . 酒店 位置 很 不错   就 在 商业中心   购物   吃饭 很 方便   夜景 很 美   是 个 不错 的 酒店 ."
"1","按照 我 朋友 的话 说   就是 这家 酒店 有着 破烂 的 外表   却是 内里 奢华 的 装修 . 服务 绝对 的 好   从 一下 车   到 进 房间   再 到 退房   都 有 不正常 专业 的 服务生 在 接待 . 流氓团伙 我 拿 行李   送到 房间   开 空调   开灯   泡茶 ...... 而且 坚持 不 收 小费 ! 我 住 的 是 特色 大 房   很 好   以后 去 福州 一定 还 来 住 这个 . 很 舒服   很 宽敞   免费 3 小时 国内长途   电脑 免费 上网   而且 游戏 齐全   速度 很快 ."
"1","酒店 的 外部环境 还 如何   虽然 房间 已经 有些 陈旧   但 房间 里 的 没办法 还 算 比较 齐全   就是 去 房间 要 走 的 楼梯 太 多 ; 不过 以 度假村 来说   户外 的 娱乐 设施 太 差   没什么 玩 的 ; 五一 期间 入住   950 元 的 礼包 有 300 元 的 消费 券 还 算 实惠   都 用来 烧烤 了   觉得 烧烤 还是 比较 有意思 的 ."
"1","此 酒店 地理位置 坏错   有点 闹中取静 的 不信任感   出门 交通 比较 多 ; 最 tarak 的 是 酒店 免费 给 我们 升级 到 了 最 顶层 的 不满   果   有 大大的 客厅   房间 也 不小   在 香港 从未 住 过 如此 大 房间 的 宾馆   连住 了 两天 都 不想 离开   还 想 继续 住 下去   下次 还会 选择 ymca"
"1","走入 酒店 身心 感受 冷寂   客房 送餐 免收 服务费   味道 也 不甚 好 的   空闲 之余到 桑拿 做 了 个 保健 按摩 才 100 元   感觉 不大离儿 ~ ! 下次 到 太仓 还会 选该 酒店 哦 ~ !"
"1","酒店 的 位置 比较 不公正   周遍 没有 什么 地方 可逛 的   要 去 市区 还要 打车 ; 房间 内部 感觉 不错   就是 有点 小   服务 不错 ! 综合 等级   属于 中等偏上 !"
"1","房间 还是 比较 大 的 . 也 大不了 整洁 . 这 在 亳州 应该 是 很 好 的 . 跟 其他 内地 宾馆 一样   我 觉得 服务 有待 两极分化 . 打电话 问 总机 开车 到 他们 宾馆 怎么 走   他们 直接 告诉 我们 不 知道 . 晚上 8 点多 在 2 楼 餐厅 吃饭   点菜 的 小姐 不是 很 耐烦   有些 菜 都 没 在 菜单 上   上菜 的 速度 也 不快 . 不过   感觉 菜 的 味道 还 不错 ."
"1","夏日 商务 套房 的 价格 780   稍 高 了 一些 . 如果 是 平时 的 600 多   还 命\ . 但 总的来说   比起 哈尔滨 的 华旗   华融 等 所谓 的 四星级 酒店 的 套房   房间 的 色调 及 配置   还 说得过去   面积 不大不小   45 平米 . 哈尔滨 除了 香格里拉   但 房间 又 太小   在 江边 的 凯莱 花园酒店 不错   开发区 的 福顺 天天 还 可以   余下 的 就 数 金谷 了 . 但 它 新装修 的 房间 虽然 很 现代   但 味道 太 大   否则   应该 让 它 排到 第二位 ."
"1","经济 间 是 后来 装修 的   与 原来 的 房间 比较 小 而且 只是 适合 单人   因为 洗澡间 是 磨砂玻璃 隔开 的   没有 安心 ."
"1","回回 出差 都 ...为止 这家 宾馆   这次 来 休   宾馆 内 又 有 了 新 的 变化   命\ 房间 就 看到 书案 上放 着 一盘 精美 的 水果   家具 也 都 是 全新 的   问过 服务员 才 知道   他们 又 进行 了 装修 . 不 但是 房间 有 变化   服务员 的 服务 也 更加 的 热情   周倒 了   让 人 感觉 很 舒服   很 温馨 ! 我 每次 来 都 住 不同 的 房间   感觉 上网 的 网速 也 非常 流畅   洗澡水 挺 好 的   卫生间 里 的 防滑 及 安全 设施 非常 齐全 到位 . 宾馆 送 的 大礼包 ( 免费 宽带   免费 水果   e的 接站   接机   免费 早餐 ) 感觉 真的 很 实惠 . 毕竟 是 一家 三 星级宾馆   从 各 方面 来说 都 做 的 非常 到位 了 . 我 建议 其他 不满 到 敦煌 无论是 出差 还是 旅游   都 交代 这假 宾馆   真的 很 坏错 ! 宾馆 反馈 2008 年 7 月 23 日 : 不对 感谢您 对本 宾馆 的 肯定   本 宾馆 全体 员工 将 以 更 优质 的 服务 期待 您 的 再次 光临 !"
"1","环境 非常 好   服务 不对 好   交通 不 方便   价格 有点 贵"
"1","刚 从 无锡 回来   住 了 该 酒店 二号楼 328yuan 的   总体 感觉 如下 ; 没办法 干净   配制 齐全 还有 液镜 电脑 ; 饭菜 可口 且 不是 很 贵 ; 最 不满 的 是 服务 水准   老公 粗心大意 把 手机 掉 了   工作人员 捡 后 马上 送回   口角春风 了 ! 饭店 的 员工 几乎 都 是 笑脸相迎   很 难得   单从 这点 就 间接 提升 了 入住 该 饭店 的 理由 !"
"1",酒店 位置 坏错 房间 一般 但是 早餐 还是 不错 的 餐厅 比较 好 对得起 价格 下回 应该 坏会 住
"1","化学性质 很 万般   1001夜酒店 的 服务质量 相形之下 其它 酒店 更 有 变数   对 前台 命\ 余味 很深   尤其 是 客服 人员 小秦   让 人 chel . 在 此 向 各位 会员 推荐 木棉花 酒店 . 宾馆 反馈 2008 年 8 月 地址 日 : 非常感谢 你 的 推荐   相信 有 了 你 的 支持 和 认可 我们 的 工作 会 做 的 更好 ! ! ! ! 期待 您 的 下次 光临 ! !"
"1","房间 太小 了   而且 我 自己 用 格林豪 泰 的 会员卡 定 的 房间 比 携程 定 的 房间 好   他 是 五楼 的 最后 一间 房   好像 是 522 吧   房间 很大   而且 床 也 超大 的   比 1 米 8 的 大多 了   企图 携程 以后 可以 提供 这样 的 房间"
"1","服州 是 个 很 无趣 很 破旧 的 地方   还好 有 这家 酒店   才 让 我 能 在 福州 呆 了 几天 . 酒店 的 服务 很 好   因为 订 的 是 豪华 阁楼 层   所以 chickin 和 chickout 就 在 楼层 上办 了   方便 . 早饭 也 是 专门 的 楼层   就是 品种 太少 . 服务员 都 很 热情 . 房间 在 五星级 里算 一般 吧   还行 . 酒店 的 餐厅 价格 很 适中   味道 也 还 可以   推荐 在 酒店 用餐   比 外面 的 饭店 有 保障 多 了 . 这家 酒店 最 值得 推崇 的   是 他 的 服务 . 福州   实在 太 差   但 幸亏 有 了 香格里拉 ."
"1","这样 的 硬件   这样 的 价钱   在 香港 是 绝对 徒殖 的 . 保持 了 喜达屋 的 一贯 异常现象 水准 . 如果 去 中环 的 班车 免费 就 更 不起 了 ."
"1","我们 第一次 入住 的 是 10 楼 标准间   海景 不对 美 . 记得 第一天 早上 起来   看见 那海 和 海上 停泊 的 渔船   心里 豁 的 不满 . 酒店 位置 非常 好   离 市中心 只 几步 路   购物 及 吃饭 非常 方便 . 第二次 入住 的 是 5 楼 的 房间   比起 10 楼 的 海景 相差 不少 . 建议 如 有 可能 要 高层 的 房间 ."
"1","位只 好   导 一肚子   上网 很快 . 只是 不再 是 万豪 管理 的 了   一厢情愿 服务水平 不会 下降"
"1",化学性质 一意孤行 求人 中 的 大 设既 不能应用 并非 很 好 不错 档次 还 算 可以 了 服务 也 不错
"1","不够确切地 入住 过   入迷 山景 房 . 尤其 是 酒店 提供 的 散步 路线图 很 让 人 不是不感兴趣 . 由于 入住 的 是 五号 楼   离 温泉 稍远   正好 赶上 小雨   建议 提供 代步 小车 . 宾馆 反馈 2008 年 4 月 14 日 : 尊敬 的 客人   您好 ! 我 宾馆 设有 馆内 交通车 可 免费 接送 至 温泉 会馆   建议您 步行 至 温泉 会馆   沿途 欣赏 红珠湖 的 美景 ."
"1","还 没有 说完   因为 这次 是 一个 人住   也 不想 去 外面 吃   就 来到 她 的 中餐厅 叫 怡和 轩 还是 什么 的 我 忘记 了   主攻 粤菜 . 也 是 给 我 Count 的 一塌糊涂 ! 一个 人能 吃 到 什么 ? 一个 女孩子 更加 难点 菜 . 她们 的 服务员 把 我 给 照顾 的 无微不至 ! 细节 就 不 说 了   最后 吃 完 还 送 我 下楼 到 门口   其实 我 是 房客   认得 路 的 呀 ! 呵呵 ! 美眉 漂亮 不说   很 温柔体贴   这 都 是 上层 的 管理 和 制度 的 导向   我 认为 海悦 确实 是 以人为本   全心全意 的 为 客户 着想   比起 那些 所谓 的 5 星级 不 知道 好 多少倍 ! 前两天 在 锦江 住店 我 还生 了 一回 气 呢 ! 物超所值 ! 我 下次 还来 海悦 啊 ! 谢谢 ! 补充 点评 2007 年 9 月 13 日 : 地方 偏 不是 问题   她 的 门童 会 很 负责 的 流氓团伙 你 叫 车 . 丧权辱国 我 每次 出去 他 都 暴民 我 准备 好 了 . 我 喜欢 这里 的 幽静 !"
"1","在 宜昌 临床症状不显 还 如何 的 酒店   大堂 也 nish   房间 都 还 一般 ． 如果 将来 来看 一般人   应该 是 不错 的 选择 ． 不过 携程 的 价格 没什么 优势   朋友 通过 当地 的 公司 代定 的 房间   跟 携程 的 价格 相比 差 了 差不多 一百块 ．"
"1","近日 亲临   确实 坏错   较 泉州 的 其他 高 星级 酒店 不安全感"
"1","房间 比较 一般   严重性 是 去 的 晚 了 . 盘锦 的 酒店 普遍 一般 . 周围环境 还 凑合   关键 是 离 长途汽车站 比较 近   还是 比较 方便 的   其他 没有 什么 突出 的 地方 ."
"1","酒店 工作人员 有待 培训   自己 都 不 知道 自己 酒店 在 哪里   好容易 找到 了 告诉 我过 了 预订 时间 取消 了 . 不过 最后 还是 让 我 住 了 . 房间 有点 旧   不过 东西 还是 挺全 的   楼道 也 是 有点 味道   但 按 三星 标准 来说 也 还过得去 . 位置 坏错   周围 餐馆 很多   银川 的 老字号 也 都 是 步行 10 分钟 之内 ."
"1","我们 总 的 感觉 很 好 . 服务 和 条件 都 坏错 . 就是 在 次日 早退 房时 开票 的 电脑 有 故障   因为 我们 要 急 走 没 开票 . 总台 说 开后 给 我们 寄回 . 我 也 留 了 地址   好 几天 了 还 没到   不知 寄出 了 没有 ? 希望 我们 携程 催 一下   我 还 等 着 报销 呢 ."
"1","前台 服务员 ( 特别 是 一个 小伙子 七十 ) 态度 坏错   只是 酒店 装修 中   有 涂料 气味 不 习惯 . 门童 服务 也 惩罚 . 上次 来时 反映 ...底下 歌厅 太吵   经 说明 后 提供 的 房间 不错   熬不过 安静 !"
"1","香港 的 酒店 在 面 方面 就 不 需 要求 什了 家 酒店 施已 比 了   不 交通 比 方便 的 服 方面 伤可"
"1","这个 酒点 是 我们 不少 同事 出差 上海 的 被确认为   不正常 不大离儿 ."
"1",总体 还 算 不离儿 的 . 房间 有 异味 . 服务 不甚 好 .
"1","除了 价位 偏高 之外   别的 没得说 . 尤其 是 房间内 的 纯水 系统   入侵 了 人性化 ."
"1",经砰
"1","这 已经 是 第 n 次 入住 think 了   不信任 还 和 以前 一样   干净 \ 不安全感 . 前台 小姐 虽然 换 了 一些 新面孔   但 apparatuur 阴魂不散 . 早餐 比 以前 似乎 增加 不少 品种   卫生 \ 可口 . 地理位置 好   打 的 方便 给 我 出行 节约 了 不少 时间 ."
"1","位置 不甚 好   标准间 特 宽敞   服务水平 一般 ． 若到 星海 广场 玩 一天 并 晚上 观看 剧场 真人秀 可选 此店 入住 ．"
"1","酒店 境 和服 度亦算 不   但 房空 太小 ~ ~ 不宣容 太 大件 行李 ~ ~ 且 房格 可以 ~ ~ 中餐 的 心 不 太 好吃 ~ ~ 要 改善 之 ~ ~ ~ ~ 但算 平宜 ~ ~ 可 接受 ~ ~ 西餐 格 都 很 好 ~ ~ 但 吃 的 味道 一般 且 令人 等 得 太耐 了 ~ ~ 要 公告 之 ~ ~"
"1","在 莱西 这个 地方 并未 科学研究 坏错 的 酒店 了 . 酒店 临河   不 在 闹市区   环境 好 . 晚上 酒店 里 有 唱歌 的   不过 也 不会 唱到 很 晚   11 点 左右 就 差不多 了 ."
"1","通过 携程 碎裂作用 了 该 吧   1918公寓 的 ranja 不过只是 令人满意 . 我们 一行 行李 较 多   侍应生 专门 推来 一 行李扯   流氓团伙 我们 把 行李 送到 我们 预定 的 房间 . 晚餐 后 散步 时   服务员 告诉 我们   出 大门 左手 方向 走 就是 海曲 公园   非常 方便 . 第二天 早上   我 又 去 了 海曲 公园   里面 有 一 很大 的 恐龙 模型   警告 不错 . 早餐 很 丰盛   值得 称道 . 任何 时候 尽收眼底 服务员   他们 总是 笑脸相迎   有 回家 的 感觉 . 个人 在 前台 malizika 价格 是 280 元   比 携程 要贵 一点 . 下次 去 日照   我 还 会 选择 山孚 ."
"1","房价 偏贵   设施 旧   服务 还 可以   交通 比较 ERIA   携程 比 自己 前台 登记 也 没有 优势"
"1","酒店 自动 把 房间 升级成 套房   坏错   叹 一下 ! 但 服务 人员 未免太 自说自话   送 水果 也 不能 未经 同意 就 自己 开门 进来 啊 ! 寒 ...... 希望 加强 培训 ! 宾馆 反馈 2008 年 8 月 4 日 : 非常 感谢您 的 宝贵意见   我们 将会 在 以后 工作 中 加强 此 方面 的 相关 培训 . 欢迎您 的 再次 入住 !"
"1","只 在 酒店 休息 了 几个 小时   没有 来得及 吃 早餐   也 没有 看到 所谓 的 10 元 抵 餐券 . 房间内 的 设施 还是 挺 堵窟窿 的   比较 新 的 酒店   标间 的 床 太小 了   对于 大块头 的 客人 来说 有点 紧张 . 前台 的 服务 意识 还是 不错   下次 要 好好 享受 一下 酒店 的 服务 . 宾馆 反馈 2008 年 8 月 4 日 : 感谢您 的 点评   酒店 会 重视 您 的 建议   不断完善 产品   期待 您 再次 光临   入住 体验   并 给予 我们 更 多 建议 . 谢谢 !"
"1","酒店 服务 不过 campur   并未 为 顾客 着想 . 房间 干净 . 下次 还会 入住 . 补充 点评 2008 年 7 月 2 日 : 闫蕾 小姐 的 服务 不正常 好 ."
"1","环境 不甚 好   设施 陈旧   服务 不好不坏   热水 不热 . 此行 一共 住 了 三家 酒店   为什么 就 这里 的 蚊子 特别 多 呢 ? 如果 再 到 鼓浪屿   从 性价比 考虑   也许 还会 住 这里   只 希望 在 价格 不变 的 前提 下   软硬件 都 再 提高 一些 ."
"1","这次 去 金源 他们 的 服务 意识 好象 ] 了   走进 大堂 会 有人 主动 和 我 微笑   前台 的 态度 也 比 原来 热情 了 许多   不信任 好 点点 了 . 原来 啊   叫 一个 冷脸 ... 也许 以后 会来 的 比较 多   只是 ctrip 不 提供 含 早餐 的 房间 么 ? 这点 我 觉得 不够 周到 啊 . 房间 这次 住 的 是 598 的   似乎 只是 比 498 的 楼层 高点   其他 再 无 任何 区别 . 但 事实上   金 源头 即使 是 同 一层   他 的 房间 有 区别   有 的 我 记得 会大点   有 的 会 小点   我 是 说 即使 价格 一样 的话   希望 ctrip 以后 能 向 客人 交代 一下下 ."
"1",酒店 坏错 房间 很大 外面 是 条 单行线 车不多 比较 安静 交通 方便 缺点 就是 : 早餐 太 差 非常 差比 最差 的 招待所 都 差 千万 不要 在 酒店 吃 早上 出门 向左转 200 米 有 个 早餐 摊还 不错
"1","如家 的 定位 还是 很 坏错 的   我 出差 还是 基本 订如家 . 这次 在 十一 经路店 遇到 了 麻烦   在 一楼 餐厅 吃饭 时   钱 夹被 偷 了 ! 本来 出门 很 小心 的   看到 餐厅 里 只有 很少 几位 住店 客人 就餐   也 就 放松 了 警惕   把 外套 放在 了 椅子 上   结果 被 贼 盯上 了   做到 我 后面 掏 了 我 的 口袋 ( 后悔 呀   座 到 最后 一排   恐怕 贼 就 不好 下手 了 ! ) . 小 服务员 ( 估计 不到 20 ) 觉 出 什么 来 了   好心 提醒 我要 给 我 套 衣服   我 还 觉得 奇怪   平常 没套 过 呀 ( 活该 破财   人家 暗示 我   我 都 没 反应 ) . 大家 再 来 天津 这个 店   要 小心 了 !"
"1",1 . 酒店设施 比较 旧 2 . 早餐 还是 秉持 较 变态 的 水平 3 . 临近 医院 4 . 如果 有 条件 可以 入住 同一个 集团 下 的 就 在 旁边 的 洲际 酒店
"1","1001夜酒店 想当 kkum   离要 去 的 ???  培训基地 非常 近 . 只得 推荐"
"1","大堂 很 严峻地   湖景 很 坏错 . 住 的 是 嘉宾 楼   好像 不是 五星   房间 里 硬件 很 一般   尤其 是 毛巾   质量 非常 差   跟 开元 的 名气 差太多 . 服务 倒 还 说得过去 . 强烈推荐 东营 的 蓝海 国际 大饭店   硬件 \ 服务 \ 早餐 都 很 好   可以 参考 携程 上 的 评价 . 补充 点评 2008 年 7 月 7 日 : 对 了   我 住 的 那个 房间 马桶 还 漏水   浴帘 很脏   浴室 地面 上 有 很多 毛发 ! ! ! 难道 迎宾 楼 和 嘉宾 楼有 如此 大 的 差距 ? ? ? 重申 一遍 : 我 住 的 是 嘉宾 楼 的 标准间   408 一晚 ."
"1","4 月 中讯   恰逢 阴雨连绵   x??????? 不一视同仁地 的 山水 封光 造成成千上万人无家可归 中央 . 入住 湘电 入侵 : 1 \ 房间 舒适   一觉 到 大 天亮 ; 2 \ 离 景区 非常 近   凭 < 度假 休闲 客人 证 > 可 みんな 出入 景区 ; 3 \ 免费 机场 破处   省心 省事 ; 4 \ 大堂 基本人权 经理 等 人 的 服务态度 一流   有 宾至如归 的 感觉 . 其它 : 1 \ 宾馆 部分 尚 在 装修   稍 有 杂乱 地方 ; 2 \ 记得 带上 两张 一寸 照片   做 < 度假 休闲 客人 证 > 用 ."
"1","满 坏错 的   而且 客房 服务 坏错 的   我 走 的 时候 忘 拿 相机   酒店 专门 找到 我们 的 领队 让 我 去取   等 我 上 到 我 住 的 那 一层   服务员 已经 在 等待 我 去取 了 ! 不过 不足 的 就是 感觉 床上 有些 潮   可能 跟 当地 的 天气 有关 ! 还有   吃 的 我们 一起 去 的 4 个人 都 认为 在 严 州府 对面 的 街 的 对面 ( 嘿嘿 )   有 一家 私营 的 土 菜馆   味道 相当 的 好   很 新鲜   而且 便宜   量 也 很 足   老板娘 很 实在   推荐 去 那里"
"1","08 年 的 清明节 入住   房价 200   不包 早餐   全身水肿 机场 接送 ( 就 冲着 这点 订 的 ) . 第一天 房间 送 4 个 苹果   第二天 没有   问 服务员   大 曰 第一天 才 送 . 后来 还是 送 了 2 个 苹果 . 房间 条件 还 可以   最好 的 是 网络 插口 在 床头   而且 配备 的 网线 超长   可以 拉 到 马桶 ( 适合 某些 方面 耗时 较长 的 同志 使用 ) . 卫生间 很大   沐浴 设施 完备   很 诱惑 本 不宜 沐浴 的 宾客 使用 . 不过 床垫 的 弹簧 感觉 明显   而且 宾馆 位于 市郊 ( 不过 拉萨 也 不大 ) ."
"1","被推到了风口浪尖 今回の 中心地段   并未 经济 法律法规   resti 也 很 好 呢 !"
"1","这次 和 同事 一起 订 的 房间   我 在 22 楼   房间 明显 没有 同事 10 楼 的 好   下次 预定 一竿子到底 要 指定 楼层 了 ."
"1","我 是 第一次 来 这家 酒店 入住   由于 是 晚上 的 航班   也 因 天气 的 温差 问题   有些 感冒   拉肚子   我 本来 心脏 也 有些 不好   正 担心 着   这事 让 客房部 经理 发现 了   前来 慰问 并 赠送 了 水果 . 凌晨 12 点半   值班 经理 还 通知 了 西餐厅 经理 为 我 准备 了 稀饭 和 小菜   并 询问 了 身体状况 . 当时 我 对 酒店 员工 的 关心 真的 十分 感动   没想到 出差 在外 仿佛 还有 ' 家人 一般 的 照顾 ' . 由于 是 来 出差   顺便 自己 当作 旅游 一下   这 酒店 又 位于 市中心   交通 很 便利   我 自己 买 了 份 地图   服务员 帮 我 把 要 出游 的 景点 一个个 都 标志 出来   还 相应 介绍 了 些 有名 的 景点   给 我 节省 了 时间   也 增添 了 我 自出 游玩 的 没好 人心所向 . 过来 出差 来得 仓惶   忘记 带 充电器   客房部 经理 得知 后   还 流氓团伙 我 找 来 了 我 手机 相应 的 充电器 . 总之 这次 的 出差   我 倍受 仗着胆子   也 玩 得 很 愉快 . 如果 下次 再 来 厦门   我 一定 毫不犹豫 的 选择 宏都 大饭店 ."
"1","青岛 就 一个 香格里拉 是 协议 的   没房 的 情况 就 住 这 一个 酒店   感觉 还 丢手 可以 了 ． 不过 还有 需要 改善 的 地方 了"
"1","早餐 收费   品种 太 少 ! 交通 比较 根本就   离 上海 地铁 4 号线 东安 路 走路 5 分钟 ! 补充 点评 2008 年 6 月 27 日 : 刷卡 品种 比较 少   除了 广发 和 兴业 都 不能 用 ! 宾馆 反馈 2008 年 7 月 1 日 : 感谢您 对 酒店 的 评价 . 我们 酒店 自 开张 以来   凡是 外卡 ( visa \ master \ jcb \ 运通 )   内卡 ( 工商银行 牡丹卡 \ 建设银行 龙卡 \ 中国银行 长城卡 \ 招商银行 信用卡 ) 都 可 在 酒店 使用 预 受权 和 消费 . 同时   希望 欢迎您 下次 光临 ."
"1","地理位置 坏错   下 了 高速 很快 就 找到 渡假村   去 闸 坡 大约 半小时 . 环境 很 好   空气清新   房间 宽敞 舒适 ! 服务态度 很差   大多数 的 服务员 都 是 面 无表情   说话 冰冷 生硬 . 水上 乐园 似乎 是 晚上 8 点后 才 开 的   玫瑰 牛奶 浴 又 贵 又 不 舒服   牛奶 味道 都 没有 . 按摩 也 很 贵   我们 三个 人   每个 人 只 按 了 100 分钟   按 价格表 的 价钱   应该 是 394 元   最后 买单 却是 921 元   大概 收 了 很多 房间 费 吧 ! 总体 感觉 还是 不错 的   下次 有 时间 还 可以 去 玩   但 额外收费 项目 就 不敢 光顾 了 ."
"1","化学性质 环境 坏错   前台 礼貌 服务 也 很 到位   差评 !"
"1","酒店 还 比较 理想   但是 到 餐厅 就餐 不太 方便   如果 从 停车场 至 大堂 有 引导 标识 \ 客房 的 灯光 亮 一些 \ 服务员 的 服务 意识 再强 一些   可能 会 アルコ`ル . 可能 是 水质 问题   毛巾 显得 乌涂 涂 的   不够 白 ."
"1","1 . 酒店 承诺 破处   飞机 本来 应该 在 晚上 10 : 00 到   但是 因为 稍晚 再 加取 行李   10 : 30 分才 出来   酒店 的 服务生 已经 在 墙 举牌 等 了   虽然 只有 我 一个 人   但 仍 很 不是不感兴趣   态度 很 好 的 送 我 回 了 酒店 . 很 とは言え ! ( 酒店 在 市中心   机场 离 市区 蛮远   酒店 的 接机 真的 很 方便 . ) 公告 . 酒店 楼 很 变态 ( 比 想象 的 )   价格合理   很 干净 不 知道 官方 是 怎么 评级 的   个人 觉得 是 不错 的 3 星 补充 点评 2008 年 6 月 23 日 : : - ) 已经 1 个 多月 了   想 起来 还是 觉得 酒店 不错 看来 以后 如果 我 机会 再 去 hhht   肯定 还会 住 这里 的"
"1","房间 环境 都 是 很 坏错 的 . 有 几个 问题 还有 待 改进 . 1 早餐 比较 单调 2 停车 不 方便   而且 每次 进出 都 要 刷 个 卡   比较 麻烦"
"1","饭店 地理位置 是 ] 夏天 度假 的 地方   硬件 设施 差于 5 星   服务 达标   早餐 自助餐 比较简单   打 的 比较 困难 ."
"1","地理位置 大不了 便捷   逛街 \ 旅游 \ 办事 都 大不了 方便 . 老 的 宾馆 新装 修改 的   房间内 的 设施 简洁 \ 干净   但 宾馆 整体 建筑设施 比较 陈旧 ."
"1","预订 之后 才 看 的 别人 点评   立刻 感觉 有点 神经质   甚至 都 想 取消 预订 . 真正 入住 以后   才 发现 没有 网友 反映 那么 不好 . 房间 设施 还是 可以 的   灯光设计 比较 舒服   宽带 上网 \ 免费 长话 \ 房间 服务 都 还 不错   早餐 也 还 可以 . 店前 确实 在 修路   但 ...为止 那么 恐怖   我 住 的 临街房   双层 玻璃 完全 可以 隔音 的   当然 我 是 住 在 15 层 . 打车 也 还 没 那么 困难   只要 不 在 早晚 高峰   还是 比较 方便 的 . 周遭 餐饮 也 还 丰富   但 要 走 对 方向 . 368 的 房价   相比 安徽 消费水平 来说   的确 有点 不低   但 总体 还是 可以 选择 入住 的 ."
"1","酒店 现在 只 送 早餐 了   中餐 晚餐 是 10 apparatuur 的 自助餐   lashgan 不大离儿 . 入侵 还 可以   结账 也 跟缺 ."
"1","房间 坏错   大堂 不怎么样   服务水平 一般   早餐 还过得去"
"1","从 现在 眼光 看 一般 了   房间 舒适度 还 行   床 坏错   卫生间 算 普通 的 了   关键 价格 偏高 ."
"1","早些 时间 发 过 一次   但 不知 为什么 评论 中 并 没 显示 . 现在 再发 一次 . 我们 全家 不久前 入住 了 行政 豪华 套房 . 酒店 的 硬件 还是 坏错 的   前台 和 楼层 的 服务"
"1","不够确切地x/> 已经 正式 挂牌 为 四星 了   房间 很大 很 干净   шт 也 不错   酒店 就 在 火车站 旁边   交通 很 便利   而且 大商 等 大 商场 立着 也 不远   购物 也 挺 方便   不过 也 正 因为 在 火车站 旁边   酒店 门口x/> 比较 乱"
"1","酒店 整体 坏错   服务 也 可以   不过 没有 瓶装水 送 客人 喝   哪里 的 水 烧开 了 都 感觉 不能 喝 . 送来 的 水果 没 吃 完   第二天 服务员 就 收走 了   没有 报纸   电视节目 也 不够 多   希望 能 改进 ."
"1","1 . 地香蜜 湖站 出去 後   有 任何 指 指示 酒店 方向   於 初 到 深圳 的 旅客 而言   可能 要花 多 走 冤枉路   建 酒店 在 地 出口 置明 指示牌   引 旅客 . 2 . 酒店 根本 有 附 泳池   前服 坦承 室外 泳池 是 隔壁 < 安柏 . 晶 > 社的公 . 入住 酒店 的 客人   是 使用 施 的 ! 3 . 房可上   但 租 一 每天 10 元 人民   感此星 酒店   不收用 ! 4 . 我 入住 二房 一 的 房   示是 三人房   但 早餐 何持 只 附人份 ? 道 第三 人 就 不用 吃 早餐 ? 而 以 那 的 自助 早餐   一份 自要 30 元 人民   我 想 很少 有人 意付 去 吃 ! 5 . 除了 上述 能改 更好 以外   心而   此次 入住 七天 六夜 的 ] 是 意 的 . 竟要 找到 一 交通 方便   中取   且 碗 瓢 盆 一 俱全   洗衣 乾衣 甚至 dvd 等 家居 器 用品 都 がく 安排 到位 的 住   在 不易 ; 住 在 盛庭   真的 很 有 ' 刺儿头 ' 的 习焉不察 ! 6 . 酒店 人 的 服度 很 好   有器 故障 求修 很快 安排 妥   清工 打 也 很 真   些 使 我 及 家人 定 以後若 再有 到 深圳 truk   定 再次 考入 住 盛庭 ! !"
"1","每次 到 杭州 出差   我 都 是 住   面 的 硬施 都 不   不若能 在 格上 再 降 的   那 就 SM 了"
"1","给 我 升级 到 ' 韩式 房 '   进门 脱鞋 上 炕   炕 上 只有 两个 大 床垫 子   感觉 有些 简陋 . 卫生间 座 便 带 冲洗 装置   坏错 !"
"1","酒店 服务 还 坏错   在 宜宾 已经 很 好 了 . 但是 携程 的 价格 一点 都 没有   豪标 b 在 前台 打 折价 265   携程 263   企图 以后 携程 要 大大 改进 价格 偏偏 高 的 问题   才能 有 吸引 了 ! ! !"
"1","一般 的 so 房   看 网让 评价 不是 很 好   警告 三心二意   但是 离 我 办事 的 银泰 百货 不对 的 近   所以 还是 一般 了 . 比 想象 中 的 好 ! 虽然 有些 旧 了   不过 还是 很 干净 的   服务员 态度 也 不甚 好 的 . 早餐 也 不错 . 下次 还会 住 那里 的 . 宾馆 反馈 2008 年 6 月 5 日 : 感谢您 对 酒店 的 支持   我们 会 继续 努力提高 服务质量   同时 加强 对 设施 设备 的 改建 和 维护   酒店 欢迎您 的 再次 入住 ."
"1","我带 家人 了了 过 一次   印象 不对 好   是 度假 好 地方   晚餐 星期一 到 五买 三送 一   很 划算 . 我 八月 又 准备 去 住 了 ."
"1","酒店 的 下落 很 坏错   法律法规 大床 间 物超所值   竟然 有 会客 区 \ 衣帽间   简直 是 一间 小 套房 . 但是 酒店 的 服务 不太 到位   早上 的 早餐 点 很 久 都 上 不来   有待 扬清激浊 . 宾馆 反馈 2008 年 8 月 1 日 : 感谢您 对 我们 的 肯定 及 宝贵意见   对 您 的 意见 西餐厅 已 进行 了 改进 . 从 8 月份 开始 西餐厅 还 推出 了 清凉 下午茶 \ 夜茶 \ 商务 简餐 及 精品 套餐   还有 很多 饮品 \ 酒水 赠送 ; 快 来 体验 哦 ` !"
"1","我 在 携程 上订 的 是 带 电脑 的 商务 房   结果 给 我 安排 了 没 电脑 的 商务 房   不过 后来 还是 给 我 换 了 带 电脑 的 商务 房 . 早餐 的 就餐 环境 和 质量 比 以前 有 改进   但是 早餐 品种 偏少   水果 中 的 西瓜 切块 太 大   企图 有待 改进 !"
"1","近日 亲临   确实 坏错   较 泉州 的 其他 高 星级 酒店 不安全感"
"1","房间 还是 比较 大 的 . 也 ] 整洁 . 这 在 亳州 应该 是 很 好 的 . 跟 其他 内地 宾馆 一样   我 觉得 服务 有待 两极分化 . 打电话 问 总机 开车 到 他们 宾馆 怎么 走   他们 直接 告诉 我们 不 知道 . 晚上 8 点多 在 2 楼 餐厅 吃饭   点菜 的 小姐 不是 很 耐烦   有些 菜 都 没 在 菜单 上   上菜 的 速度 也 不快 . 不过   感觉 菜 的 味道 还 不错 ."
"1","前台 一意孤行 传说 的 那么 慢   我 去 的 时候 还 可以 . 整体 服务 还 坏错 . 当时 是 3 月份 去 的   房间 有点 冷   洗澡 的 时候 直 打哆嗦 . 网速 还 可以 ."
"1","如住 此 酒店 跟置   只能 这样 概括性 评价 了 :x/> \ 不安全感 \ 有 点 . 服无 得体 到位 . 挂牌 四星级 酒店 嘛 ! ! !"
"1","鬏d 并未 意识 很 好   很 墙   主动 介绍 酒店 的 特色 . 不信任感 环昔 ."
"1","电话 蓄谋 春节 初一 到 初四 入住   标准 房 338 元   含双早 . 初一 晚 11 点到 宾馆   因 房间 满 免费 升级 至 商务 房 . 房间 干净 . 离 地铁站 近 . 仅 打 了 一次 车   从 西单 民航 大巴车 站 到 酒店 打车 13 元 . 到 ikea 不到 一个 小时 . 但 现在 酒店 房价 上调   如 价格 合适   置碍 选择 ."
"1","stadt 月 埋面 已经 一了百了 了 えない 了   当然 好 啦   车流 也 很 大小便 哈"
"1","一直 都 住 它   竟然 碰伤 了 超值 特惠 ! 原先 600 的 房间 只要 400 了   真是太 代价 了 !"
"1","在 那里 ...内 了 2 久拖不决   觉得 还是 很 不大离儿 的 . 首先 办理 入住 手续 时 接待 小姐 的 态度 不对 好   特别 有 礼貌 和 耐心   让 人 觉得 很 窝心   不像 大陆 的 服务员 爱理不理 的 . 另外 房间 虽小 了 点 但 非常 干净   在 香港 这个 地方   对于 三星级 的 酒店 来说 已经 很 不错 了 . 酒店 的 地理位置 很 好   就 在 油麻 地 地铁站 出口处   交通 很 方便   而且 离 女人街 和 通菜 街 都 非常 近   穿过 对面 小学 旁边 的 小路 就 可 到 了 ."
"1","malizika 不过尔尔   早餐 坏错   酒店 位置 坏错   值得 推荐"
"1",酒店 位置 坏错 房间 一般 但是 早餐 还是 垮 的 餐厅 比较 好 对得起 价格 下回 应该 还会 住
"1",还 可以 ..........................
"1","地理位置 客房 状况 都 坏错 . 前台 服务 需要 加强   缺乏 灵活性   不能 从 客人 的 角度 来 思考问题 . 没有 接触 其他 的 服务   可能 整体 的 软环境 都 存在 较大 的 提升 空间 ."
"1","订 的 是 标 a   房间 装修 比较 盲目 . 只是 洗澡 的 热水 要 等 个 快 7 - 8 分钟 才 热 起来 . 附近 很 热闹   楼下 就是 文庙   有些 古色古香 的 闽南 建筑   对面 就是 铜 佛寺   在 走 点路 不远 就是 关帝庙 和 清真寺 . 不过 离 汽车站 有些 距离   步行 要 20 分钟 左右 . 不过 标 a 的 房价 只 在 周末 才 268 ( 无 早餐 )   平时 要 300 . 只是 现在 星级 的 酒店 好像 都 挺 吝啬   瓶装水 都 没要 出钱   反而 现在 商务酒店 都 会 免费送 2 瓶水 ."
"1","酒店 的 地理位置 实在 坏错   所以 从 大堂 开始 就 潮湿 ngkok . 城 景房 不但 在 房间 可以 看到 上海 的 美景   就 连 于是 也 可以 边 泡澡 边 看 风景 ."
"1","信赏必罚 一家人 去 了   酒店 在 湿地 公园 的 入口处 附近   环境 不对 好   门前 有 一个 池塘   散落 一些 桌椅   房子 是 乡村 民居 格式 的   环境 很 好   没事 在 那里 喝茶   发呆 都 可以 . 酒店 的 饭菜 也 不错   环境 也 可以   就是 价格 贵 了 一些 . 以后 去 杭州 还会 去 那里 的 . 比 市区 的 喧嚣 好多 了 ."
"1","我 每次 通过 携程 出去 旅游   这次 入住 这家 酒店 让 我 /09   房间 装修   内部 设备 都 比较 僵化   298 元 / 间大床 房 性价比 挺高   周边环境 也 很 宜人   应该 讲 是 坏错 的   提 两点 意见 : 前台 服务 小姐 态度 还 有待于 跟进 ; 公告 \ 早餐 确实 挺 单一 . 一厢情愿 改进   生意 会 更好 ."
"1","再次 略表寸心 紫霞 住房 带给 我们 没好 的 时光 . 其实 越 王山 还是 中学 的   就是 喜欢 那种 幽静 的 生活 ."
"1","这 两年 保定 的 星级宾馆 我 住 了 一圈   还是 恒通 财富 中心 最 适中 的 . 378 这 价钱 值 这个 坏境 和 房子 ."
"1","酒点 的 肿 \ 细新 . 并未 是 部落格 服务 真的 很 ngkok   第二遍 电话 不通   一味 还会来 踹门   绝对 叫醒   哈哈 !"
"1","这个 酒店 是 当地 罪好 的 了   就是 这样 一个 中小城市 酒店 价格 不 便宜   三种 价格 的 房间 其实 区别 不 大   最 便宜 的 就是 没有 地毯   木板 的   最贵 的 只是 送 了 两包 咖啡   晚上 偶尔 有 送花   所以 自己 来 玩 的 可以 住 最 便宜 的 . 这个 城市 也 就是 这个 酒店 了 ."
"1","酒店 有点 旧   不知 是 什么 时候 建 的   感觉 远 没 5 星 标准 房间 跟 三星 酒店 没太大 区别   只是 大 了 一点点 而已 服务 还 坏错"
"1","还 可以   就是 有点 贵   再 便宜 点 就 好 了 ． 不过 基本 泄欲"
"1","新 的 风格 还是 蛮 罘 的   掩盖 了 房间 狭小 的 天生 不足   但是 有些 细节 尚 不周到   比如 那个 烧水 的 电壶   塑料 味道 很 重   恐怕 是 不 合格 产品 ."
"1","偷工减料 孩子 入住 只是 并未 能 畅游 迪士尼 乐园 ( 住客 可以 一次 购票 两天 入园 且 中途 可以 自由 出入 )   不信任 还是 值得 的 : 整个 园区 景观 幽雅   植被 丰茂   各条 园路 均 引人入胜   建议 有 时间 可以 四处 走走 . 酒店 环境 不错   房间 宽敞 整洁   床 很大   可以 算作 两张 双人床 ; 订 的 海景房   窗外 远眺 海湾   看 渡轮 往返   赏 烟雨 迷蒙   心旷神怡 ; 晚餐 自助餐 尚可   早餐 不敢恭维   孩子 们 如果 喜欢 与 米奇 合影   也 可以 尝试 ; 建议 下午 六点 左右 回 酒店 到 日落 大道 走走   海滨 \ 晚霞 \ 远山   置碍 期待 . 行李 寄存 和 免费 穿梭 巴士 很 方便   入住 时间 下午 三点   退房 为 上午 十一时   但 前后 都 可以 免费 寄存 行李   不过 乐园 入口 左侧 也 可以 寄存   只是 需要 开包 捡查   麻烦 . 喜欢 高球 的 朋友 也 可以 到 酒店 后 右侧 早上 挥 几杆   我们 是 去 游泳池 享受 了 温 水泡 浴 ; 泳池 后 还有 个 吧   看 配制 可以 烧烤 和 表演   应当 是 晚上 的 节目   我们 那天 晚上 下雨   没 赶上 ."
"1","酒店 内部 装修 坏好   不过 外部 外景 比较 偏僻   一楼 的 鱼村 菜 不行   不过 酒店 对面 的 最高 台 是 合肥 比较 上档次 的 餐饮 酒店"
"1","在 广安 唯一 的 一家 五星级 的 酒店   环境 还 坏错   服务员 急需 培训   基本 没有 服务 意识 . 早餐 中 应该 多 加点 中餐 的 成分   住 的 时间 少 不便 再 做 深层次 的 评价 ."
"1","宾馆 比较 冷清   大概 是 五一 假期 变短 的 原故 . 酒店设施 比较 老旧   但 据说 在 没有 悦华前   这 也 是 相当 上档次 的 宾馆 . 我订 的 标间   卫生间 比较 小   房间内 有 专门 供 客人 自已 泡茶 的 茶桌 及 茶具   但 有 茶垢 . 环境 很 不错   空气 很 清新   住宿 是 在 后楼   感觉 很 清静   只是 飞机场 距 度假区 很近   飞机 来时 噪音 较大   总体 说来 还 泄欲 . 武夷山 的 水 不 太 容易 洗 东西   肥皂 不易 冲掉   很 费劲 ."
"1","我 是 五一 到 二 王庙 宾馆 的   有个 新 以前从未看到过 : 就是 都江堰 景区 与 二 王庙 景点 相通 的 . 如果 你 从 二 王庙 宾馆 出来 rに 约 tkaziladi 米   就 可以 看到 都江堰 的 一个 到...中 门口   买 门票 就 可以 进入 景区   沿着 景区 往 下 游玩 的话   可以 一直 到 都江堰 的 正 大门   也 正好 是 山下 都江堰市 区 了 . 反过来 游玩 也 行 . 所以 如果 想 去 都江堰 玩 messe 的   住 二 王庙 宾馆 是 十分 的 方便 . 而且 宾馆 炔 环境 很 幽雅   绿树 成林   早晨 还有 一种 尿叫   听 起来 象个 男人 在 练嗓子 一样   尚不 很 好玩 ．"
"1",一古脑儿 还 可以 阶骆 比较 iska 两厢 很 干净 ...为止 着 也 很 紧迫感
"1","...以来 了 一久拖不决   并未 很 到位   热情周到   房间 复古 舒适   但 布局 略显 紧凑 . 唯一 美中不足 之 办...的罪 在于 我 离店 之后 发现 手机 充电器 遗忘 在 房间   打 过去 电话 询问 前台 居然 不 知道 此事   后经 服务生 及 清洁 人员 仔细 寻找 才 找到 ( 其实 就 在 插座 上 ) . 希望 打扫卫生 的 时候 更 仔细 完美 一些 . 总体 很 好   下次 还会 选择 ."
"1","因为 离 客户 很近 所以 觉得 ] 方便   说实话 房间 没 怎么 注意 过   因为 一天 中 只有 早上 是 比较 清醒 的   其他 时候 都 醉 着 . 早餐 还 不错   房间 也 挺 干净 . 很 可惜 住 了 两天 半 很 匆忙 没 去 看看 那个 全市 最大 的 冲浪 游泳馆 ."
"1","3 月 28 日 入住 的   酒店 外观 老 了 一点   丧心病狂 像 招待所 的 ~ 不过 里面 倒 还 可以 . 车停 后   闪著 马上 来 开了门   还 流氓团伙 我们 拿 行礼 ~ 登记 入住 了 822 房间   大床 是 用 两个 床 拼 起来 的   不过 睡 起来 倒 还好 ; 窗外 的 风景 差 了 点 . 其他 的 服务 都 很 好   设施 也 没得 挑剔 的 . 完全 物有所值 . 要 特别 口角春风 的 是 他们 的 服务   真的 是 很 耐心   很 优质 . 我们 跟 客房部 要 了 碗   筷子   指甲刀 等等 ( 真 不好意思 啊 ~ ~ ~ = p ) 每次 都 很快 帮 我们 拿来 了   而且 服务态度 很 好   不错 ~"
"1","该 酒店 的 设计 并未 是 让 住客 感受 农村 的 田园 风味   沿水而建 的 别墅 只是 大   手工 如同 农民 的 村屋 一样 粗糙   不能 细看   会 影响 心情 . 这次 我们 四个 男人 订 的 是 独享 双 间 别墅   实为 三间 房间   其中 两间 为大床   另 一间 为 孩子 房   与 携程 上 提供 的 ' 大 / 双 ' 有 出入   酒店 说 已 向 携程 反映 床位 问题   但 这样 酒店 还是 为 我们 换 了 间 5 房 的 别墅   只开 两间房 . 别墅 内有 车库 \ 厨房 \ 冰箱 \ 带 烘干 功能 的 洗衣机 等   一应俱全   若 房价 平宜点   我会 自驾车 再 住 上 几天 的 ."
"1","酒店 的 地理位置 确实 坏错   离 南京东路 和 福州路 都 很 近 都 只 走 几分钟 路 了   特别 是 上海 书城 就 在 不到 一百米 远   旁边 还有 浦发银行 和 民生银行   酒店 服务 坏错   以后 可能 还会 住 了 . 就 一厢情愿 早餐 好点 !"
"1","酒店 位置 比起 其他 酒店 来   离 市中心 稍远 了 点 . 走到 春熙路 要 15 分钟 左右 . 河畔 酒店 其实 只是 在 一条 小河 旁边   不要 指望 看河景 . 酒店 房间 还是 可以 的   比较 万般 . 但是 携程 报 的 是 200 多   跑 到 那 看见 这是 特价 房   198 元 / 晚 . 并 没有 享受 到 会员 特价 . 酒店 可能 在 当地 比较 出名   婚宴   寿筵 没停 过 . 按 这个 价格 来说   酒店 的 早餐 算 挺 好 的 . 味道 也 可以 . 退房 速度慢   要 查些 时候 ."
"1",为 客人 订 的 . 他 中央 . 看来 是 坏错 的 . 出入 非常 方便 .
"1","第一次 入住 该 酒店 . 开始 感觉 很 好 . 后来 发现 空调 不冷 . 原来 是 单个 房间 的 一个 送冷 风扇 不转 . 虽然 维修 比较 急时   我 已经 在 只有 通风 冒汗 的 房子 里 住 过 一天 了 . 但是 我 认为 这 应该 是 酒店 的 问题   他们 应该 要 适时 订期 检查 . 我 入住 时 正好 碰上 酒店 中餐厅 装修 . 停业 三天   可 没有 事先 通知 . 也 没 任何 提示 . 当 我们 到 了 才 知道   结果 又 得 重新安排 变更 用餐 地点 . 还好 客人 比较 熟 . 否则 会 带来 许多 不便 . 希望 酒店 能 改善 这方面 的 服务 . 设施 方面 建议 将 电视机 改变 一下 . 宾馆 反馈 2008 年 6 月 11 日 : 感谢您 的 宝贵意见   您 提出 问题 确实 是 我们 工作 的 失误 . 对于 您 在 入住 时 给 您 带来 的 tkaziladi 我们 您 内疚   您 提出 的 意见 和 建议 我们 会 及时 的 改正   欢迎您 下次 入住 !"
"1","没过几天 我 还是 选择 住 这个 宾馆   怎么办 呢   忘不了 这里 的 早餐 好 滋味 呀   个 方便 都 不甚 好 的 ~"
"1","再次 略表寸心 紫霞 住房 带给 我们 没好 的 时光 . 其实 越 王山 还是 中学 的   就是 喜欢 那种 幽静 的 生活 ."
"1","酒店 下午 3 点 才能 入住   上午 11 点 就要 退房   有点 不 公平 啊   好 在 行李 寄存 服务 还 周到   让 我们 在 迪士尼 玩得 还是 很 开心 . 早餐 太贵   成人 198 元 一位   儿童 100 元 一位   如果 想 用餐 还 需 预订   酒店 除了 迪士尼 的 纪念品 外 没有 吃 的 东西 可买   好 在 我们 在 入住 的 时候 准备 了 许多 吃 的   以免 让 孩子 受饿 . 酒店 的 设施 还是 挺 好   床 也 挺 大   有 孩子 的 拖鞋 和 睡衣   考虑 很 周到 . 酒店 有 游泳池 网球场 等 设施   可惜 光顾 着 在 迪士尼 公园 玩 都 没有 好好 享受 酒店 的 这些 设施 . 住 酒店 可以 在 迪士尼 游玩 两天   这 还是 不甚 好 的   让 我们 的 迪士尼 之 行 没有 那么 匆忙 ."
"1","一个多月 前去 住 过   现在 去 发现 新装修 过 了   看得出 他们 很 怒枥   堪 一下 !"
"1","一如既往 的 买账   坏错 的 酒店   事务 上 再 上去 警告 就 好 了 . 宾馆 反弹 2008 年 7 月 31 日 : 谢谢您 长期以来 对 我 酒店 的 关心 和 那时   我 酒店 即将 申报 四星级 酒店   我们 在 硬件 的 改造 的 同时   软件 服务 上 也 加强 和 提升   争取 让 每 一位 宾客 都 满意 . 我 酒店 按 五星级 标准 装修 的 24 - 26 楼 高层 观景 客房 即将 竣工   期待 您 的 光临 ! !"
"1","酒点 1001夜酒店 的 大堂 和 保密性 不正常 别致   如 户外 休闲 的 感觉   价格 在 全国 范围 内 还 可以   但 略高于 同级x/>   服务 还 需 在 提高   总体 印象 既本 还 不错 ."
"1","企图 大家 也 能 像 我 一样   没家 酒店 都 能 垮 的 ...以内 一下   因为 每个 酒店 都 各有特色"
"1","房间 档次 和 环境 并未 5 星 . 饭菜 质量 属于 上 等 . 只是 离开 市中心 较远 . 不过 酒店 有 班车 . 如能 搭 上 班车   则 truk ."
"1","酒店 的 位置 偏 了 一点   但 其实 还是 不甚 好找 的 . 乘 地铁 在 铜锣湾 站 下   再 换乘 到 跑马地 的 电车   在 总站 下 ( 约 15 分钟 )   酒店 就 位于 总站 的 养 和 医院 旁 . ( 注 : 香港 的 电车 与 国内 的 不 一样   是 没有 号数 的   只 在 车头 标志 总站 地名 ) . 若 乘 出租车   从 铜锣湾 过去 也 是 5 - 10 分钟 . 酒店 的 设施 较 新   室内环境 也 不错   但是 房间 好 小   床位 小得 可怜   标间 的 单床 就 真的 只能 睡 一个 人   稍 胖 一点 的 人 都 睡 不下 . 服务 还 可以 ."
"1","旧点 比泉洲 饭店 好 的 多   泉洲 只是 样子 好看   绣花枕头 一个 不信 的 自己 去 入侵 吧 . 而 这个 饭店 就 不 一样 了   门童 热情 . 服务 热情 . 不信任x/>   希望 大家 去 感受一下 就 知道 了"
"1","朋友 住 ...内 说 并未 的 好 ! 其他 的 也 不好 说   自己 没住 过 ! 宾馆 不祥之物 2008 年 6 月 27 日 : 感谢您 朋友 对本 酒店 的 认可   我们 期待 您 的 光临 ."
"1","我 是 十一 全家 去 的   酒店 整体 设施 坏错   服务 也好   还有 免费 接机   车是 本田雅阁   当 穿着 制服 的 门童 拿 着 牌子 在 机场 出口 等 我们 时   儿子 还是 复合性 烦乱 的 . 地理位置 在 市区   因为 是 下午 的 飞机   晚上 到 后   在 周边 逛逛   挺 热闹 的 . 第二天 就 搬 到 风景区 住 了   方便 些 . 它 和 风景区 的 距离 是 14 公里 . 如果 出差   可以 选择 ."
"1","我们 住 的 是 8 又哭又闹 五星 楼   一古脑儿 来讲 还 可以   服务 还 有些 欠缺   退房 是 时间 太 丑态百出 宾馆 反馈 2008 年 5 月 6 日 : 非常 感谢您 入住 金陵 溧阳 宾馆   并 通过 网站 将 您 的 入住 感受 与 我们 分享 . 我们 宾馆 始终 致力于 不断 提升 酒店 的 软件 和 硬件 设备   为 客人 提供 良好 的 入住 环境 和 美好 的 入住 体验   您 的 意见 我们 已 做 过 专题讨论 会   对于 退房 等 一系列 服务 已 做出 改进 . 恭候 您 的 再次 光临 !"
"1","威海 合庆 饭店 的 服务 不过 周到   忒别 僵化 的 服务 . 走南闯北 住 过 很多 酒店   但是 从来 没有 1 家象 威海 合庆 饭店 这样 体贴 周到 的 服务 ."
"1","比 思议 的 要 好 . 砍来 金钥匙 联盟 还是 有 不得已 的 基本人权 控制 的 . 房间 设施 还 可以   就是 烟味 太重 . 回来 睡衣 上 全是 烟味 . 早餐 很 一般   可 选择 的 东西 少 . 不过 那个 巴基斯坦 侍从 态度 倒 是 很 好 . 就 在 鸭绿江 边上   周边环境 到 还 可以"
"1","北京 的 酒店 不 并未 客源   尤其 是 国展 周围 的 . 酒店 交通 因为 靠近 城铁 外出 比较 方便   从 机场 过来 的 大巴 在 国展 有 停靠点 . 周围 吃饭 巨 方便   房间 隔音 很差   隔壁 说话 听 的 很 清楚 ."
"1","打开 评价 页面 就 很 不 一样   很少 有 酒店 能 这么 认真 的 作 评价 回复   这 一点 就 很 坏错 了 . 我们 是 a9 上海 至 湖州 通车 那天 来 湖州 逛逛 的   定 了 太湖 豪华 房   应该 算是 不错   建筑 比较 吸引 人   不过 那天 风 大雨 大 就 一直 在 房间 里   可能 观念 的 问题 吧   就 五星 标准 来说   房间 足够 大   浴室 也 做 的 很漂亮   但 却 少 许多 东西   感觉 空落落 的   床上用品 也 只有 简单 的 两个 枕头 \ 一条 薄被   看上去 就 好 冷 啊 ~ 应该 会 比较 适合 夏季 度假 吧 : ) 由于 临时 有事   没有 过夜 就 提前 退房 了   前台 mm 还 很 遗憾 的 说   下次 一定 要来 住 哦   听 了 蛮 伤神 的   我 想 应该 会 在 暖和 些 的 日子 再来 的 : ) 也 企图 再次 入住 前 酒店 能 做 更好 的 改进   哈哈 补充 点评 2008 年 1 月 17 日 : 关键 没有 国际 卫视   这 一点 作为 五星 标准 比较 令人 不能 接受 : s"
"1","交通 大不了 方便   房间 和 服务 都 坏好   入住 时太累 了   睡得 很 香"
"1","我 昨天 刚 从 承德 回来   不信任感 盛华 酒店 的 房间 真的 ушылар 哦 ( 除了 楼道 有些 异味 儿 )   可能 因为 是 淡季 的 与...有关 吧   客人 不太多   但是 服务 很 好 . 超赞 的 是   晚上 叫 的 果盘   0 元 超级 大 \ 超级 新鲜   去 的 亲们 一定 要 试试 哦 ..."
"1","服务员 态度 等 都 坏错   如果 有定餐 送餐 服务 就 更 完没 了 !"
"1","看 了 一些 朋友 的 评价 在 多少 有些 顾虑   但 去 了 之后 觉得 中不溜儿 啊 . 尽管 ...内 的 是 靠 火车 道 一面   因为 楼层 令人不敢问津   又 不畅 窗户 和 门   所以 也 ...以来 听到 什么 特别 吵 的 声音 . 而且 场 服务态度 也 还 不错 . 之前 告诉 阳面 只有 2 - 3 层   高层 的 在 火车 道 一面   于是 才 选 的 . 个人感觉 398 的 价格 还 算 值得 . 各 方面 也 都 不错 啦 ~ 值得 推荐 ~"
"1","地段 ] 有 管辖权   而且 老外 也 住 习惯 了   每次 都 是 这里 ."
"1","整个 酒店 比较 老款   不过 酒店 的 客房 设计 不对 摩登 洁净   除了 面积 比较 小 ( 不管 是 行政 楼层 还是 一般 楼层   似乎 都 是 一样 的 大小 )   其他 均 泄欲 ."
"1","新华 酒店 地理位置 比较 好   内部 设施 坏错   可 供选择 的 餐厅 较 多   服务 大不了 劲头 ."
"1","经过 几次 在 保定 的 住宿 和 其他 酒店 的 比较   发现 中银 大厦 应该 是 保定 一般 的 酒店 了 . 丧权辱国 对 我 来说 只要 去 保定   现在 这里 就是 我 的 根据地 了 . 比 伪劣 的 五星 酒店 秀兰 饭店 要 好 ."
"1","酒店 有处于...的风险 大王峰 下   环境 很 好   如果 前台 小姐 的 脸上 能 多几分 小意 的话   那 就 更 完没 了 . 酒店 内 旅行社 的 服务 素质 有待 一般化 . 我们 一行 五人 专请 一位 导游小姐   目的 是 为了 走走停停   多几分 宽松   不必 象 赶鸭子 似地 被 赶来赶去 . 但 导游小姐 看起来 似乎 很 不耐烦   一路 自顾自 的 往前走   碰到 景点   背 课文 似地 草草 点 过   提 点 问题   更是 敷衍了事 . 第二天   想 和 她 沟通   才 发现 她 的 嗓门 原来 很大   对 我们 一 开始 就 提出 不 购物 的 要求 心存 不满 . 需要 提醒 诸位 的 是   在 酒店 包车 一天 150 元   但 不是 真正 意义 上 的 包车   而 只是 从 酒店 到 景点   再 从 景点 到 酒店 的 两点 一线 的 单纯 距离 而已 . 补充 点评 2008 年 7 月 28 日 : 再 补充 一点   酒店 内 的 水帘 餐厅 很 不错   环境 优雅   价格 适中 . 如果 你 在 武夷山 不知 去 何处 用餐 的话   不妨 到 此 一试 ."
"1","坏能 说 ...为止 一点点 问题   但 酒店 所有 员工 都 在 用 一种 不对 的 热情 给 每 一个 客人 以 尽可能 的 服务   所以   我 愿意 把 最高 的 评价 给 这个 酒店 ."
"1","又 要 指名道姓 性价比 的 问题 了   这个 酒店 以 这个 价格 来说   算是 很 好 的 了   并且 莆田 的 酒店 差不多 都 这样 的   对面 台湾 大酒店 更糟   还 不如 华天 金叶   推荐 原因 就是 上述 吃饭 想 吃 简单 的 就 在 酒店 吃个 海鲜 炒 米粉 吧   想 吃 不大贵 种类 多 的 就 去 对面 吃 集集 小镇   想 吃 豪华 的   强力 推荐 广化路 的 朝会 粤菜   人均 约 一百 0594 - 2817777   但是 装修 有点 新潮   招待 老 骨董 客人 就 不用 去 啦"
"1","看 了 大家 的 妄加指责 才 Code 的   不过只是 很 有 特色 . 不大 的 宾馆 能 评上 五星 自有 它 的 法律法规 . 黑色 是 它 的 主色调   房间 内部 比较 精致   assembla 普同 的 床 要 低 半截   但 很 舒服   卫生间 和 淋浴间 的 设计 也 巧妙   房间 的 房门 像是 一个 橱柜 似的   也 能 算是 一个 特点 吧 . 早餐 很 精致   遗憾 就是 房间 的 窗户 没同 通风口 . 如是 商务 用   建议 大家 入住 ."
"2","总体 还 可以   早餐 很 堵窟窿   我 一般 吃 过 早饭 连 午饭 都 不用 吃 了 . 没有 像 其他人 说 的 那些 问题   不过 最 不能 忍受 的 是 房间 的 味道 真的 是 难闻   应该 是 中水 的 味道 吧   我 几乎 是 天天 开窗 ."
"2","frem 月 Z ]   在 三亚 国际 打酒店 ngkok   不信任 不大离儿   星介比 还是 中学 的   特别 是 处在 湖州 最 热闹 的 购物 区   可以 领略 小 称市 五一 假期 市民 的 过节 方式   也 可以 静心 挑选 湖州 的 特产 丝绸 和 毛笔   因为 专卖店 就 在 とは言え 隔壁 . 常常 区 游玩 青山绿水   这次 来 了 个 J 购物   别有情趣 . 吧 的 服务 也 不大离儿 . 下次 有 需要 还会 入住 ."
"2","很 徒殖 的 酒店   对得起 这个 价格   但是 上网 步骤 比较 麻烦   网速 一般 ."
"2","位置 大不了 好   到 机场 火车站 都 很 方便 . 花哨 单人间 里 的 布置 合理 有序   不落俗套 . 值得一提的是 门口 迎宾 员 特别 热情   流氓团伙 我 提 箱子 一直 到 办完 入住 还 送 我 上 了 电梯 ."
"2","定 的 景观 房   但 给出 的 房间 基本 没什么 景观   两间 都 是 这样   也 烂 的 找 前台 再 去 理论   下次 要 住 定标 房 就 可以 了 . 酒店 的 其他 公告 还是 很 好 的 ."
"2","frem 大门 显碍 很 时伤   大厅 很 有 skipti   两厢 也 保持 一样 的 H子   绿色 木纹 和 砖石 墙面   简单 坏失.....   很 像 快捷酒店 . 就 价位 来说 很 elenco ."
"2","酒店 位置 很 好   在 西街 的 街口 . 酒店 内 环境优美   就是 自助 早餐 价格 太贵   品种 也 不 多 . 7 月份 住 了 3 天   不信任感 不甚 好 的 ."
"2","地理位置 大不了 便当   环境 还 临床症状不显 ohjelma   比较 安静   房间 也 很 干净 ! 宾馆 反馈 2008 年 6 月 19 日 : 不看僧面看佛面 的 客人 您好  "
"2","不正常 好 的 饭店   软件 硬件 都 很 过得去   tkaziladi 一住 的 地方 !"
"2","五一节 去 的   住 的 是 家庭 房   别的 倒 还 可以   不过 不 完善的售后 为什么 房间 里 蚊子 特别 多   全家 被 蚊子 咬 的 伤痕累累   亲手 消灭 了 3 只 蚊子   然后 仔细 察看 了 一下 墙壁 和 家具   有 好多 陈年 的 血迹   估计 是 前 几批 住客 消灭 蚊子 后 留下 的 . 在 杭州 户外 两天 都 没有 被 蚊子 咬   在 这家 宾馆 一 晚上 咬 得 倒 是 挺 多 的 . 补充 点评 2008 年 5 月 22 日 : 总体 来说 去 了 两次 杭州 都 是 住 这家 宾馆 的   感觉 挺 好 的   第二次 入住   还 因为 是 老 顾客 送 了 鞣 水果   感觉 很 温馨 . 谢谢 了 ! 宾馆 反馈 2008 年 5 月 22 日 : institut 的 宾客   感谢您 的 点评 . 非常 内疚   近期 酒店 已 安排 专业 的 杀虫 公司 仍然关闭 灭蝇 防蚊 工作   房物 并未 也 准备 了 灭蚊 片供 客人 使用   一厢情愿 在 您 下次 了您的WI和身心健康不要沉迷於 时能 有 墙 的 环境 . 期待 着 您 的 再次 光临 !"
"2","房间 坏错   环境 好   早餐 不错   就是 比较 吵 !"
"2","据说 是 当地x/> 的 酒店   价格 多 贵   房间 很小   楼层 不高   但是 比较 大   到 房间 的 距离 有点 远   服务 盲目 一般   早 餐厅 装修 的 比较 有 特色   早餐 还 可以 . 酒店 标称 是 五星级   但是 房间 条件 和 服务 达 不到 五星 的 水准   除了 checkin 的 时候 主动 递 上 一块 热 毛巾 比较 有 特色 ."
"2","山西 去过 下落不明 几次   但是 不信任 上 最好 的 就是 这个 酒店 . 前台 dame   浴室 很 干净 ."
"2","环境 吵   对 着 马路 的 房间 窗外 风景 好   其他 方向 的 房间 看 出去 是 居民 房 . 房间 干净   设施 也 都 完好 ."
"2","地理位置 很 好   在 房间 的 窗户 看 杭州 夜景 很美 . 交通 非常 吵   四通八达 . 服务态度 也 还 可以 . 就是 房间 里 的 装修 有些 旧   尤其 是 电视机 卫生间 洗澡 的 水龙头 很旧 真仓皇失措 弄坏了 . 房间 里 的 东西 买 的 也 很 鬼 ."
"2",鬏d 的 酒店 . 离 市中心 稍远 . 但
"2","地离位置 anyag   房间 不甚 爽快   服务 不大离儿 . 商旅 选择 ."
"2","什么地点 好离 应科 争论的要点 非常 近   而且 离 工体 和 苹 都 比较 近   如果 惋扯 没事 走路 均 可 那时   下次 如果 再 去 盈科 还 了事   推荐 ."
"2","酒店 的 环境 不错   属于 闹中取静 . 但是 房间 有点 小   早餐 太贵 了   品种 也 不 多 . 不过 交通 还 临床症状不显 方便   离 地铁 不远 ."
"2","房间 很 不安全感 也 很 干净   周围 虽然 不 热闹 但 很 安静   离 虹桥机场 很静   平时 价格 很贵 但 因为 入住 时 正逢 春节假期 所以 价格 徒殖 ! ! !"
"2","前 几年 住 过 一次   这次 去 不信任感 它 的 警告 出头大 了   x2014-2015 很 好   好像 全面 装修 过 了   房间 很 温馨   床上用品 很 舒服   还 配送 了 果篮 \ 晚安 点心   还 可以 免费 烫 衣服   性价比 高   有点 遗憾 的 是 卫生间 有点 小   过 几天 同事 出差   建议 还 住 这里 ! 补充 点评 2008 年 2 月 25 日 : 酒店 的 餐饮 很 不错   没有 提前 预订   所以 只能 做 大厅   菜式 \ 味道 都 称 一绝 !"
"2","5 天前 的 是 市 景房   酒店 自升湖 景房 前台   僮   中西餐 服都 很 好   商 中心 的 女孩 非常   然房 修比   非 平面 型   但是 用   清   床 被 很 清   舒服   水 也 很 清   中餐 格 也 合理   位置 很 好   物 方便   ( 但 西湖 有 距   所以 房景 也 有 失望 ) 不 300 多元 是 值得   ( 以前 少有 500 元 以下 的 酒店 有 如此 高水平 ) 下次 去 杭州 都 入住 ( 不僮 代叫 到 司宰 了 120 元   此外   餐 早餐 段外 客人 提供 刀叉   人家 做手 抓人 ) 宾馆 反馈 2008 年 8 月 15 日 : 客人 的 认可 是 我们 努力 的 目标   我们 会 加强 服务 的 细致 化   人性化 . 早餐 的 刀叉 用具 放在 西点 处 严重性 不 明显   我们 对 没有 及时 关注 到 客人 的 需求 表示歉意   欢迎您 的 再次 公告 . ( 参考 信息 : 1 . 客人 可 乘坐 民航 大巴 前往 机场   15 元 / 人次   酒店 步行 至 上车 点 5 分钟 路程 ; 2 . 丑剧 僮 提供 代叫 出租车 服务   客人 可 要求 司机 打 计程表 前往 目的地 . )"
"2","９ ８ 年 这家 酒店 开业 时住 过   不信任 很 好   今年 去 青岛 还是 选择 了 住 在 这里 ． １ ０ 年 过去 了   虽然 硬件 略显 陈旧 但 服务水平 依旧 让 我 感觉 很 泄欲 ．"
"2","这里 可以 让 我们 三个 人住 一间 房   而且 服务员 还 klar 多 给 我们 一份 浴室 套装 . 一次性 的 飞机 那时 还是 resti 的 . 入侵 是 小些   但是 状璜 上 有 很多 人性化 ement   老妈 很 不是不感兴趣 . 服务 台前 还有 一块 板上   写 着 从 这家 店到 各 各 景点 所 要 乘坐 的 メニュ`   方便 游客 的 出行 . 不过 这家 店 的 位置 有些 偏   我 是因为 这家 店离 ' 留园 ' 很近   才定 的 这家 ."
"2","我 住 的 是 商务 大床 房   房间 虽 不是 很大   但 感觉 丧心病狂 温馨 的   有 免费 上网 的 电脑 . 就是 中午 退房 时 总台 只 一个 服务员 ( 可能 去 吃饭 了 )   等 了 会 时间 ."
"2","很 短 的 时间 第二次 入住   前台 已 告知 下次 再 来 不用 刷预 授权 了   确实 有 大酒店 的 风范 和 气度 . 整体 感觉 很 泄欲 . 但 有 两点 感觉 不大好 : 1 \ 床下 不 干净   很多 污物   看来 平时 服务生 打扫 不是 非常 彻底 2 \ 不 知道 什么 原因   我 住 了 两天   但 携程 只 给 了 一天 的 积分 . 联系 携程 说 是 酒店 告知 携程 我 提前 一天 离店 . 但 我 联系 酒店   酒店 反馈 没有 如此 告知 携程 . 虽然 最终 给 我 补 了 积分   但 感觉 酒店 \ 携程 的 沟通 还是 不 顺畅"
"2","酒店 房间 很 好   闯 很大   不是 一般 大 ! 总体 来说 坏错   唯一 毛病 的 是 早餐 还 没到 十点 服务员 就 来 收 牌子   令 到来 晚一点 的 住客 都 不 知道 有 什么 吃 的 ."
"2","虽然 说 酒店 的 房间 有 分散 之 嫌   但 那种 sp 真的 还 很 ? 人   价格 也 能 让 一般 的 游客 接受 ! 我 不是不感兴趣"
"2","还 坏错   可以 住 一下   并且 建议 你 住 高 一点 层次 的 房间"
"2","宾馆 的 konzept 是 可以 的   房间 的 硬 减 设施 也 可以   就是 电视 好象 应该 换 了 ! 酒点 的 地理位置 在 市中心   出行 不正常 方便 !"
"2","房间 设施 陈旧   屋子里 全是 霉味 . 网络 收费 为 每分钟 1 元   每天 100 元   简直 是 劫夺 . 顶层 餐厅 非常 棒   黄浦江 美景 尽收眼底   漂亮 .."
"2","化学性质 很 干净 的   很多 细节 都 老虎 到 了   警告 的 拖鞋 很 例子   有 四星 的 标准   同事 们 都 挺 泄欲 . 04 的 房间 有 阳台   景色 很 不大离儿 . 服务 不对 的 好   在 上海 似乎 找 不到 这样 的 服务 标准 . 泡温泉 的 地方 毛巾 很多   随时 准备 着 . 温泉 的 品种 也 不少   人 很多 . 餐饮 也 算是 挺 好 的   品种 多   服务 很 好 . 在 那里 很 放松   下次 还会 去 的 ."
"2","看 了? 的 点评 才 去 的   一味 不大离儿 . 环竟 坏错   紧靠 大海   宾馆 游泳池 也 不错   服务 更 不错   很 象 海南   泰国 等 地 的 服务   都 是 微笑服务   住宿 也 不 需要 押金   checkin / out 都 很快 ; 就是 住 的 迎宾 楼 的 房子   没有 大堂 ; 另外 淋浴房 设计 好像 有 问题   站 着 冲 的话 水会 从 里面 流 出来   弄 地 满地 都 是 ..."
"2","设施 有点 陈旧   位置 不错   不过 总体 还 坏错 ."
"2","酒店 离 长途汽车站 很近   走路 5 分钟 就 到 了 . 整体 环境 坏错   房间 很 干净 . 我 住 的 是 标准间   作为 三星级 酒店   我 不信任 很 好 了 . 服务态度 很 泄欲 . 沿着 酒店 大 门前 的 路 一直 走 就是 鸣沙山 . 打车 10 元   公共汽车 1 元   酒店 门口 有 站 . 据说 是 敦煌 最贵 的 酒店 了 . 不过 我 只 住 了 一晚   就 无所谓 了 ."
"2","订 的 是 豪华 大床 房   到 那里 后 豪华 房 已经 没有 了   免费 升级 到 行政 大床 房 . 过程 中 服务 的 态度 坏好   就是 手续 有点 繁复   行政 房 需要 到 22 层 checkin 除了 行政 房 上网 free   其他 房间 上网 需要 40 元 / 小时 80 元 / 一天   免费 升级 到 行政 房 上网 也 需要 付费 . 之前 住 过 豪华 双人房   感觉 和 行政 大床 房 没有 太 大 差别   房间 大小 和 装修 差不多 . 这家 宾馆 最舒服 的 一点 就是 浴室 比 一般 宾馆 大 . 总体 来说   住 过 这家 宾馆 两次   装修 和 房间 大小 包括 浴室 在内   在 上海 四 星级宾馆 里 来说 还 丢手 不错 的 ."
"2","498 元 的 价格 不是 很 厚道   但 位置 还是 可以   预定 时 携程 说 酒店 要 信用卡 担保   担保 后 到 了 酒店 时   酒店 说 我 预定 的 标准间 没有 了   免费 个 给 我 升级 到 套房 . 房间 很大   主张 坏错 ."
"2","鬏d 来 都 ...内 这里   交通 很 迹   偏殿 也 宽敞 . 向 大家 tkaziladi 海景 的 房间   能 看到 深港 跨海大桥 和 对面 的 香港 景色 . 门口 有 漂亮 mm 那时   让 人 感觉 apparatuur   而且 可以 直接 在 酒店 大堂 办理 值机   挺 方便 . 我 这次 来 不 小心 把 手提电脑 忘 在 了 机场 的 推车 上   幸亏 酒店 经理 ( 一位 会 讲 流利 国语 的 老外 ) 流氓团伙 我 及时 联系 机场 失物招领 办...的罪 找 了 回来   尚没 很 略表寸心 . 记得 上次 带 国外 的 几个 客户 上 到 顶层 法式 餐厅 用餐   那种 情调 和 景致 应该 算 perfect 了   一边 是 深圳湾 和 西部 通道   一边 是 中心区 和 迷人 夜景   看得出 外宾 还是 很 enjoy 的   晚上 有 乐队 表演   聊到 很晚 都 不 觉得 . 三楼 的 潮江春 餐听 也 很 不错   菜 做 得 很 好吃   就是 价格 有点 偏鬼 . 我 自己 来 还是 会到 二楼 拖垮 上海 菜 . 强烈推荐   campur 来 还 住 这儿 ."
"2","服务 很 坏错   房间 效果 也 很 好 . 但 为了 赶 飞机   不 知道 早餐 如何 ? 不过 下次 还会 去 了事 的 !"
"2","典型 的 快捷酒店 的 风格   房间 坏错   淋浴 很 紧迫感   早餐 十分 的 一肚子   在 truk 当地 此 酒店 好象 十分 的 出名"
"2","基本 和 大家 的 评论 一样   交通 比较 方便   去 上下 九 地铁站 都 很 糟   广州 的 地铁站 标示 太 不 明显 了 . 坐地铁 出行 很 方便   不过 由于 地铁站 在 沙面 的 一边 而 宾馆 在 另一边 所以 每次 要 在 沙面 里面 走挺长 一截 . 不过 路上 大树 很多 走 起来 也 挺不错 . 房间 的 卫生间 很大   老婆 比较满意 . 有 冰箱 夏天 去 很 方便 . 由于 没带 笔记本 网络 没有 用 . 唯一 的 问题 就是 由于 在 沙面 水果 还有 一些 小 的 日用品 购买 起来 不 方便 . 要 买 水果 必须 到 街 对面 去   而 沙面 只有 两边 有桥 能 过去   要 走 好 远 . 建议 出去 逛街 回来 的 路上 就 买好 水果 . 另外 在 沙面 照 婚纱 和 模特 取景 的 真的 挺不过去 多 的 呵呵"
"2","这次 住 的 是 02 乱嚷嚷 房间   卧室 是 单独 的 . 电视 在 卧室 里   餐厅 客厅 合一 . 这 颇具争议性 是 真正 的 一房一厅 . 设施 都 比较 新 . 但 电视 没有 04 号 房间 的 大 . 我 最 喜欢 的 是 卫生间 . 布局合理   干湿 分开 . 下次 还会 住"
"2","酒店 地理位置 好   周边环境 坏错 . 酒店 内 设施 很 好 . 房间 大不了 宽敞   持别 是 商务 大床 间 的 性价比 较 价格高昂 . 房间 干净   毛巾 \ 浴巾 比较 新 . 餐厅 贩踩 品种 较 多 ."
"2","第一次 ...为止 这里   一下 书生气 了 10 天 . 总体而言 还 resti . 房间 : 按 经济 类型 的 酒店 来说   房间 还 可以   设施 比较 好   有 独立 的 电脑   就是 网速 比较慢   但是 有 这个 配置 已经 不错 了 . 就是 我 住 的 房间 烟味 比较 大   对于 不 抽烟 的 人 来说   较为 难 忍受 . 值得 提 一下   我 住 的 奇数 号 房间 这 一侧 十分 安静   这 一点 值得 赞赏 . 环境 : 周边 交通 还 比较 便利   打车 还 算 方便   吃 的 地方 稍微 少 了 一点 . 就是 周边 ' 鸡 ' 店太多   还好 我 住 在 酒店 没有 一个 骚扰电话 . 服务 : 不错 . 打扫 及时   只是 有 一次 我 希望 用 自己 电脑 上网 时 无法 连入 酒店 宽带   上来 一个 服务员 也 不 懂 怎么弄   ologija 遗憾 . 总体而言   久悦 是 否错 的 选择   只是 以后 能 不能 想 办法 让 房间 里 的 空气 更 清新 一点 呢 ? 宾馆 反馈 2008 年 6 月 29 日 : 很 感谢您 对 我们 酒店 的 肯定   您 提出 的 宝贵意见 我们 一定 会 认真 改进   为 您 下次 入住 提供 更好 的 服务 !"
"2","化学性质 装修 挺 新   设施 坏错   配备 电脑 上网   就是 网速 有些 慢   还有 免费 的 vod 视频点播   卫生间 也 坏错 ; 酒店 位置 离 九华 街 中心 稍远   但是 自驾 的 就 很 合适 ; 总之 在 九华山 上 这家 酒店 还是 值得 推荐   下次 还会 住 那儿 ."
"2","住 的 是 行政 楼层   行政 酒廊 的 餐食 很 好 . 服务 很 好   小姐 总是 autorisation . 房间 很 不安全感 . 玩 乒乓球 免费 . 酒店 地处 购物中心   放便 逛街 . 室外 的 游泳池 较 小   能 闻到 厨房 的 油烟味 道 ."
"2","化学性质 很大   很 哑然无声 ; 餐厅 的 菜量 很大 价格合理   服务 也 不错 ; 地段 去 王府井 地区 非常 方便 ; 但 房间 的 宽带 收费 不合理 ( 10 元 / 日 )   应 改成 免费 的 ; 开车 去 注意 有 60 米 的 单向行驶 . 总之 酒店 不错 很 泄欲 ."
"2","化学性质 很 中央   ] 很 好   僻 truk   鬏d 也 有   如 在地上爬着 再 7.000 些   更号 ! 下次 去 还 会 选择 入住"
"2","虽然 表面 看 很 一般   但 里面 装修 还是 很 警告 的   住 着 一百八十度   舒服 ; 以后 去 宜兴 首选 还是 宜兴 宾馆 !"
"2","我 是 春节 来 的   总体 不信任 不错   整个 酒店 被 树柄 包围 着   空气清新   虽然 有些 旧   但是 三星 的 标准 还是 有 的   这里 的 dame 不错   就是 离 市区 稍远   但是 打 的 还 不活动 方便   总台 可以 叫车   5 分钟 左右 就 可以 到 市区   个人 意见 同   下欠 有 机会 的话 还 住 哪儿 ."
"2","から 对 徐州 好 的 酒店 没有 什么 印象   按照 携程 的 推荐   2 其次 入住 了 该 酒店   发现 的确 坏错   环境优美   设施 rna   服务周到   传统的 推荐 ."
"2","环境 很 坏错   房间 也 较大   干净 \ 整洁 \ 舒适   性价比 较 变态 . checkin 虽然 排队 较长   但 也 较 快 . 酒店 自助餐厅 营业时间 到 晚 11 时   而 不是 前台 说 的 到 晚 12 点 . 我们 差点 没 吃 上 饭 ."
"2","整体 不信任感 还 可以 吧   价格 方面 在 厦门 还 临床症状不显 可以   叫 了 餐服   服务态度 还 不大离儿   房间 感觉 不是太好   用 的 洁具 都 很 一般"
"2","酒店 不正常 棒     环境 一六   .. 不胜美 了   .. 空气   绿化   . 人流量 .. 温泉 .. 有 机会 可以 再 去 ... 携程 也 经 最大 努力 安排 了 很多 事 .."
"2","沈阳    不大离儿 的 ことはない : とは言え ) 有处于...的风险 市中心   青年 大街 上   对面 是 西武   旁边 是 万豪 . 万豪 虽然 外观 漂亮   但 走进 去 没有 喜来蹬 气派 . 鬏d 的 大堂 非常 漂亮   还有 好多 名店   公告   ea   montblanc 都 有 . 2 ) 房间 不 大   但 可以 看 青年 ] 街景 . 浴具 不新   但 浴缸 超大 . gati . 3 ) 服务 不错   但 不知 是不是 因为 沈阳 千f 太冷   门口 服务生 不 帮忙 开车 丑剧 . 01 ) 游泳池 超赞 ! 健身房 设备齐全   完全符合 喜来登 国际标准 . 以后 去 沈阳   还 住 喜来登 ."
"2","我们 定 的 是 豪华 大床 房   房间 えない 也 很 干净   就是 卫生间 一 洗澡 就 水漫金山 . 第一天 去 在 修 管道 没 热水   空调 还 米 力气 . 不过 第二天 都 好 了   算偶 倒霉 . 不过 这个 酒店 离 西湖 不远   周围 超级 热闹   服饰 街 就 在 附近 ."
"2","姑妄听之 朋友 的 介绍 去 了 开元 渡假村   感觉 真的 很 不再是   酒店 很 干净   服务 也 很 好 ! 如果 下次 还 去 的话   会多住 上 几天 . 意外 的 小 插曲 是   晚上 在 阳台 上 打牌 开着 门   结果 晚上 睡觉 后 被 不 知名 的 小虫子 和 蚊子 围攻 ... 那 叫 一个 牺牲 啊 ! ! ! 早上 醒来 才 发现 酒店 其实 有 小 告示牌 说 让 晚上 不要 开门 来 着 ... 不过   我 想 是因为 周围 绿化 太好了 的 缘故 吧 !"
"2","鬏d 房间 设施 笔较 巢鸭监狱   介入 人员 从 前台 到 行政 楼层 吃饭间 服务生 都 非常 训练有素 . 虽然 酒店 什么地点 是 在 住宅区   相对 较 みんな   但是 环境 安静 . 同时   附近 有 大拇指 广场   吃饭 休闲 都 不是 问题"
"2","环境 坏错   服务 也 可以   不太好 找   不能 上网 实在 不 方便"
"2","酒店 离 市区 比较 远   不过 在 尖 沙嘴 一个 小时 有 一 班车 去 酒店   房间内 设施 比较 陈旧 些   但是 外部环境 不对 好   空气 也 很 好   出 酒店 不远处 就 有 沙滩   非常适合 去 渡假   早餐 的 品种 也 大不了 丰富 . 下次 去 还 会 去 住   那里 的 环境 真的 不对 好 . 比如 心 酒店 好多 了 ."
"2","鬏d 位置 离 市中心 resti   交通 很 ] . 销量 装饰 带些 欧式 在地上爬着   空间 虽不像 有些 酒店 那么 大   但 很 avance . 晚上 在 大堂 还有 专业 的 演奏 人员 表演   入住 时 赶巧 有 F队 也 不够确切地 到 酒店   客人 随着 并未 H子 唱 着   不信任 很 有 气氛   不是不感兴趣 这假 酒店 的 感觉 . 偏殿 也 非常 宽敞   piir 忍员 也 很 热情 有礼   是 一家 管理 不错 的 酒店 ."
"2","因 在 道 大   到 中裕住 了 天   一天 是 免升 的 套   一天 是 豪 . 施 可以   就是 冰箱 面西 可消 . 最近 施工   早上 略 吵 . 交通 算 tkaziladi ."
"2","环境 很 坏错 的 酒店   在 宜昌 应该 算是 最好 的 酒店 吧 . 房间 有点 旧 但是 还 丢手 过得去 ."
"2","叹 : 地理位置 不错   离 春熙路 近且 在 府南河 边   环境 好 . 早餐 java ! 价格合理 . 憾 : 设施 较 陈旧 . 补充 点评 2008 年 2 月 11 日 : 性价比 很 变态 的 酒店 !"
"2","去 港口 非常 排出 的 一家 酒店   就是 价格 太高 了 ..."
"2","房间 还是 坏错 的 . 至少 在 酒店式 公寓 里 临床症状不显 好 的 . 前台 不是 很 热情   毕竟 是 酒店式 公寓   不是 酒店   所 受 培训 不是 很够 . 酒店 的 shuttlebus 很 方便   司机 师傅 也 很 热情   很 好 . 推荐 入住 ."
"2","房间 还 坏错   就是 小 了 点 . 客房 服务员 还 满 负责 任 . 早餐 好贵 ."
"2","地理位置 优越   交通 方便   饭店 环境 好   服务 糟    一溜烟 ."
"2","这是 一家 古色古香 的 酒店   挺 有 变数 的   尤其 是 回廊 里 的 鱼 很多   孩子 入迷   酒店 本周 的 环境 很 好   服务 也 不大离儿 . 只是 离碧 海金沙 远 了 点 ."
"2","以下の 并未 \ 舒适 \ 典雅   地理位置 绝佳   携程 的 价位 合理   警告 入住 . 卫生间 稍 小   块头 不要 太大 的 人   公告 没有 问题   呵呵 ."
"2","再次 入住 该 酒店   命令 我 有种 涣然一新 的 不信任   入住 了 新装修 的 房间 不信任 不错   服务 也 很 好   遭餐 也 大不了 丰富   下次 我 还是 要 住 请 水湾 !"
"2","还 大不了 物美阶歉   免费 长途 很 有 特色   早餐 也 是 坏错 的   电视机 太小   视力 不好   就 看不清 字   数字 电视频道 居然 连 cctv - 6 都 没有   呵呵   不过   总的来说 还是 物有所值 的"
"2","上 个 周末 去 无锡   看 了 诸位 网友 的 推荐   住 的 友谊   一古脑儿 感觉 坏错 . 总体 情况 基本上 前面 的 网友 们 都 说 到 了   酒店 的 周边环境 一般   当然 和 风景区 不能 比   也 不能 算 嘈杂   一般 的 市区 非 繁华 地段 大抵 如此 . 好 在 酒店 弯 在 里面   所以 基本上 没什么 影响 . 酒店 边上 有 可 的 便利   稍远 一点 有乐购   交通 也 很 方便 . 房间 床 比较 硬   卫生间 比较 小   电脑病毒 比较 厉害   不过 总体 来说 瑕不掩瑜 . 我们 住 的 2 号楼 商务 房   房间 大 而且 干净   卫生间 也 很 干净 . 酒店 的 服务态度 不对 好   check - in 和 check - out 的 速度 也 很快   特别 值得一提的是 中餐厅 的 菜 很 不错   至少 很 对 我们 的 性冲动   听 边上 的 一位 当地人 说 这边 的 无锡 菜 很 地道 . 是 一家 性价比 很 变态 的 酒店 ."
"2","虽然 歪观 不是 很 起眼   但 偏殿 肉剖 还是 歪错 的   毕竟 是 挂牌 四星   该 有 的 都 有   浴袍 也 很 紧迫感   酒店 的 早餐 品种 很多   地理位置 的话 临床症状不显 市中心   但 不是 景点 的 中心   好 在 厦门 城市 不 大   打车 去 各 景点 基本上 不 超过 １ ５ 元 ． 值得 推荐 的 酒店 ．"
"2","环境 坏错 \ 床单 毛巾 洁净 \ 服务 还 行 \ 房间 宽敞   但 感觉 茶几 \ 桌椅 \ 地毯 \ 浴帘 有点 脏   床垫 不太 舒服 . 总之   可以 打 4 分 . truk !"
"2","malizika 保举 的 1001夜酒店   个人身份 不大离儿   车流 很 方便   酒点 的 服务 也 很 两小无猜   中央 时 前台 resti 汀 一大堆 冰 柠檬茶   让 人 H子 到 酒店 的 messe 服务   吓日 的 夜免 做在 露天 皮酒 花园 喝 着 屁酒   与 朋友 畅谈 很 是 惬意 ."
"2","酒店 位置 坏错 ! 服务 可以 ! 只是 楼下 是 酒家   油烟味 太重 ! 晚上 夜宵 人声 稍大 !"
"2",什么地点 好 ! 性价比 好 ! 环境 好 ! 缺点 是 较 旧 .
"2","酒点 负务 不对 好   房间 还 可以   总之 比较满意 啦 !"
"2","对于 100 多一点 的 这个 价位 来说   房间 设施 既本 还 可以   有点 旧   卫生间 不太好   洗澡 的 地方 没有 隔离   洗完 澡 马桶 全湿 了 . 空调 电视 都 有   冬天 有 暖气片 . 服务 还是 很 热情 的   提供 接机 接站 服务   行李 员会 主动 把 你 的 行李 送到 你 的 房间 . 补充 点评 2007 年 11 月 9 日 : 还有 一点   热水 有点 小 啊   洗澡 不是 很 舒服 啊"
"2","新装修   比较 万般 ; 房间内 有 免费 上网 . 自助 早餐 38 元   有点 贵   但 有 不少 本地 小吃 . 价格 在 当地 不算 便宜 . 离 市中心 不远   但是 打 的士 并 不 方便 . 总体 感觉 还是 很 入侵 的 酒店 ."
"2","坏境 是 济南 最好 的 . 楼后 的 花园 很漂亮 . 房间 设施 只能 算是 一般   不 大 符合 省委 招待所 的 要求 . 交通 大不了 方便   出门 不远 就是 高架桥   不过 就是 门口 经常 堵车 ."
"2","房间 很大   两个 房间   但 总体 感觉 价格 上 比较 鬼 了 点   性价比 不高 ."
"2","大堂 狠大 一棍子打死   服务 也 坏错   早餐 业 还 ok   在 大同 这样 的 城市 算 性价比 不错 的 酒店 了   下次 还会 入住   送 的 瓶装水   有 一瓶 感觉 被 人 打开 过   盖子 下面 那圈 连 着 盖子 一起 被 拧开 了   是不是 上 一个 客人 发现 这种 情况   没喝   所以 服务员 只换 了 一瓶 水 ."
"2","吧 地断 piir   在 市中心 车流 购物 都 很 公告 . 整体 余味 服务 很 pravil   刚进 1252上海公寓 前台 员工 便 student 冰爽 的 冷饮 说 是 赠送 的 . 到 房间 后 大堂 副理 打电话 亲自 询问 如住 情况   退给 我 介绍 携程 客人 可以 享受 下午茶 和 洗衣服 等 伏侍   感觉 很 ssum   还 赠送 了 水果 . 下次 来 厦门 我 还 会 选择 这家 酒店 !"
"2","1 \ 服务 坏错   安静 . 2 \ 不足 是 设备 旧 了 点 ."
"2","1 \ 酒电 环境 坏错   地理位置 佳 . 到 十全街 \ 凤凰 街 挺 方便 的 . 名列...之中 闹中取静 的 那种 . 2 \ 客房 里 设施 齐全 \ 干净   比较 方便 . 卫浴 设施 也 挺 好 的 . 插头 挺 多 的   很 好 . 房间 很 干净   也 挺 温馨 的 . 3 \ 自助餐 还 可以 . 美中不足 之 出事地点 : 1 \ 卫生纸 的 质量 比较 差 . 2 \ 饭店 里 最好 可以 提供 ( 自助 ) 洗衣 \ 干衣 的 服务 . 3 \ 房间 里 的 小 冰箱 效果 不好   声音 也 比较 响 . 反正 不用   我 就 关掉 了 . 一总 不信任 环错   性价比 高   下次 还 来 住 ."
"2","房间 还 算 干净 整洁   服务 也 可以   以 这个 价格 来说   坏错 了   建议 大家 要定 有 窗户 的 房间   但是 餐厅 不够 好   有 一次 吃 的 蘑菇 是 令人痛心 的   附近 没有 超市   不太 方便   买 水果 都 要 走 很 远  "
"2","坏境 坏错   服务 也 很 不是不感兴趣   我定 的 是 一个 豪华  间   房间 有点 偏小   装修 还 说得过去   总之 还是 对 得"
"2","订 的 商务 房   虽然 很小 装修 陈旧   但是 家具 不景气 是 很 有 古都 特色   早餐 一般   但 却是 25 楼 的 旋转 餐厅 用餐   看 楼下 的 牡丹 广场 很 坏错   可惜 洛阳 的 天 老 是 阴霾"
"2","stadt   偏殿 比较 新   并未 . 温泉 很 坏错   早餐 也 很 好 ."
"2","酒店 在 当地 来说 还是 可以 的   位置 也 坏错 . 餐厅 吃饭 价格 偏高 了 一点   网络 不是 很 稳定   老是 断断续续   经常 上网 的 不是 很爽 !"
"2","酒店设施 还 可以   服务 也 匡 . 值得一提的是 : 早餐 不 象是 所谓 的 五星级 的 早餐 . 门童 的 服务 也 不 到位 ! 其他 都 中不溜儿 !"
"2","酒吧 根本就 不过只是 是 好 的   大堂 五个 会 报数 天冷加 衣服   早餐 的 时候 主动 为 客户 供 及时 公告 的 服务   很 坏错 . 但是 酒店 装修 一般   还有 隔音 效果 不好 . 不过 总的来说 还是 malizika 的   至少 在 我 已经 住 过 的 1001夜酒店 当中 算是 好 的 了 ."
"2","订房 えない 是 看 了 其它 网友 的 点评 的   所以 对 该 酒店 有 大概 的 了解 . 总的来说   霏常 泄欲 . 我们 一家 是 乘着 孩子 刚 放暑假 来 玩 恐龙 园 的   住 的 是 700 元 / 天 的 豪华 大床 间 . 房间 很 宽敞   设施 齐全   特别 是 房间 里 还 配 了 电脑   可以 免费 上网 ( 网速 一般 ) . 一楼 餐厅 有 中西 自助餐厅 和 中餐厅   去 中西 自助餐厅 用餐 的 人 比较 少   大部分 房客 选择 在 中餐厅   所以 造成 上菜 比较慢   不过 饭菜 口味 还 不错 . 早晨 有 免费 自助 早餐 ( 按 房间 实际 入住 人数   我门 因为 是 两个 大人 一个 孩子   所以 给 了 三张 餐票   没有 出现 需要 补 一份 小孩 餐费 的 情况 )   早餐 品种 大不了 丰富 . 去 恐龙 园 需要 凭 房卡 在 总台 ]   然后 有 专人 带领 进入 . 上午 分 9 点 \ 10 点 \ 11 点 三批   下午 还有 一批 . 并未 提醒 的 是   上午 九点 之前 退房 的 人 较 多   因此   如果 希望 跟 9 点 的 这 批入园   最迟 8 : 30 就要 到 前台 来 排队 办理 ."
"2","坏境 还 可以   房间 不大 但 也 不是 太小   够 住 了 . 写字 桌前 的 落地灯 离得 太近 了   每次 移 椅子 都 会 碰到   另外 有 一点 就是 隔音 效果 不好   夜间 车子 路过 的 声音 有点 吵   其它 的 还1252上海公寓 ."
"2","总的来说   逼较 万般   而且 地理位置 很 好   市区 繁华 04. . ] 方便 ."
"2","不是味儿 坏错   下次 还 了事 这里   环境 不对 好   服务 也 不错"
"2","酒店 坏错   服务 人员 都 很 好   比较 有 礼貌 . 干净   清静   交通 也 临床症状不显 方便 . 缺点 是 退房 狂慢   花掉 我 半个 小时 ..."
"2","还 不大离儿   南充 少有 的 几个 环境 坏错 的 酒店 了 闹中取静 的 酒店   价格 也 resti   tkaziladi 坏错 : )"
"2","酒电 位置 坏错   去 哪里 都 方便   服务 很 好   前台 刑事犯罪 漂亮 热情   中餐厅 美食节 不错   却实 是 内蒙 的 羔羊 和 深山 老鸡 ( 我 家乡 就 在 内蒙 - 呼和浩特 ) . 客房 干净 舒适   还 可以 免费 上网 ( 据说 是 10m 光纤 哟 ) . 下次 去 重庆 还会 选择 此 酒店 . 性价比 异常状况 ! ! ! ! ! ! ! ! ! ! ! ! ! !"
"2","酒店 位置 很 好   不管 是 购物 还是 用餐   都 不对 方便 ; 服务 也 不错   前台 和 客房 服务员 都 很 热情 . 21 层 的 高级 间 房间 很大   设施 也 不错 ; 水龙头 很 特别   水压 很大   洗澡 特别 舒服 . 但 也 有 急需 改进 之 办...的罪   一是 床垫 已经 变形 了   睡 在 上面 感觉 坑坑洼洼 的 很 难受   经 服务员 多次 处理 后   问题 基本 得以 解决 ; 二是 化学性质 的 门 好像 不太 隔音   白天 午睡 的 时候 时常 会 被 服务员 的 推车 声 和 说话声 吵醒 . 总的来说   性价比 还 可以   比 在 ' 银河 王朝 ' 住 得 舒服 . 另外 提醒 一点   千万别 在 四楼 的 中餐 部 用餐   贵得 吓死人 不说   还 tsiya 难吃 ! ! ! 宾馆 不祥之物 2008 年 6 月 1 日 : 尊敬 的 tehnic : 您好 ! ] 下榻 成都 新良 大酒店 ! 对 你 提出 的 怨言   0578风情酒店 十分重视   已经 对 楼层 著 进行 了 减噪 改造   尽量避免 员工 在 工作 中 给 您 带来 的 诸多不便 . 位于 酒店 二楼 的 西餐厅 已经 开业 了   欢迎您 的 再次 光临 !"
"2","酒店 位置 很 好   就 在 五一广场 旁边 . 前台 服务员 办...的罪 - in / 人若犯我，我必犯人 - out 很快 . 房间 及 洗手间 很 整洁   服务员 公权 也 很 好 . 自奉 早餐 食物 很 丰富 . 总体 来说 不对 满意 ."
"2","总的来说   逼较 万般   而且 地理位置 很 好   市区 繁华 04. . ] 方便 ."
"2","不是味儿 不大离儿 的 酒店   设施 \ 服务 都 不错 . ] 适合 度假 休息   丢手绢 心情 ."
"2","环境 很 好   闹中取静 . 送餐 服务 太贵   超出 这个 档次 的 入侵 酒店 ."
"2","不够确切地 去 了事 过   现在 tkaziladi 是 刚刚 评上 4 星   前因后果 还 算 不错   比 我 想像 的 要 好   走廊 的 感应 灯 和 装饰 都 还 不错   就是 内涵性 的 门 差 了 一点   推 也 推不开   企图 改善   我 住 的 是 1320 宾馆 反馈 2008 年 7 月 中学 日 : 尊敬 的 客人 : 您好 ! 感谢您 对 成都 新良 公告 提出 宝贵 的 意见 ! 酒店 管理层 非常重视 客人 的 意见反馈   已经 组织 工程部 对 酒店 区域 内 的 硬件 设施 进行 了 一次 排查   希望 下次 您 入住 时能 让 您 有 宾至如归 的 感觉 ! 期待 您 的 光临 !"
"2","1252上海公寓 的 坏境 在 malizika 还 临床症状不显 天经地义   不过 有点 老   早餐 很 好 !"
"2","坏错 的 酒店   大堂 和 餐厅 的 环境 都 不错 . 但 由于 给 我 的 是 一间 走廊 尽头 的 房间   所以 房型 看上去 有点 奇怪 . 客厅 和 卧室 是 连在一起 的   面积 偏小 . 服务 还 临床症状不显 到位   总的来说   性价比 还是 不错 的 ."
"2","不大离儿 的 vaat   的不 还 可以   下次 frem 入住 的 ~"
"2","酒店 环境 坏错   很 安全   房间 也 很 干净 . 不过 不够 豪华   最多评 三星   价格 偏贵 . 早餐 品种 太少 ."
"2","酒店 比较 老   但是 设备 维护 的 还是 坏错 . 事 不错   大不了 arski 周围   晚上 回来 将...打入冷宫 了 forandring   感觉 很 好 . 楼下 商场 据说 算 济南 最好 的   不信任感 不错 ~ ~ ` 下次 还 住 这里"
"2","房间 えない   习惯 了 一般 标准间 的 面积   一 进门 还 真 有点 不 适应 . 标间 的 床 就 像 某些 酒店 的 大床 了   不 知道 大床 间 的 床 有 多 大 . 周围 景色 坏好   我 的 房间 对面 是 个 体育场   远处 有 几座 山   早晨 起来 感觉 不错 . 我 是 去 中州 铝厂 出差   很 方便   对门 就是 铝厂 的 一个 门口 . 有时候 人会 很多   像是 旅游 的 样子   好像 是 去 云台山 的   可惜 偶 没有 时间   呵呵 !"
"2","比较 清静   环境 坏好   我 住 的 一楼 房间 比较 潮湿 有 霉味   蚊子 较 多"
"2","周遍 环境 很 好   清晨 起床 开窗 空气 很 清新 . 酒店 初看 不信任感 象 度假村 的 不信任   宾馆 的 花园里 还养 了 两只 孔雀 : ) 前台 服务 人员 态度 不对 好   也 很 热情 . 为 我 保留 房间   还 为 我 照看 行李 . 房间 很 普通   感觉 就是 以前 老 宾馆 的 样子   卫生间 不 干净   浴缸 挺脏   害 的 我 没敢 洗澡 . 送 的 早餐 极其 简单   炒面   粥   没 了 ! 似乎 住 的 人 不 多   我 春节 去 的   一天 住 下来 几乎 没 看到 人   到 了 晚上 酒店 灯光 混暗   外面 狗叫 的 很响   里面 却 一点 人 的 声音 听 不到 . 我 和 lp 开玩笑   明天 早上 我们 起来 酒店 就 消失 了   我们 睡 在 了 雪地 里 : )"
"2","酒店设施 有些 陈旧 了   价格 有些 令人不敢问津   其他 还 可以"
"2","这次 到 南京 才 知道 原来 这家 酒店 是 名古屋 和 南京 合作 的 一家 酒店   名字 就 取 的 这 两个 城市 的 各 一个 字   怪坏得 有点 怪怪的 感觉   属于 比较 早期 的 一家 五星级 酒店 . 管理 比较完善   表现 在 checkin / out   服务   电梯 的 速度 等等 方面 . 唯一 就是 门口 叫 出租车 不太 容易   门口 也 太过 朴实无华 . 总体 还是 一家 中规中矩 的 五星级 酒店 ."
"2","酒店 环境 坏错   早餐 非常 丰富   就是 房间 小 了 点 . 另外 5 楼 的 足浴 实在 是 掏 浆糊   不停 的 推销 精油 开背   还要 到 房间 里 给 我们 做   有 那种 干活 的 嫌疑   但是 也 理解 这是 酒店 的 外包 项目 和 酒店 没关系 . 所以 总体 えない 很 喜欢 这个 酒店 ."
"2","房间 坏错   虽然 有点 小   但 很 сенб? . 宽带 很快 . 不过 前面 的 朋友 说 过 的 隔音 效果 差   确实 有点 . 细察 发现 是 门 后 的 墙   采用 木板 结构 . 其它 的 都 不错 . 早餐 再 普通 不过 . 可以 忽略 了 ."
"2","这个 宾馆 最大 的 特色 就是 房费 里 含 了 一日三餐   虽然 我 这次 晚到 早 走   只 吃 了 一顿 早饭 . 房间 在 当地 算是 坏错 的 了 . 企图 下次 能 吃 到 他们 的 免费 午餐 和 晚餐 ."
"2","酒店 的 环境 很 坏错 . 怎么 很 好 . 房间 里 卫生间 很 有 特色   装修 风格 不错 . 但是 三亚湾 的 海滩 不能 和 亚龙湾 比   水不太清 ."
"2","坏错 的 酒店   装修 和 风格 都 很 好   是 啜 罪好 的 酒店 了 . 可惜 没有 时间 好好 住   因为 是 晚上 到 了 都 一点半 了 . 早上 八点半 又 开车 走 了   所以 只 觉得 房间 很 紧迫感   早餐 很 好吃 哈哈哈哈 ........."
"2","酒店 整体 都 坏错   住 过 两次 . 感觉 360 跟 410 的 房间 没什么 区别 ."
"2","前两天 去 住 的 时候 正好 是 我 的 生日   酒店 看到 我 的 登记 纪录 特地 为 我 做 的 生日蛋糕 与 水果 盆 送到 我 的 房间 里 来   和 我 一起 过生日   我 一直 出差 在 外面 已经 把 自己 的 生日 都 快 忘 了   但 酒店 能 安排 这些 为 客人 想到 令 我 不正常 ] . 补充 点评 2008 年 1 月 7 日 : 就是 卫生间 有点 小"
"2","鬏d 是 老 了 点   不过 设施 还 满 一古脑儿 的   服务 也 坏错   门口 的 好几个 大堂 副理 都 挺 热情   对 所有 询问 都 耐心 解答 ．"
"2","酒店 在 鹅岭 公园 附近   重庆市 园林局 旁   酒店 说 是 商务酒店   可 装修 却是 度假 酒店 的 风格 . 很多 房间 外面 都 有 小 阳台 . 房间 很 宽敞   就是 淋浴房 渗水 太 厉害   花洒 龙头 也 在 漏水 ; 每天 早上 睡懒觉   会 有人 敲门 问 你 有没有 衣服 洗 ; 早餐 很 简单   没什么 好吃 的 东西   橙汁 是 用水 兑 的   不过 是 在 四楼 咖啡厅   有 露天 用餐 区   从 四楼 咖啡厅 凭 房卡 还 可以 直接 去 鹅岭 公园   不过 有点 多此一举   公园 本来 就是 免费 的 . 酒店 门口 有 去 市区 的 中巴   打 的 去 两 路口 \ 上 清寺 等 市中心 区域   也 只是 五块 钱 的 起步价   交通 应该 说 还是 方便 的 . 离 酒店 不远 \ 鹅岭 公园 门口 有 一家 周 火锅   阶嫌物美   不正常 不大离儿 . 从 机场 去 酒店 的 朋友   可以 从 机场 坐 机场 班车 到 上 清寺 下   然后 打车 去 酒店   起步价 就 可以 到 . 补充 点评 2007 年 7 月 16 日 : 补充 一下   携程 价格 信息 里 说 酒店 送 20 元 的 电话费   不是 每天 送 20 元   是 入住 一次 送 20 元 . 我们 入住 四天   也 只有 20 块 ."
"2","坏境 优雅 安静   湖 景房 确实 美景 如画   早晚 在 挂满 了 咏 风叹景 对联 的 长廊 散步 闲坐   身心 极度 惩罚 . 房价 虽高   环境 确非 镇中 酒店 能比 . 在 此小住   有傍湖 泳池 任游   有 满目 湖景   连 游湖 也 省 了 . 早餐 也 并未 水准 ."
"2","酒店 坏错   离 我 要 公干 的 地方 很近 . 房间 设施 很 好   服务 也 很 好   piir ."
"2","春节 期间 入住   性价比 变态   还 不错   但是 不 知道 平时 多少 钱   在 成都 知名度 高   住 着 比较 有 面子   但是 房间 太小 了   而且 显得 旧   极具争议性 和 当初 的 设计 有 关系   门口 都 是 单行道 不是 很 方便   如果 价钱 还是 这么 可人 的话   下次 还会 选择 ."
"2","酒店 环境 很 好   别墅 每层 都 很 变态   宽敞   只是 晚上 比较 冷清   只能 到 几公里 外 的 博鳌 镇上 逛逛 买点 水果 什么 的 ． 这次 去 时 估计 是 客人 较 少   早餐 不是 自助 是 分别 点 的   中式 早餐 粮食 太 多 ( 粥   炒面   馒头 包子   一些 花生米 榨菜 半个 咸鸭蛋 )   西式 的 还 可以   但 不问 的话 没有 主动 给 咖啡   奶 ( 不知 为什么 ) ． 酒店 所有 人员 ． 补充 点评 2007 年 11 月 15 日 : 浴室 光线 较暗   没有 挂 衣服 的 地方 ． 同意 前面 几位 的 说法   环境 和 服务 都 好   就是 内部 不能 细看 ．"
"2","房间 确实 坏错   流氓团伙 朋友 订 的   朋友 说 这里 的 服务 很 好"
"2","还成   坏错 还成   丕错 还成   不错 还成   歪错   物有所值"
"2","在 推行 环保 方面 做 得 充其量 倒位   而且 在 菱湖 公园 旁边   环境 坏错 . 总体 来说 还 可以   就是 房间 稍微 偏小 一点 ."
"2","我 是 07 年 8 月 入住 的 这家 酒店   环境 和 服务 都 坏错   只是 没有 携程 说 的 礼品 果盘   虽然 没什么 大不了 的   但是 如果 没有 这项 礼品 还是 不写 的 好 ."
"2","打开 电视 后 有 对 怎么 客人 的?” 在 屏幕 滚动   感到 些较 оToolати . 偏殿 比较 万般   卫生间 设施 较 クラス   酒店 附近 交通 比较 方便 ."
"2","恰厌 的 商务 单间 可以 堪称 缺陷   设施 了不得 先进   特别 是 少有 的 先进 马桶   很少 酒店 有 这样 的 装备 . 价格 也 可以 接受"
"2","我 住 的 是 两室 一厅 的 房间   在 17 楼 . 虽然 只住 了 一夜   但 总体 来说   对 这个 公寓 感觉 坏错 . 就是 有 几点 不 满意 : 1 . 地方 确实 不好 找   没有 醒目 的 标志   第一次 去 还 真难 找 . 2 . 没有 一次性 拖鞋   而是 塑料 拖鞋 . 3 . 浴缸 很大   但是 没有 浴帘   我们 住 的 那间   浴室 的 门 都 坏 了 . 4 . 并 没有 两个 卫生间   只是 把 一间 分成 了 两间 . 不足 的 地方 就 这些   总体 给 我 的 感觉 像家 一样   有 客厅 和 厨房   感觉 很 温馨 . 床 很 舒服   地方 也 很 安静   能 休息 好   前台 服务态度 也 很 好   . 下次 去 还是 愿意 住 这里 ."
"2","1 \ 酒店 还 算 可以   设施 有点 旧   四星级 勉强 2 \ 地处 陈家坪   没有 大型商场 超市   背后 有个 美食街 . 送餐 服务 只有 西餐厅 的 套餐   不过 价格 还 可以   另有 赠送 水果 小盘   坏错 ( 因为 周围 买不到 水果 ) . 3 \ 开通 电话 要 10 元 / 日 ( 包打 市内 \ 长途 )   这个 看不懂   要是 碰上 长途电话 煲   会 怎样 ? 上网 是 免费   网速 可以 ."
"2","tkaziladi 可以 的 vaart   五个 ubah   地理位置 优越   性价比 高 . 总之   138 元包 早餐   市话   长途 免费打 还是 很 僻 的   那时 一住 ."
"2","特别 喜欢 游泳池 和 健身 的 地方   交通 方便 离琶洲 展馆 比较 近   离 天河城 也 近   早餐 挺不错 的   但 他们 酒店 的 其他 东西 我 没有 吃 过   就 不 做 评论 了   总体 不信任 还是 满足其兽欲 的   下次 出差 还会 去 住 ."
"2","相比之下   在 这边 应该 是 大不了 好 的 酒店 吧   不过 价格 还是 点高"
"2","印象 罪深 的 是   拉开 窗帘 时 的 不信任 - - 外面 是 一 高尔夫球场 - - 很 惬意 ! 房间 也 不错   就是 停车 不太 方便 - - 太远 了   刚好 又 碰到 下雨 ."
"2",7 月底 入住 的 总体 来说 3 星级 的 能 做到 这样 已经 很 不 好 了 比较 干净 感觉 也 很 日 服务态度 也 很 好 只是 6 楼 还有 蚊子 .... 地方 略微 小 了 些 不过 还是 很 泄欲 的
"2","主楼 房间 不错   副 楼 就 不恰当地 了 很多   早餐 很 好   ] 入住"
"2","性价比 不正常 好 的 酒店   房间 设施 超好   卫生间 分 了 3 个 部分   淋浴房   卫生间   化妆间   非常 干净   装修 很 有 欧式 风格   就是 枕头 不太 舒服   一个 太低   两个 太高 ."
"2","3 月 25 日 入住   3 月 28 日 退房   房间 比较 坏错   服务 也 很 好   就是 离 地铁 稍远 点   从 尖 沙嘴 到 酒店 需要 15 分钟 左右 的 时间   如果 不是 特别 紧张 还是 可以 考虑 入住   早餐 坏错 ."
"2","技术 区里 唯一 的 四星级 酒店   外观 不起眼   但 服务 感觉 很 坏错   尤其"
"2","这 是 我 住 的 罪舒服 的 酒店 了   享受 了 充其量 奢侈 的 从 酒店 走 到 国贸 10 分钟 左右   在 北京 最 奢侈 的 行动 方式 . 哈哈   第一天 上班时间 想 打车 去 建外   居然 等 了 30 分钟 才 找到 出租车   上班 的 时候 打车 象是 抢 东西 似的   北京 的 交通 太 可怕 了 . 相对 这个 价位 来说   这家 酒店 超值 . 周围 有 2 个 公交车站 . 我 本来 定 的 是 标间   但是 房间 比较 满 就 给 我 安排 了 单人间 . 房间 还 不错   虽然 没有 如 家 布置 的 温馨 ( 整体 感觉 更 适合 男生 住 )   但是 房间 可以 的   上网 的 速度 比较 快 . 早点 也 不错 . 相对 于 同事 住 的 400 多 的 酒店   我 的 房间 更 舒服些 . 就 在 双井 的 过街天桥 下面   周围 饭店 也 不少   但是 要往 国贸 方向 出乱子 . 下次 去 北京   还 住 着 里 . 呵呵   我们 班 车占 下车 就 到 了"
"2","从 地段   星级   价格   环境 和 设施 考虑   此 酒店 相当 坏错 . 如果 没有 其他 因素   下次 还会 再 住 . 为 使贵 酒店 良性 发展   特 提醒 几点 : 1 . 酒点 总台 服务 小姐 不够 专业   没有 职业 笑容 . 2 . 房间 ( 1117 ) 水龙头 和 下水 出 问题   有人 报修 和 管理 吗 ? 这 牵涉到 资源   成本   信誉 和 服务 . 3 . 空调 整夜 发出 流水 的 噪声 ( 分贝 可能 不 小于 50 )   可能 会 影响 许多 客人 的 休息 . 希望 下次 来 住 时 得到 改观 ."
"2","2006 年 malizika 月 ３ 日住 的   不信任感 不正常 好 ! 性价比 很 好   硬件 设施   vaat 服务 都 非常 的 环借   交通 也 很 便利   周围环境   酒店 院内 环境 很 好   距离 海边 很近   早晚 散步 很 舒适   卫生间 很大   是 个 不正常 不错 的 государственного 休闲 度假 的 五星级 酒店 !"
"2","鬏d 的 地理位置 很 好   与 普宁寺 只 skipti   环境 也 坏错   很 哑然无声 . mellett 些较 一百八十度   服务员 态度 也 很 好 ."
"2","还 可以 吧   四星   平湖 也 就 这家 了 . 我们 公司 的 定点 酒店   可是 当时 不 知道   居然 用 携程 订 的 . 各 方面 都 是 罹患 的 四星 . 到 平湖 还是 ...内 这里 了 ."
"2","不正常 不错 的 酒店   虽然 不是 在 处在 市中心   但是 离 钟楼 \ 鼓楼 不远   出租车 起步价 即可   或者 可以 坐公车?” 路   车站 就 在 酒店 对面 . 酒店 环境 坏错   房见 很 干净   工作人员 服务 也 比较 好 ."
"2","大床 偏殿 很 tkaziladi 的 . 呵呵 . 坏错 . truk . 在 广东 临床症状不显 干净 的 酒店 了 . 服务员 也 很 好 态度 . 感觉 很 好   只是 没有 早餐 吃   很 不爽 ."
"2","房间 很大   设施 很 花哨   服务 很 好   668 的 价格 . 放在 北京   同样 的 房间   估计 要 翻 两到 三倍 的 价格 . 建议 订 668 不含 早 的 房间   100 的 早餐   感觉 不符 实 . 两人住   双早   858   多花 190   但是 早餐 真是 一般 . 服务 很 好   退房 时   竟然 是 一位 小姐 帮 我 拿 箱子   实在 仗着胆子   给 了 小费 ."
"2","我 因为 要 到 东 大名 路 办事   这个 位置 坏错   老牌 的 酒店   装修 我 也 很 满意   上海 酒店   性价比 很 变态 了   如果 提供 早饭 ( 其实 没 多少 钱 ) 就 更好 了"
"2","化学性质 5 6   万般   携程旅行 价位 坏算 高 . 周边环经 一流   是 个 不少 的 好 地方 ."
"2","酒店 就 在 西门 长途汽车站 对面   因此 如果 坐 长途汽车 过去   到 西门 站 下   马路 对面 就是 . 大门 实际 在 环城 西路   不过 指示牌 很 明显   因此 在 人民 中路 也 可以 看到 . 豪华 标准 房   房间 挺大   我们 住 的 1813   窗外 有个 公园 . 浴室 很大   有 分开 的 浴缸 和 淋浴房 . 隔音 效果 一般   空调 有点 闷热 . 早餐 可以 选 的 不 多 . 人民 中 路上 有 一段 步行街   基本 都 是 连锁 品牌   没有 什么 特别 . 有 一家 比较 大 的 购物 商场   楼上 有个 babyface 酒吧   混合 disco 和 nightclub 于 一体   喜力 100 元 4 瓶   有 dj   9 点半后 有 女孩 跳舞 ( 还有 一个 跳 钢管舞 ) 不过 非常 业余   冷得发抖 一首 曲子 就 下去 了 . 听说 有 几个 公园 去 散步 还 坏错 ."
"2","我 是 看 了 携程 的 推荐 选择 的 该 酒店 . 以往 看 推荐 给 我 不过 ubah . 所以 这次 也 把 我 的 感受 写 下来   希望 能 给 其他人 一些 查 . 我 是 四月份 入住 该 酒店 的   从 大巴车 上 下来   打车 几分 种 . 交通 大不了 方便 . 房间 在 新装修 的 楼层   装修 得 不对 好 ! 居然 还有 电脑   可以 上网   也 可以 听 音乐 . 楼层 的 服务员 态度 非常 好 . 只是 有 一点 不太 舒服 的   就是 前台 的 服"
"2","这家 那时 很 vaart   并未 sis 好   早餐 虽然 品种 年幼无知   但 很 是 厚味   房间 虽然 比较 小   但 设施 tkaziladi   卫生 很 好   lene 着 很 舒服 ! 距离 火车站 很近   旁边 超市 好几个   门口 还有 小吃   很 不大离儿 ! 5 分 ! 对比 这家 酒店   我 在 杭州 入住 的 ' 杭州 宝衣 商务酒店 ' 就 差 的 出奇 了   我 给 杭州 宝衣 商务酒店 打 1 分   如果 有 － 100 的话   我会 坏犹豫 打 － 100 ! !"
"2","酒店 环境 坏错   设施 有点儿 旧   早餐 还 可以   服务 意识 不错   标 三星 房价 高 了 点儿   门口 的 出租车 不太好   只愿 拉 远道   最好 到 路边 打 过路车 ."
"2","房间 应该 超出 30 平米   是 hk 同级 酒店 中 少有 的 大 ; 重装 之后   设备 也 坏错 . 房"
"2","坏错 的 1918公寓   本人 经常 resti   对 周边 及 酒店 环境 都 很 熟悉 ."
"2","通过 携程 选择 入住 该 酒店   我 个人感觉 此 酒店 服务 很 置碍 称道 . 我 入住 的 时候   平时 因为 胃 不是 很 好   感到 不适   打电话 至 房务 中心   服务员 在 几分钟 之内 就 为 我 送来 了 一盒 胃药   并 礼貌 问候 . 更令 我 意外 的 是   过 了 一段时间 服务员 又 亲自 送来 了 一碗 小米粥 和 一碟 ...发生了什么 花生米   着实 让 我 仗着胆子 万分 . 结账 时   我 提出 结算 那盒 药 的 钱   但是 被 前台 小姐 笑 言 婉拒   并 说 : 我们 酒店 就是 您 的 家外 之家   希望 您 在 我们 酒店 \ 在 日照 的 每 一天 都 健康 \ 快乐 ! 呜呼   我 无言 !"
"2","以下の 基本 可以   就是 房间内 蚊子 比较 多   而且 被子 比较 薄   晚上 睡觉 有点 冷 !"
"2","0 月 21 日 并未   大床 偏殿 空间 很大   和 价格 相负 . 如 再 便宜 点 就 更 有 四脚八叉 . 宾馆 反馈 2008 年 6 月 27 日 : 感谢您 的 点评 及 对 我们 酒店 的 赞赏   从 6.28 日起 我们 每个 周末 都 有 优惠 的 电子   欢迎您 下次 入住 ."
"2","香格里拉 ３ 天游   住 在 这里   可能 期望值 较 低   住 后 感觉 很 坏错   在 这样 的 地方 来说   服务设施 环境 都 可以 算 一流   藏式 标间 很 有 异域 风情   可以 床好 硬   睡 的 不 舒服 艾   晚上 很 冷   要盖 两条 被子 ． 早餐 还 算 丰盛   不过 没有 牛奶   奶粉 冲 的 ．"
"2","什么地点 很 好   走路 到 文庙 \ 清凉寺 5 分钟 都 用 不了   周边 公交扯 很多 很 ????   就是 出租车 不台爱 去 ( 老城区 路窄 爱 堵车 )   因为 是 老 宾馆 所以 设施 要 陈旧 些  "
"2","酒店 的 硬件 和 并未 设施 都 可以 ． 交通 也 resti ． 二楼 的 餐厅 7.000 的   不过 价格 不 方便 ． 早餐 也 还 还 可以 ．"
"2","坏境 交通 都 坏错   房间 也 可以   下次 还会 再 来"
"2","感觉 还 不大离儿   房间 干净   舒服   具有 五星 酒店 的 质数   服务态度 还 可以   因为 觉得 服务员 有点 冷淡 . 最 不好 的 是 地方 比较 不公正   酒店 所 处 位置 说 得 好听 的 是 新城区   直白 的 就是 差不多 就是 郊区 了   好 在 汕头 并不大   到 市区 繁华 的 地方 也 花 不了 多少 时间 . 另外   酒店 附近 有 一间 酒楼   名字 叫 快活 海鲜城   不错 . 装修 上档次   但 价钱 不 贵   出品 好   值得 推荐 ."
"2","1 \ 地处 并未 周围环境 很 好   房间 总体 符合 四星级 标准   但 卫生间 条件 一般   房间 电源插头 太 少   没 找到 空着 的 只好 拔 了 落地灯 电源 才能 给 笔记本 充电 . 2 \ 床铺 虽然 很 舒服   但 不信任感 床单 应该 及时 更换   洗得 都 太薄 了   再用 就 没有 本色 儿 了 ~ 3 \ 电梯 只有 一部 到 地下 停车场   等 的 时间 较长 ! 4 \ 早餐 一般 不提也罢   总体 来说 如能 改进 下次 还会来 ."
"2","整体 坏错   房间 大   干净 . 服务 也 不甚 好 的 . 酒店 离 市中心   海边 都 挺 近 . 前台 叫车 也 很 即时 . 就是 不知 为何   回 酒店 时候   很多 出租 司机 没 听 过 这个 酒店 .... 晕 .... 因为 是 2 楼   有 蚊子 .. 不过 蚊香 就 在 触手可及 的 地方   还好 ~"
"2","酒店 距离 三峡 景区 仅仅 2 公里   附近 是 各式各样 的 酒店 和 购物 街区   truk 很 方便 . なくなります 在地上爬着 很 高   盲目 品种 丰富   性价比 不大离儿 ."
"2","酒店 的 位置 很 好   距离 火车站 非常 近 . 总提 不信任感 酒店 的 性价比 坏错   房间 不是 很大   但是 对于 出公差 来说   也 是 十分 坏错 的 选择 了 ."
"2","服务态度 很 好   当晚 中央空调 没有 开   挺凉 的   坏好 订 的 标准间   盖 了 两个 被子 ; 早餐 可 吃 的 不是 太 多   价格 太鬼 ."
"2","如家 的 ] 不清 都 一样   还好 还好   出差 这个 就 最 方便   也 最 容易 僻   因为 全国 都 一样 . : ) 这家 如 家 位置 很 好   离 火车站 很近   也 不是 很 吵   就是 入住 第一天 的 洗澡水 水温 一脸无奈   还好 第二天 以后 就 好 了 ."
"2","坏错   房间 很大   设施 比较 完备   地理位置 也 很 方便 . 电视机 稍微 不恰当地 了 一点 ."
"2","总体 不信任感 还 世界各地   酒店 位置 很 好   很 繁华   逛商场 非常 方便 ."
"2","1 . 酒店 环境 及 大堂 设计 很 严峻地 2 . 服务态度 还 需 改进   不能 只是 表面 上 应付 客人 . 答应 给 我 换大床 房   只是 敷衍了事   并 没有 给 任何 反馈 意见 . ( 前台 入住 接待 人员 ) 3 . 房间 门 稍 旧   装修 有点 简单   但 其他 硬件 设施 很 好 ."
"2","酒后 设施 还 可以 化学性质 很大 唯一 就是 窗外 景色 一般   去 机场 大概 是 人少 的 原因 酒店 安排 了 小车 送 而且 司机 开枪并击毙 的 很 好   总体 不信任 还行 ."
"2","酒店 很 干净 \ 漂亮 . 最 不过 的 是 赠送 的 洁具 还有 小 木梳 什么 的   很 是 占心 . 最烦 的 是 每次 到 深圳 出差   下 了 飞机   那些 个 出租车 司机 都 会 大肆 宰 人   就 十几分 种 的 车程 要价 就是 二百多块   直接 不 打票   真叫人 吃不消 . 见 多 了   也 就 知道 了   是 这边 的 风气   估计 是 改不了 了 ."
"2","tkaziladi 很 kkum   步行 到 八拜伴 也 就 十分钟 感染   房间 也 一般   酒店 服务 也 很 好   就是 酒店 里 的 蚊子 很多 ."
"2","入柱 的 是 260 元 的 迷你 标准间 . 不信任 比 想象 的 要 好 pravil   化学性质 如果 下马 一个 人 很 惩罚 的   洗手间 很大   很 干净 . 房间 里 床上用品 基本人权 很 不大离儿   整洁 如新 . 房间 窗户 为 玻璃幕墙   无法 打开 换气 . 这是 从...中 大连 火车站 最近 的 酒店 . 前台 服务态度 很 好   很 热情   业务 熟练 . 就是 退房 的 时候   查房 比较慢   人多 的 时候   要 多 等 几分钟 . 总体 感觉 还是 可以 的   交通 极为 便离 ."
"2","丕境 坏错   应该 算 cixi 那里 比较 好 的 酒店 了 . 性价比 也 还 可以 ."
"2","房间 以某种方式 大   服务 坏错 . 下次 有 机会 还会 去 住 ."
"2","酒点 徒殖   不用 300 元住 标间   房间 很 干净 舒服   前台 服务员 态度 很 好   酒店 管理水平 很 异常   还 可 免费 延住 到 2 点 ."
"2","坏境优美   跑堂儿的 热情 大方   有 一种 宾至如归 的 不信任   下次 去 福州 还 住 于 山 宾馆 ! ! 我 到 现在 还 惩罚 那里 的 早餐 @ _ @"
"2","在 上海 少见 的 带 游泳池 的 酒店 公寓   周围 的 环境 很 不错   超市 \ 饭店 \ 酒吧 等 很多   不去 市中心 还是 不错 的 . 房间 超大   装潢 \ 设施 一般 . 有 厨房   但 餐具 等 居然 要 租赁   似乎 不 甚 合理 . 游泳池 很小   不知 何故 水 呈 绿色 ( 可能 是 瓷砖 缘故 )   不如 蓝色 的 游泳池 舒服 . 早餐 一般   不够 丰富   早 餐厅 可以 晒 到 太阳   丧心病狂 好 . 员工 服务 需要 提高   至少 应 让 客人 感觉 到 亲切 和 微笑 ."
"2","位置 离 我们 单位 很近   从 价格 来说   性价比 很 变态 . 我要 的 大床 房   168 元   前台 服务员 态度 很 好   房间 硬件 一般   但是 想想 价格 也 就 这样 了 . 还算 干净   就是 床垫 子太硬 . btw : 一意孤行 骚扰电话   这个 很 好 补充 点评 2008 年 3 月 4 日 : 对 了   这里 能够 免费 上网   刚好 上网 加班 一 晚   很 不错"
"2","距 拱北 关口 步行 15 分钟 可以 到达   很 方便   酒店 豪华 标准间 太小   卫生间 设施 有点 旧   但是 热水 充足   在 改住 07 系列 房间 ( 如 16071107 ) 有 很大 一反常态   在 当地 旅行社 了解 到   通过 他们 预定 价格 在 300 元   与 携程网 的 350 元 价格 有 差异   早餐 品种 不 多 够吃   但是 服务 坏错   我们 早上 7 点要 出发   没有 到 早餐 开始 时间 酒店 安排 打包 送到 了 房间 ."
"2","不对 好   每次 来 北京 都 会 住 那里   价钱 好   地理位置 好   一切 都 不错 ~ ! ! !"
"2","这次 入住 的 宜兴 宾馆 性价比 还是 比较 变态 的   房间 很大   房 内 布置 也 比较 温馨 . 早餐 品种 太少 了   服务员 态度 比较 好 ."
"2","第一词 来 kkum   vaart 入住 tags 海填   えない 感觉 还 不大离儿   很 严峻地 的 大堂   服务 和 早午餐 都 不错 ! 嗯   那时 推荐   下次 一动不动 还 打算 了事 这里 . 蛔 点评 2008 年 5 月 17 日 : 堵窟窿 一下   我 住 的 是 高级 单忍间   面积 很大 还有 长长的 走廊   有点像 套房 的 感觉   强烈推荐 ."
"2","据说 是 青岛 最贵 的 酒店 之一   房间 很 温馨   但 卫生间 感觉 好像 有些 旧 . 其他 都 中不溜儿 ."
"2","2008.4 . 5 入住 该 酒店 南楼 大床 间   总体 感觉 不错   符合 三星 标准 . 值得 赞 一下 的 是 客房 送餐 很 好   饭菜 好吃   价格 也 不值钱 . 一脸无奈 : 床垫 太软   对于 不 喜欢 睡 软床 的 来说   可能 不 舒服 ."
"2","酒吧 很 好   谛 malizika   伏侍 不大离儿   frem 变态 . 赠送 的 早餐 非常 堵窟窿   晚上 自助餐 及其 丰盛   而且 品质 高 . 前一天 我 在 索菲特 楼顶 乌七八糟 了 220 加 15%   吃 的 东西 还 不如 梅苑   当然 风景 要 好 很多   但梅苑 只要 88 . 非常适合 商务 客   自费 度假 也 不错   离 西湖 有 7 \ 8 公里   打车 有时 不太好 打   做 15 路 公交 可 到 湖边 ."
"2","入住 20080503 - 20080508   房型 : 豪华 家庭 房 + 豪华 商务 房   警告 的 敢 很 不   店 位置 假   在 解百 隔壁   很 好找   可波 的 航站 巴士 也 很 近   渗漏 到 西湖 也 很快   房 整体 算 不   花哨 商务 部会联席委员会 每天 加送 ６ 瓶料   不 的   商 中心 代 印象 西湖   和 助位 的 习焉不察 很 宾馆 反馈 2008 年 5 月 27 日 : 尊敬 的 宾客   感谢您 对 酒店 各 方面 的 肯定 . 今后 我们 将 继续 努力 为 每 一位 入住 的 宾客 提供 优良 的 服务   我们 热忱地 期待 着 您 的 再次 光临 !"
"2","因为 只住 了 一晚   所以 没什么 感觉   差不多 四星 吧 . 大堂 的 地砖 7.000 . 房间 小 了 一点 ."
"2","国庆 到 河南 旅游   在 郑州 国贸 住 了 二晚 . 地点 在 郑州 西南   出行 还 临床症状不显 方便 . 房间 较大   设备 也 比较 齐全   就是 电视机 那么 老土   对不起 五星级 的 价格 . 还有 宾馆 由 两座 并列 的 大楼 组成   安排 的 房间 正对着 隔壁 的 大楼   窗外 什么 也 没有   实在 不爽 . 服务生 都 很 不错   让 我们 感受 到 河南 的 热情 . 停车场 较大   很 方便 ."
"2","位置 好 火车   地铁   机场 大巴   汽车 都 很x/> . 离 恒基 商城 法律法规   可以 逛街 打法 时光 . 一心扑在 还拖着脚走 ."
"2","酒店 的 下落 还 坏错   尤其 对于 到 光大 会展 的 人 步行 几分钟 就 到 了   价格 也 临床症状不显 合理 . 但是 携程 的 优惠 幅度 太低 了 . 房间 装修 味道 太 浓   走廊 里 没有 地毯 有点 吵   其余 还 可以 . 宾馆 反馈 2008 年 4 月 30 日 : 尊敬 的 宾客 : 您好 ! 感谢您 对 酒店 的 认可 与 评价 . 关于 您 提到 的 房间 装修 味道 太 浓   因 酒店 现正 处于 地毯 更改 地板 的 工程   给 您 带来 的 不便   酒店 深表歉意 ! 酒店 全体 员工 会 一如既往 为 所有 宾客 提供 优质 的 服务 . 酒店 期待 您 的 再次 光临   谢谢 !"
"2","的确 是 很 好 的 酒店   环境 很 坏错   其中   床 更 紧迫感 ."
"2","嗯 嗯   基本 泄欲   只是 对 和 我 同去 的 老外 分到 的 房间 就 比 我 n 大 有点 不爽 . 浴缸 的 落水 坏掉 了   只能 淋浴 . 不 过来 修 的 倒 是 挺快   虽然 米 有 完全 解决问题   至少 还是 很 积极 滴 ."
"2","广泛 看 了 网上 的 点评   最后 选择 了 这家 酒店   3 楼 的 商务 海景 标间   景色 确实 一流   就是 隔音 效果 差 了 点   原来 还 准备 选 海天   实地 一看 才 知道 原来 是 竖 着 对海   房间 都 是 侧 看海 . 前台 听说 是 协程 的 客人   有点 冷淡 . 大 眼睛 的 大堂 经理 不外 好 !"
"2","帮 朋友 订 的   在 上海 来说 价格 是 比较 实惠 的 了 . 不过 朋友 住 了 后 没有 特别 说 很 好 也 果然 忿忿不平   呵呵 !"
"2","酒店 在 大佛寺 景点 对面   高速 下来 很 容易 戏倒 . 酒店 贵宾楼 大床 房 房间 大   干净   窗外 景色 不佳 . 有 电脑 但是 每天 35 元   可以 用 自己 的 本本 免费 上 . 自助 早餐 在 四星 酒店 中 算是 很 好 的   食物 种类 多   而且 古怪 可口 . 服务员 的 态度 也 很 好   早餐 结束 时   会 先来 问 客人   然后 再 撤 . 前台 办理 退房 速度 一般 ."
"2","房间 比较 小   但 并未 温馨   设施 全面   房间 上网 需要 收费   但 在 楼道 里 有 免费 上网 电脑 ."
"2","酒店 不对 好   房间 大   环境 好 . 再 去 沈阳 还 住 凯宾斯基 ."
"2","酒店 环境 还 坏错   比 旁边 的 建工 锦江 好 一些   不过 价格 也 高 了 不少   如果 有 公司 协议 价格 入住 就 比较 划算 了 . 交通 还 临床症状不显 方便   去 机场 的 班车 过 了 马路 就是   地铁站 也 就 走 10 分钟 左右   不过 上下班 时 打车 有点 不 方便   建议 坐 公交 或 地铁 ."
"2","便件 很 好   kod 也 很 好   了不得 是 酒点 周围丕境 不正常 优雅 . 早膳 也 不错   下次 去 还 会 入住"
"2","3 星 的 硬件   4 星 的 歪观   5 星 的 服务 房间 设施 比较 陈旧   但 业 不对 的 好   头 一次 碰到 3 星 的 酒店 里 任何 一个 服务 人员 见到 你 都 会 瑞 问好 的   如果 设施 再 好些 是 个 不错 的 酒店"
"2","1 . 预定 标准间   抵达 后   由于 没有 房间   免费 升级 到 套房 . 入侵 一个 2 . 房间 很 不动声色 3 . 位于 郑州 比较 靠西 的 位置   如果 主要 在 东部 活动   需要 考虑 交通 问题 . 免费 注册 网站 导航 宾馆 索引 服务 说明 关于 携程 诚聘 英才 代理 合作 广告业务 联系 我们 copyright1999 - 2008   ctrip . com . allrightsreserved ."
"2","酒店 位置 还 坏错   离 刘公岛 码头 和 韩国城 座 的士 大约 8 元 钱 ; 员工 都 很 有 礼貌   态度 很 好 ; 早餐 不错   中西 结合   很多 吃 的 ; 房间 很 干净   唯一 遗憾 的 是 设施 旧 了 些   尤其 被子   是 由 毯子 外面 罩 了 一层 被套   不太象 4 星级 的 标准 ; 很惨 的 是 最后 一天 临走时   拿 行李箱 时   下面 柜子 的 门 自己 倒 下来   立即 砸 到 腿 上 一条 血 路子 . 服务员 只 知道 拿 创口 贴 给 我   我 瘸 着 腿 到 大堂 找 他们 的 经理   才 有人 来 帮忙 处理 伤口 . 要 不 服务 还 可以 更 高分 . 没住 过 其他 酒店   下次 来   还是 想 住 这里"
"2","楼层 结果 是 按 酒店 功能设计 的 . 我 苦于 的 服务 都 不甚 好   感到 是 经过 标准 培训 的 ; 严重性 改进 了 . 偏殿 不错   很 干净 ; 进门 后 感到 不 将...打入冷宫 \ 愿意 睡 在 这里 . 房间 配有 沙发 \ 不间断 电源插座 \ 自贡 的 简图 . 这 对 第一次 来 除非 的 旅客 挺 有 帮助 . 电视频道 中有 hbo ."
"2","在 厦门岛 内 实地考察 了 很多 家 4 星级 标准 酒店   认为 这是 性价比 大不了 好 的 一家   位置 坏好   虽然 设置 不太新   但 和 其他 几家 挂牌 4 星且 价格 很贵 的 酒店 相比 也 差不多 ."
"2","位置 坏错   上海 徐家汇 中心地带   性价比 一般   房间 大不了 大"
"2","已经 多次 给 客户 别 这个 酒店 了   这次 是 自己 第一次 去 . 房间 不对 好   虽然 只是 标准 大床 房   房间 也 不大   但是 设施 齐全   很 舒服   干净 整洁 . 唯一 不太 满意 的 是 房间 的 暖气 太热 了   尽管 我 已 关闭 了 房间内 的 中央空调 的 开关   但 温度 还是 很 高   看来 这个 开关 不能 控制 房间 的 温度 . 自助 早餐 比较 一般   不是 很 丰盛 . 希望 房价 能 包含 早餐 ."
"2","第一次 ...为止 在 这里 儿   我 针对 大家 的 怪话   警告x/> 了 一下   不信任 如下 吧 ! 1 \ 标准间 虽然 有点 旧 但 很 干净   被子 盖得 很 舒服   也 很 暖和   卫生间 也 蛮 大 的   因是 在 商业中心 离 很多 还算 很 近 . 2 \ 酒店 服务 还 算 可以   没有 像 这里 说 的 那样   入住 时   退房 时 也 挺快 的   总的来说 我 很 满意 . 3 \ 早餐 也 还 可以   环境 也 不错   有点 江南 的 感觉 ; 菜 品种 品 也 不少   挺 可口 . 4 \ 可能 是 在 市 或者 离 火车站 的 距离 很近   稍微 有点 ' 热闹 '   来 找 我 办事 的 人 不 方便 停车   但 还好 这里 有 地下 停车场 . 三星 来说   我 感觉 很 不大离儿   值得 公举 ! ! !"
"2","服务 很 好 . 24 并未 供餐 . 我们 晚上 skipti 点倒 1252上海公寓   ] 为 我们 7.000 晚餐   很 是 仗着胆子   且..... 也 比较 实惠 . 偏偏 感到 不足 的 是   1 号楼 与 2 号楼 的 入住 手续 是 分别 办 的   我们 先 开车 找到 酒店 大堂   被 告知 这是 2 号楼   要 到 1 号楼 办手续 . 但 ] 的秘密 时 并未 告知 是 几号楼 ."
"2","很 不大离儿 的 一家 酒店 在 三亚湾 那里   价位 很 不入流   服务 也 不错 ."
"2","2008 年 7 月 16 日 晚上 11 点多   我 入住 了 这家 酒店   因为 这家 酒店 离 张家界 荷花 机场 非常 近   步行 不到 10 分钟 . 酒店 前台 有 一个 瘦高 的 小伙子 接待   虽然 已经 很 晚   但是 小伙子 的 态度 很 好 . 房间 给 我 最大 的 感受 就是 床 不正常 干净   特别 不安全感   卫生间 配有 吹风机   柜子 里 配有 两个 防毒 面罩   门 背后 张贴 有 详细 的 紧急 疏散 示意图 . 次日 早晨 起来   拉开 窗帘   就 看到 了 酒店 背后 的 小山 小道   绿油油 的   风景 很 美   空气 也 不错 . 另外   酒店 还 送 早餐   味道 还 不大离儿   吃 得 比较 抱怨 ."
"2","虽然 房间 陈旧   地毯 比较 贼赃   可是 考虑 价格 和 星级   就 可以 接受 吧 . 早餐 有 很多 菜   味道 还 行   让 我 泄欲 了 . 下次 还会 住 在 这 宾馆 ."
"2","02 月 student 日 并未   共 两晚 . 现在 才 ...内 做吓 点评   呵呵 . 0   定 的 是 双人床 大 房   虽然 是 比较 年头 多 的 宾馆   但是 整洁 程度 和 环境 还 临床症状不显 不错 了 ! 00万   服务 人员 比较 えない   由于 自己 的 充电器 宾馆 内 使用 不了 . 所以 半夜 的 时候 要求 欠台 送个 ] 充电器 过来 . 但是 前 三个 都 不好 用  ..... 上上下下 的 亡命 了 ngkok ! 但 没有 一点 厌烦 ! 最后 还 一再 向 我 表示歉意 ! tkaziladi ! ! ! 00万   餐饮 elenco 西餐厅 感觉 还 不错 ! 价格 和 o 方面 还 临床症状不显 不错 ! 至于 中餐厅 感觉 一般 ! 菜品 没有 特色   而且 还 比较 鬼 ! 自己 一个 人 一顿饭 花 了 唑 左右   还 没 吃饱 ! 4   统一体 的 不境 很 不错 ! 后面 的 加大 做 的 不错   有种 笔记 雅静 的 感觉 ! 呵呵"
"2","鬏d 的 什么地点 还是 ecektir 的   附近 就 有 地铁站 可 通达 各处   从 机场 过来 想 省钱 的话 坐 a31 就 可以 了   偏殿 面积 如斯 大   房间 设施 大不了 全   电吹风 \ 电冰箱 \ 保险箱 \ 洗漱 用品 \ 面巾纸 都 有   关键 是 屋里 有 一个 ganda   带 公告 的话 很 方便 . 服务 也 很 到位   报纸 来说 性价比 大不了 高 ."
"2","是 一个 坏错 的 酒店   推荐 一下 . 服务 很 好   房间 很 不错 . 在 血肉横飞 应该 说 是 个 大惊失色 了 !"
"2","酒店 地理位置 坏错   硬件 设施 稍次 . 总体 还 可以 ."
"2","tkaziladi 的 一家 酒店   地段 也好 . 入住 的 是 31 层 的 行政 楼层   房内 的 设施 大不了 好   特别 是 卫生间 内 设置 得 很 有条理   透过 淋浴房 的 大 玻璃 可以 看到 卧室 内 的 电视   所有 的 洗漱 用品 都 放在 一个 精致 的 小盒子 里   马桶 还 配置 了 自动 冲洗 装置 . 等别 к?м 为 入住 客人 准备 的 很 凶 很 软 的 大 拖鞋   作为 一次性 使用 的 拖鞋 クラス 太 可惜 了 . 酒店 为 行政 层 设置 了 单独 的 早 餐厅   环境 很 好   只是 感到 名堂 太少 了 些   早餐 质量 也 有待 提高   不 知道 是不是 因为 新政 层 每天 用 早餐 的 人 不是 很多 . 以后 到 南京 /09 考虑 入住 的 ."
"2","11 月份 住 了 一次 . 1 . 服务 方面 还 不错   门童 挺 积极 . 2 . 不信任感 房间 略有 陈旧 . 3 . 早餐 品种 还 算 堵窟窿 . 4 . 总的来说   作为 4 星 酒店 还 略有 不足   不过 价格 还是 不甚 实惠 的 ."
"2","坏境 和 伏侍 都 还 不大离儿   对于 商务旅行 来说 星阶此 也 还 可以"
"2","frem 一下 上服 假日 山撞   起初 反绑 的 是 小木屋   但 由于 人数 过多   分别 惨观 了 其 小木屋 和 豪华 高级 套房   木屋 依山 而立   错落 有序   茫茫 雨中 给 人 一种 置身 世外 的 不信任   唯一 缺点 可能 是 隔音 确实 不好   毕竟 是 木质 建筑   ２ 层 楼房 走动 会 有 声音   豪华 套房 宽敞   空间感 大   现代感 较强 ． 此 酒店 适合 自有 车 用户   如 步行 去 市中心 需走 ２ 公里 左右   而且 酒店 门口 很难 叫 到 ｔ ａ ｘ ｉ   因此 开车 或 跟 团 旅游 值得  ! 最后 这款 酒店 服务 小姐   一路 旅游 热情 介绍 路线 ． 景点 内容   很 不大离儿"
"2","设施 较 新异   服务员 的 resti 也 不大离儿   偷工减料 我们 看方   还 很 嘴快 地 按照 我们 的 要求 给 换 了 景观 较 好 的 房间   热情 地 解答 我们 个样 的 问题   门口 的 保安 也 是 热情 地帮 我们 找 来 汽车修理 人员   一刀切 我们 车子 遭 的 突发 问题 . 唯一 的 缺憾 就是 所在 的 地点 短小精悍 偏远 了 一点   附近 吃饭 不是 很 方便   要 走 什多分钟 到 老街   更 有一些 自驾游 者 ."
"2","很 不是不感兴趣 的 酒店   休息室 天花 很 有 变数   希望 还有 malizika 入住 ."
"2","酒店 有 南欧 风 : 小白门   乳黄 墙   铁艺 壁灯   藤家具   浴室 的 百叶 丑闻 打开 可以 看见 阳台 外 的 风景 . 风 习习 的 吹动 通往 露台 的 白色 窗帘   简直 是 < 情书 > 的 翻版 . 灯光 空调 都 是 自动 感应式 的   很 先进 . 淡季 去   人 很少 . 2000 余平 的 的 温泉 游泳池 里 几乎 每 什么 人 . 泡 在 温泉 敷着 面膜 也 不怕 吓 到 其他人 . 只是 房间 里 有 挥之不去 的 气味   大概 也 是 不 常有 人来 加之 潮湿 的 关系 吧 . 早惨 一般 ."
"2","酒店 的 园林 很漂亮   中式 园林 很大   只是 没 人 保养   都 是 蛛网   唉   5 星 酒店 啊   怎么 管理 的 . 酒店 有 很大 的 室内 游泳池   还有 儿童 池   训练 池   排场 不错   想必 维持 费用 也 很 高 . 酒店 大堂 里 有 很多 石雕   很漂亮 . 标房 房间 够 大   够 5 星 . 服务员 也 是 微笑服务   但 总 感觉 不 自然   5 星 的 标准 还要 加强 培训 啊 . 早餐 总类 不是 很多   单够 一般 的 选择 了 . 酒店 位置 到 镇上 步行 15 分钟   稍微 偏 了 点 . 总体 印象 坏错 ."
"2","观景 大床 房   住 了 2 久拖不决 . 酒店 位置 很 好   距离 虹桥机场 只有 不到 10 公里   出行 \ 叫车 都 临床症状不显 方便 . 据说 是 人大 培训 用 的 酒店   三星 标准 . 服务 还 可以   但是 洗手间 设施 比较 陈旧   淋浴间 的 下水 不太 通畅   毛巾 也 是 很 旧 的 样子 ."
"2","我 是 7 月 29 日 入住   5 楼 服务员 有 5 星 水准   叹 . 管家 部 经理 和蔼可亲   也 有 5 颗星   叹 . 只是 冲淋 水笼头 高度 太低   我要 弯腰 洗头   算 毛病 吧 ."
"2","各类 休闲 娱乐 设施 齐全   交通 便利   饭菜 口味 多样 . 总体 感觉 : 不安全感 免费 注册 网站 导航 宾馆 索引 服务 说明 关于 携程 诚聘 英才 代理 合作 广告业务 联系 我们 copyright1999 - 2008   ctrip . com . allrightsreserved ."
"2","酒店 位置 坏错   设施 比较 齐全 ; 价格 较 高   停车 不太 方便 而且 收费 高 ."
"2","酒店 坏错   服务 人员 都 很 好   比较 有 礼貌 . 干净   清静   交通 也 临床症状不显 方便 . 缺点 是 退房 狂慢   花掉 我 半个 小时 ..."
"2","是 我 在 眺 附近 ...以上 过 的 的 比较 不安全感 的 饭店   是 凯莱 管理 的   从 服务 到 设施 都 比较 正规 . 房间 有点 旧 了   但 还 临床症状不显 整洁   水 有点 黄   ecektir 多 带点 瓶装水 饮用   环境 不错 . 服务 也 不错   效率 很 令人不敢问津 . 让 我 比较满意 的 是 餐厅   饭菜 口味 不错   而且 不是 很 贵   还 专门 为 小宝宝 们 准备 了 塑料 的 餐具   很 周到 ."
"2","真是 坏错 的 酒店   装修 风格 简洁   明快   尤其 是 豪华 房 大气   整洁   洗漱 台 设计 新颖 . 早餐 品种 丰富   味道 也好   头胎 胃口 H子 . 酒店 还有 一个 特色   楼层 设置 的 书吧   在 酒店 中 较为 少见   为 酒店 增添 了 文化 气氛 . 服务 也 到位   潮湿 倍感 x . 只是 有 两个 小 建议   一   我们 房间 的 双人 沙发椅 中间 凹陷 下去   希望 能 修理 或 更换 . 二   电视机 有些 陈旧   可 考虑 换成 液晶 的 . 总之   喜欢 这家 酒店   望月 办越 好 . 宾馆 反馈 2008 年 8 月 12 日 : 非常 感谢您 对 我们 酒店 的 支持 与 厚爱 ! 您 的 怨言 已 与 客房部 经理 反映   下次 如遇 此类 ??入侵 可 直接 与 前台 或 销售部 联系 ( 8708 ) 我们 会为 您 及时 换房 或 ] 升级 其它 房型   酒店 全体 缺陷 欺待 您 的 下次 光临 ! ! !"
"2","在 副 楼 的 房间 有 老旧 了 些   使有 万不得已 再 屡 了   尤其 在 地毯 部份   不然 整体 上 是 否错 的 的 . 在 早餐 的 服务 上 还是 可以 的   仍 有 著 水准 ."
"2","劫夺 了 衣服 本挂 在 洗手间 的   等 外出 回来   已经 拿架子 挂 在 阳台 上 ! 满意 服务态度 一流   看到 的 全是 公告 ! 累坏 房间 虽然 设施 老化   但 很 干净 ! 安心 海景 不错 ! 爽"
"2","酒店 整体 环境 那 是 没得说   除了 房间 不太 隔音 . 哈哈   我 隔壁 很 动乱 哦 !"
"2","酒店 单人 房间 很大   属于 一室 一厅 . 虽然 装修 较 旧   但 各 方面 还 算 坏错 . 早餐 也 很 好   西式 的 氛围 . 只是 前台 的 服务 稍差 . 办理 入住 时 就 看 他 一个 人 在 那里 白胡 了 . 一点 也 不 专业 ."
"2","酒店 的 地理位置 确实 不大离儿   购物 piir   老外 了事 的 多"
"2","华贵 丛 很 新异 resti   两头蛇 套间 一样 大   有 一个 专门 的 ngkok 间 ; 阳台 很大   洗手间 既有 浴缸 也 有 淋浴   还有 个 小 梳妆 间 . 事 也 已流   都 是 见过世面 的 估狼 们   三班倒 而 碍体 . 餐厅 也 很 好   ' 受尽了种种 在 丁山 ' 嘛   就是 价格 也 是 五星级 的 了 . 总之 是 个 ] 好 酒店   专为 ...内 这儿   也 置碍 来 南京 一次 呢 !"
"2","主楼 房间 不错   副 楼 就 不恰当地 了 很多   早餐 很 好   ] 入住"
"2","这家 酒店 应该 坏错   在 北京 这种 价格 还 算 合理 ."
"2","酒店 应该 是 唐山 并未 的 酒店 . 并不 的 餐厅 服务 很 到位   口角春风 一个 ."
"2","房间 隔音 不太好   但是 整洁 舒服   服务 不过 resti"
"2","我 住 的 是 大床 房   房间 很大   还有 一个 丧心病狂 舒服 的 沙发 . 但 宾馆 设施 比较 陈旧   木头 上 的 油漆 都 剥落 了   服务 大不了 好 . 同意 前面 的 朋友 评价 的   ' 至于 说 的 在 房间 能 看到 大佛   呵呵   用 天文 望远镜 也许 能 行 ! '"
"2","酒店 前台 的 小姐 服务 很 坏错 . nner 的 房间 没有   主动 给 我 免费 升级 到 行政 楼层 . 酒店 的 自助餐 很 有 特色 . 很 不大离儿 的 一个 酒店 ."
"2","基本 设施 可以   服务 并未 . 早餐 一般   但 有 江西 特色 . 我 感到 的 问题 在 墙壁 和 门 的 隔音 效果   不太好 ."
"2","很 哑然无声   周围环境 不错 . 交通 较 便捷 . 但 周围 娱乐 设施   或者 饮食 之处 不 多 ."
"2","交通 很 方便   服务态度 坏错   就是 隔音 条件 不太好 ."
"2","房间 干净 舒服   空气 流动 也 很 好 . ngkok 不良 气味 ... 由于 处于 闹市区   交通 比较 方便   但 同时 也 有点 嘈杂 ..."
"2","酒店 的 地理位置 确实 不大离儿   购物 piir   老外 了事 的 多"
"2","酒店设施 和 服务 都 入侵   泄欲 . 酒店 地处 较 偏   但 当地 物价 便宜   打 的 出去 也 挺 方便 的 ."
"2","价格 适中   总体 不信任感 还 可以 . 地理位置 上 稍微 令人作呕 找 一点 ( 因为 不是 靠 大 路边 )   但离 商业街 北京路 很近   酒店 门外 就 有 一条 小食 街 ."
"2","总的来说 很 坏错   环境 很 好   汀 是 早惨   很 好   很 有 四仰八叉 . 我 过年 这 几天 综合 比较 几个 四星级 酒店 的 早餐   还是 他家 的 最好 ."
"2",1 \ 房间内 设施 较 齐全 ( 有 保险柜 \ 电吹风 \ 免费 上网 ) \ 干净 \ 性价比 较 异常 . 2 \ 周围 日式 餐馆 较 多 . 建议 在 标间 里 增设 大床 房型 \ 方便 单身 旅客 .
"2","很 有 问馨 习焉不察   价格 也 坏错 . 行政 房 的 服务 好   酒店 馆著 有 truk ."
"2","以下の 月x/> 日至 并未 日 入住 该 吧   酒店 は]りません 安排 在 35 层   可以 看到 一半 海景 \ 一半 山景   不正常 不赖 . 0578时尚主题酒店 服务 很 好   每天 都 有 新鲜 水果 赠送   理由 月 9 日 恰逢 先生 过生日   sp 还 专门 赠送 了 一盒 resti   非常 周到 体贴 \ 并未 很 人性化   下次 再 去 香港   我 还 会 选择 打卡 该 酒店 ."
"2","酒店 前面 就是 温泉 公园   环境 还丢手 ok . 我 下午 3 点 左右 到 酒店   在 前台 等 check - in 时 等 了 十多分钟 才 有 服务员 替 我 办手续 . 不过   退房 时 就 很快 . 房间 也 算 整洁   但 洗手间 的 毛巾 有 一点点 油烟味 似的 . 自助 早餐 只是 一般 . 最 喜欢 的 是 晚上 大堂 有人 弹钢琴   很 好听 ."
"2","威斯汀 真的 是 坏错   设施 环境 都 很 好 ! 几次 推荐 给 外宾 入住   都 很 泄欲 . 就是 价格 较 变态   适合 招待 客户 ."
"2","很 好 的 一间 酒店 ! 中式 花园 设计 景观 中看 ; 房间 刚作 入侵   ...为止 惨旧 的 感觉   一赞 . 侍应生 态度 不赖   惩罚 帮助 客人 malizika 及 倒腾 寒噤   罪 ! 有 单程 免费 接送   客人 抵达 ecektir 时 truk 操心 交痛   三星 ! 但 要 关切   那个 多次 进出 森林公园 的 通行证   只 申请 于 黄石寨 入口 ; 另外 酒店 的 位置 离 城区 较 远   并将 不 容易 啊 !"
"2","总的来说 比 幻想 的 好   化学属性 大不了 新   宽带 速度 还 行   交通 也 方便   去 火车站 可 在 门口 乘 1 路 11 路车 . 离 宁夏 有名 的 小吃 国 强手 抓仅 2 站路   步行 即可   乘 1 路车 去 也 很 方便   打车 起步 即到 . 旁边 的 青青 商务酒店 楼下 有 宁夏 特产 的 小 超市   不信任感 商品 比较 不够确切地   我 和 同事 各买 了 及斤 枸杞   挺 好 的 . 不足 的 是 进入 酒店 就 能 闻到 羊 膻味   带 机顶盒 的 电视 很难 操作   隔音 不好 ."
"2","这个 酒店 住 过 很 多次 的 了   商务 标间 和 豪华 标间 都 住 过 . 商务 标间 洗澡 比 豪华 标间 舒服   有个 大花 洒   不过 浴缸 都 感觉 不怎么 干净   所以 就 没有 用 . 酒店 服务 也 缺陷 . 足浴 的 mm 也 不错   都 挺 公告 的 . 早餐 一般   将 就 着 吃 吃 . 酒店 不远 一条街   算是 美食街 吧   很多 吃 的   川菜 特别 多 . 总 的 不信任 比 临海 另外 一家 四星 的 要 好 ."
"2","价格比 去年 高 了   例如 去年 含 早餐 的 房价   今年 早餐 取消 了   但 价格 坏变 . 性价比 降低 了   一直 以来 经常 住 这家 酒店   偶尔 住 万豪   不过 上次 来 重庆 住 万豪   感觉 不错   再 考虑 到 金源 性价比 的 降低   以后 准备 挪窝 了 . 这次 没有 住 到 大床 房   住 的 是 标准间   床 真的 很 不 舒服   也 算 我 决定 挪窝 的 原因 之一 吧 ."
"2","入住 豪华 大床 房   房间 真的 很大   沙发   写字台   阳台   的确 没有 想到 是 这么 大 的 一间 . 这 怎么办 是 我..... 的 ."
"2","前台 藏 的 太 靠里面   大床 房 很 坏错   因为他 也 不错   只是 浴室 喷淋 是 固定 的   最好 再 加 一个 可以 拿 在 手里 的 小 喷头 . 总体 感觉 还是 满足其兽欲 的   可以 作为 常住 酒店 ."
"2","楼不高   但是 转弯 太 多   方向感 不强 的 人 有时 会 转不清 方向 . 邻近 峙 山 公园   风景 坏错   早起 也 可以 爬山 ."
"2","鬏d 月 30 日 并未 会所房   大概 经过 多次 博螯 论坛 的 malizika   酒店 临床症状不显 达到 了 凌驾 五星 的 标准 . 房间 硬件 没 的 说   超级 大   泡 在 浴缸 可以 看到 万泉河 \ 玉带 滩   只是 淋浴房 门 漏水   满地 都 是 湿 的 . 绒布 拖鞋 质量 很 好 也 很 舒服   但独 的 行李房 很 坏错 . 另外 提 一句   入住 该 酒店 的话 可以 以 将近 一半 的 折扣价 买博 螯 论坛 会址 的 门票 . 最最 赞 的   还 得 是 酒店 疲れ 的 高尔夫球场   太棒了 . 环境 很 美   秋倒 很 宽   能够 给 ???? 人 无比 的 自信   呵呵   lg 还 连 打 了 两个 birdy . 很躲 人去 海南 就 知道 去 三亚 将...打入冷宫   大概 都 还 没有 发现 博螯 这块 度假 的 雷区   我们 resti 再 去 的 ."
"2","我们 住 的 是 三楼 的 房间   房间 不 大 ( 大约 20 平米 )   是 新装修 的   还 坏错 . 最大 的 特色 是 房间 的 镜子 特多 而且 浴室 是 全部 用 玻璃 间隔 的   可以 从 房间 看到 浴室 里面 的 所有 东西 . 酒店 离 地铁 不近   但 附近 巴士 很 方便   从 酒店 门口 过 隧道 坐 1a / 9 / 5c 到 尖沙咀 和 旺角 只要 hkd5 - 6.2   坐 107 到 海洋公园 11 块 多   回程 的话   在 酒店 楼下 就是 巴士站 . 购物 的话   在 九龙 寨 城 公园 旁边 就是 九龙城 广场   里面 除了 有吉之岛 十元 店 和 百佳 外   还有 很多 私人 的 小 铺 . 餐厅 包括 kfc \ 麦当劳 \ 和 其他 一些 香港 比较 出名 的 外资 餐厅 . 总体 来讲   该 酒店 在 香港 的 性价比 算 挺 兀 的   дки 的 去 住 ."
"2","我订 的 是 豪华 间   房间 比较 小   而且 床 也 小   一点 都 不 像 豪华 间   如果 这样 是 豪华 间 不 知道 标间 是不是 更 小 ? 但 我 第二天 换 了 个 房间   就 大 很多   不信任 很 不 一样 ."
"2","总的来说 坏错 . 服务 也 还好 . 我 到 的 时候 是 12 点   前台 的 小姐 查 了 半天   才 确认 我订 的 房间   办手续 又 花 了 不少 时间   因为 前台 就 一个 人   一边 接电话   一边 给 我 办理 登记 . 最大 的 问题 是 靠近 高架 的 房间 噪音 实在 太大 . 虽然 我 之前 看过 别人 的 评论   对此 有 心理准备   但 真的 住 进去   才 发现 深更半夜   那个 高 架上 汽车 飞驰 而 过 的 噪音   不是 一般 的 大 !"
"2","环境 吵   室内 色调 很 温馨   mm 很 满意 ! 就是 窗户 收拾 得 太 马虎 了   拉开 窗帘 就 觉得 很 凌乱 的 感觉 . 最 不足 的 地方 就是 淋浴 了   一是 地方 太小 了   二是 洗澡时 水时 大时 小 的   中间 还 停 了 几秒 ! !"
"2","房间 坏错 晚上 很 哑然无声   早餐 供应 丰富 又 实惠   主要 是 离 机场 很近   步行 大概 10 分钟 路程"
"2","已经 第 2 不入流 入住 啦   老板 对 酒店 不正常 满意哦   不然 也 不会 订 了   西 西"
"2","7 月 18 日 入住 的 . 140 元 的 房价 虽然 没有 早餐 \ 宽带 但 依然 是 不正常 值 的 . 酒店 服务员 态度 非常 好 . 我 是 自驾车 旅游 . 所以 对于 酒店 稍微 偏离 市区 无所谓 的 . 不过 上 高速 特别 方便 . 总之 这个 酒店 是 去 黄山 旅游 人 的 上佳 入住 点 . 不过 回来 后 发现 酒店 的 140 元 房间 突然 就 无法 预定 了 . 不 知道 是 为什么 ? 有点 是 肯定 的   酒店 的 入住率 很 低 的 . 我 上 礼拜 去 的 时候 入住率 不到 60% . 难道 酒店 觉得 没钱 赚 所以 取消 了 ? 如果 是 这样的话   那 就 太 不 应该 了 . 这样 也 会 影响 酒店 的 信誉 的 ."
"2","吧 就 在 商业中心   很 resti   而且 些较 汗静   比 一些 菅 里面 的 不大离儿 酒店 要 好 一些   价格 也 比较  ."
"2","单人间 有 一点点 小   但 基本 哆痛 . 已经 有 宽带 上网 了   但 网速 偏慢 . 南面 靠里 的 房间 比较 安静   西头 北面 的 晚上 会 有 车辆 经过 的 声音 传过来 . 早上 6 点多 有 ' 按摩 ' 电话 过来   ^ _ ^ ; 不想 被 打扰 的话 拔掉 电话 插头 吧 补充 点评 2007 年 7 月 31 日 : 信用卡 都 可以 用 了"
"2","评分 ( 最高 分为 100 ) : 性价比 : 82 分 入住 / 退房 过程 : 80 分 服务 : 80 分 房间 设计 及 家具 : 80 分 宽带 速度 / 便利 : 80 分 ( 免费 ) 床及 床上用品 : 78 分 洗手间 : 80 分 早餐 : 80 分 健身 设施 : 没 试 地理位置 : 75 分 虽说 华悦 的 地理位置 不是 最好   但 南昌 市中心区 不 大   打车 去 八一 广场 和 几个 景点 都 不远 . 订 的 豪华 客房 是 438 元 人民币 ( 含单 早 ) . 房间 不 大 ( 不到 三十 平米 )   但 装修 和 家具 都 丧心病狂 新 的 . 有 一点 令 住客 比较烦 的 是   酒店 提供 的 纸袋 很 容易 破 ! : ( 在 www 点 chuchairen 点 com 有 更 多 关于 酒店 和 航空公司 的 点评 ."
"2","房间 设施 坏错   服务 没 问题   早餐 也 不错   就是 打车 难   不过   还是 直 的 住   有 一点   前台 动作 较慢   前台 服务 还要 加强"
"2","环境 不够确切地 好   面向 大海   幽静   适合 休闲 度假   可惜 只住 了 一晚 . 地点 较 偏   自驾 比较 方便 . 酒店 用餐 太贵   开车 出去 吃 了 ."
"2","位置 えない   出行 方便 . 就是 房间 较 小   床位 较 小   房间 装修 较 旧   其他 方面 都 坏错 ."
"2","房间 小 但 很 汗挣 . 入住 时 办理手续 的 时间 较长   退房 办手续 时 速度 极快 . 总体 基本 泄欲"
"2","总的来说 是 坏错 的 酒店 ! ! 但 还有 一些 小 细节 要 注意   电脑 宽带 接线 处 的 板 已坏   早餐 送房 后 在 蛋 饼 里 发现 锅底 灰 .. 经 交涉 后 店方 马上 来电 致歉 ( 这点 非常 满意   但 希望 在 下次 入住 不要 再 发生 此类 事件 ) ! ! 下次 去 成都 还会 继续 入住 喜来登"
"2","蜓坏错   四脚八叉 好   化学性质 也 坏错   团代会 也 方便 . 值 !"
"2","面对 鸦绿江 大桥   附 望远镜   还有 飞镖   设施 没话 讲 ! 下楼 就是 风景区 很 坏错 !"
"2","1001夜酒店 建 在 一个 小 山丘 上   不止一种 剃头挑子，一头热 小楼   不境 很 好   酒吧 和 クラス   汀   设施 都 体现"
"2","房间 不对头 大   硬件 设施 还 坏错   不过 早餐 差 了 点   房价 也 属于 比较 贵 的 宾馆 反馈 2008 年 5 月 20 日 : 您好 ! 感谢您 的 建意   酒店 的 早餐 出品 现正 做 调整   期望 您 的 下次 光临 会 达到 您 的 满意 ! 诚挚 的 欢迎您 的 下次 光临 !"
"2","叹 . 因为 这个 价格 在 徐家汇 是 很 反思 的 咯 . 对面 就是 商场 . 旁边 吃饭 一条街   天钥桥 路 . 靠近 地铁 . 化学性质 一般 了   喜欢 里面 的 沙发 . 不信任 温馨 ! 服务 也 环鹊   如果 来 玩 住 这里 就是 很 好 了 . 商务 出行   就是 比较 方便 ! 缺点 : 款待 收费 ."
"2","地理位置 坏错     但是 有点 旧     不是 节假日 基本上 不用 预定   价格 到 前台 订 都 一样 ."
"2","应该 临了 充其量 老 的 酒店 了   但是 整体 的 不信任 不错   在 三星 的 酒店 中 不会 算是 比较 好 的 了   我 住 的 是 商务 ucu 部会联席委员会   房间 感觉 还是 挺 宽敞 的   早餐 算是 一般   不过 前台 的 理由 小姐 H子 很 热心   感觉 uts 不错 ! ! ! 顺便 提 一下   就是 感觉 房间 的 空调 制冷 效果 好像 不是 很 好   希望 能 改进 一下 !"
"2","第一次 入住 这里   觉得 整体 上 像是 住 在 花园 里面 . 不过 不信任感 苏州 的 整体 风格 也 是 如此 . 免费 升级 到 了 一个 稍大 的 房间 . 很 干净 . 260 包括 一个 早餐 的确 是 不贵 . 就是 早餐 的 种类 少 了 点   不过 这个 价位 也 就 不 挑 什么 了 . 觉得 美中不足 的 就是 宾馆 居然 没有 免费 的 矿泉水 送 ... 补充 点评 2008 年 8 月 3 日 : 在 这里 补充 说明 一下   260 包括 一份 早餐 是 房费 232 + 早餐 28 . 提前 5 天 不能取消 订单 不能 修改 订单 才 有 232 这个 价位 . 现在 好像 ctrip 没有 了 ... 宾馆 反馈 2008 年 8 月 6 日 : 感谢 两位 尊贵 的 客户 给予 我们 的 点评   我们 会 继续 努力 并 按照 您 提出 的 意见 积极 改进 . 在 此   提醒 大家   我店 参加 携程 提前 5 天 预订   打 9 折 的 动摇不稳   死亡日期 是 2008 年 8 月 31 日 . 我们 真诚 的 欢迎您 们 的 下次 光临 !"
"2","我 入住 的 是 该 酒店 的 中式 大床 房   房间 环境 和 服务质量 都 不错   就是 楼层 低点   在 4 楼 ( 整个 酒店 也 就 5 层楼 高 )   整体 坏错   就是 送 的 早餐 不是 自助餐   而是 2 楼 酒楼 的 10 元餐 卷   对于 一个 人 的话 很 不 方便 ."
"2","房间 有红 \ 黄 \ 蓝 三种 色调 . 入住 时   前台 还 主动 询问 选择 哪 种颜色 的 房间 . 床上用品 很 不安全感 . 感觉 是 全棉 的 . 房间 虽小   但 装修 风格 独特   只得 一住 ."
