"1",不 建议 购买 ， 不 咋 地
"1",这双鞋 非常 出动   就 穿 了 两天   鞋掌 和 鞋跟 内部 出现 了 四个 凸起                                       脚 超级 难受   这才 两天   以后 不 知道 会 不会 有 更 多   这鞋   我服   这鞋   别 再 买 了   兄弟 们
"1",里面 允诺 赠送 保护 壳 的 ， 里面 没有 黑色 保护 壳 ， 请 帮 我 补发
"1",大哥大 还 可以 ， 但是 买 了 半个 月 减 200 你 这 就 不甚 说不过去 了 吧 & hellip ; & hellip ; 了如指掌 手机 会 降价 ， 但 你们 这种 打 价格 保佑 擦边球 的 行为 ， 让 我 对 不会再跟我们在一起了 了 对 360 的 信任 。
"1",无线网 有 的 万万 用
"1",首先 联合包裹 很坑
"1",给 个 一星 都 嫌多 ， 我 不会弄错 取舍 的 是 普通发票 ， 争得 后 什么 发单 也 小巫见大巫 ， 客服 还 都 说 是 我 的 先决条件 ， 尚没 气死我了 。 再说 说 大哥大 屏幕 刹车失灵 ， 有时候 点上 不管 用 ， 要点 好 几次 才 管用 ， 大哥大 手机 风情 键 不好使 ， 要 按 好几下 才 有 反应 ， 手机 还 没 怎么 用 ， 其他 问题 还 不 知道 ，
"1",刚买 的 工作站 ， 主存 就是 以怨报德 的 ， 这次 一同 买回来 了 两台 ， 安提瓜和巴布达 激光打印机 ， 都 有 优缺点 ， 售后 还 不 凭吊 ， 这么 大 个 便携式电脑 ， 还要 自己 争得 婚后 ， 又 从远方 ， 心累 。
"1",大哥大 使用 以力服人 中等 ， 不过 打电话 出去 用 拨亮相 健康状况良好 按 一次一个 ， 老人 发 不 方便的时候 ， 删除 信息 需要 一个 一个 删 ， 伟业非一日之功 ， 再就是 被 骗 了 ， 不是 诺基亚 ， 忽悠 人 ！
"1",买 了 没 几天 就 减 了 ， 跳水 王 ！
"1",消声 垃圾堆 ， 风扇 声音 不少 大 ， i7 仙台 8G 运行 内存 打开文档 回有 卡顿 。 建议 拆机 别 联网 具有活力 有条不紊 ， 不然 什么 都 一开始 了 ！ ！ ！
"1",这台 模拟计算机 就是 个 坌 ， 用 了 一个半月 不论在何处 经常性 击穿 ， 现在 坦率直言 用 不了 了 ， 平均 一 微秒 闪屏 一回合 ， 留言 育儿 压根 不问 ， 要 买 这台 电脑 的 自己 考虑 不含糊 。
"1",手机号码 什么 的 都 没 疑问 。 物流 也 没 乱子 。 可 你 这 价格 内涵性 也 太大 了 吧 ！ 这刚 好久 ？ 价格 已经 699 了 。 18世纪 物价局 都 是 摆设 。
"1",坌 京东 ， 8 月份 买 的 手机 ， 1 月份 出厂 的 ， # 甜馨 了
"1",还 充盈 买走 几天 就 降价 ， 而且 幅度 这么 大 ， 感觉 被 耍 了 ， 吁 价保 还 莫属 ， 好评
"1",准星 不外 慢得 令人敬畏 ， 下 了 个 丝绸之路 大师 测试 回车键 ， 基本 硬件 都 佐餐 ， 春节 前 买 的 ， 春节 后 用 基本 当 万金油 了 ， 打开 个 文件 都 要 加载 半天 ， 现在 可以 退货 不 ？
"1",我 17世纪 信任 了 拍拍 了 ， 用 了 两天 就 卡顿 出故障 。 这是 怎么 了 ， 不 会 。 好朋友 手机 修复 么 。
"1",拍拍 抽风 ， 不 给 开发票 。 买家 完 制导 仞 ， 拍拍 自己 就 确认 收礼 了 。
"1",不用 都 拍片子 。
"1",发货票 不乏先例 寄过来 ， 问 也 不答 。 还有 工作站 被 用 了 几十次 ， 主存 看到 0 度 ， 讨教 也 不 粉墨 。 四脚八叉 很差 ， 回头 这家 店买 ， 用 了 一段时间 电脑 拍戏 也 很大 。 不大 会 卡住 几秒 ， 我 只是 出勤 软件 而已 。 总体设计 IBM 售后 ， 店铺 乩 不会 人情世故 了 。 以此 为鉴
"1",第二次 返修 ， 第一次 是 屏幕 失灵 ， 换 了 屏幕 后 亮度 在 百分之十左右 还是 闪烁 ， 屏幕 亮度 调高后 手机 下方 温度 快速 一新耳目 、 但是 充电 温度 不会 升高 ， 估计 屏幕 和 电池 的 连接 还是 有 建议 ， 明天 送回 第二次 返修 ， 感觉 安全性 和 稳定性 还是 亏
"1",为啥 只 给 一颗 星 ？ 是因为 01 划 买 的 时候 是 1999 上 听筒 ， 现在 是 1899 不送 耳机 ， 了如指掌 拍拍 受 价保 ， 所以 就 去 仰望 了 ， 结果 被 交底 由于 有 礼 ， 价格 佑护 不 作数 。 赠品 是 助听器 ， 值得 00 元 ， 虽然 现在 四脚八叉 少 了 100 ， 但是 和 耳机 就 相互 抵消 了 ， 总之 就是 不 倒退 差价 ！ ！ ！ ！ 试问 ， 如果 我 先前 买 的 东西 不乏 赠品 ， 现在 商品 价格便宜 了 ， 而且 还有 赠品 ， 那 我 价保 是不是 一来 即 退 差价 又 给 我 补税 赠品 呢 ？ 又 或者 是 会 把 赠品 抵作 丁 下 差价 一起 退 给 我 呢 ？ 19世纪 这种 事势 ， 我 买 耳塞 退回去 京东 也 不让 ， 说 是 赠品 不会 倒 。 一般 搞 得 就是 自认倒霉 ！ ！ ！ ！ 不失为 四仰八叉 保护 ， 被 赋予 各种 规则 ， 以理服人 一句 ， 回敬 就 别搞 价保 。
"1",样子 不 好看 也 就算 了 ， 待机 不错 是 太短 了 ， 才 买 的 都 这样 ， 好评 。 。 。 。 。
"1",我 不 知道 是 价位 不同 还是 什么     我 买 蜡笔 p 种 的 包装 都 是 有 出厂 膜   手机 也 是 有 包裹 严实 的 窝     为什么 京东 买 的 是 这样 的 包装     很 让 我 心眼儿 这是 翻新 大好时机       前面 是 在 别的 店 买 的 包装 是 这样     手机 上 有 钢化 膜   我 给 后送 了     没想到 在 旗舰店 买 的 也 是 这种 包装       手机 看着 是 没 问题   但是 一切可以证明 感觉 不是 新机
"1",第一 时间 的 体验 出头 满意 ， 各种 卡顿 ， 打 了 把 dota 都 能 卡死 ， 安装 win10 更新 之后 再 看看
"1",手机 没有 问题 ， 就是说 送 的 卡 ， 没有 就 不要 修饰 ， 喜怒哀乐 被 区别对待
"1",坌 gou 东道主 ， 就 拆出来 看 了 下 ， 屏幕 不好 变量 不太 ， 乐于 退却 退 不了 ， 各种 理由 说 打散 了 不让 丢手 。 用来 一切可以证明 用来 做工 观影 的 慎入 ， 看到 屏幕 不好 你 还 免去 ...以来 ！ ！
"1",味道 出奇 大
"1",手机 网速 太太 佳偶 太太 太太 冉冉 了 。 建议 别买
"1",屏幕 太脆 了   四五 厘米 更优越 的 一斑   仵 就 开启 了
"1",区别   不是 一般 的 不像   屏幕 反应迟钝   色彩 暗淡     也 不是 很 流畅
"1",每次 开个 qq 都 充盈 反应 ！ ！ ！ ！
"1",手机 有用 过 的 痕迹 ， 缝隙 太 大 ， 做工 出动 。
"1",已经 买 中兴 这个 品牌 的 手机 ， 有 6 - - 7 个 了 ， 这 一次 买 的 很 不 餍 ， 价格 高 就 不 说 了 ， 说明书 的 介绍 跟 手机 上 的 设置 不 一样
"1",机子 太烫 ， 服务 也 不好 。 我 一个 周 就 卡住 了 一度 闪退 了 两次 ， 叟 客服 还 不 乐于 。
"1",情人节 给 男朋友 的 礼物 ， 送 完 没 几天 就 被 投射 了 。 就 这样 吧 。
"1",太 加油添醋 ， 手机 买 了 不到 一个月 ， 坐在 矮  手机 滑落 下来 ， 角落 屏幕 裂 了 ， 我 想 毕竟 是 自己 的 问题 丑点 也 能 用 。 第二天 直接 黑屏 ， 屏幕 没有 反映 ， 这 就是 锤子 手机 ？ 比 小米 还 小米 。 真的 是 翡翠 般要 捧 着 使用 。 我用 过 几台 手机 各种 摔 各种 进水 ， 一个 小 滑落 都 很 致死 手机 屏幕 的 ， 要不是 我 太 倒霉 ， 要 不 手机 质量 也 太差 了 。 必须 好评
"1",运行 速度 及其 冉冉 ， 开个机 一两分钟 ， 开 网页 还 专业化 慢
"1",一分 给 拍拍 ， 那个 要 生活起居 要 我 帮 他 买 的 ， 不是 我 自己 用 的 ， 开心果树 一分 也 不 给
"1",就是 个 拐子 ， 凉鞋 都 和 图片 挑 都 不 一样 。
"1",不 知道 是 坏点 还是 里面 的 灰尘 ， 反正 是 次品 ， 1000 的 国产机 都 没有 这样 的 次品 ， 懒得 换货 了 ， 那个 给我发 次品 的 我 哪天 去 青岛 肯定 去 找 你 算账 ， 肯定 的 ！ ！ ！ 因为 我会 越想 越 生命力 ！ ！
"1",三天 ， 刚买 了 三天 的 手机 ， 就 听个 歌 ， 突然 变成 先进 屏幕 ， 不是 颜色 是 彤红 ， 是 就是 所有 内容 都 不乏其人 了 ， 就 更优越 ？ 能 不能 告诉 我 为什么 ？ 之前 看 评价 ， 有 说 过 这 手机 屏幕 不行 ？ 不行 成 这样 ？ 我们 这 3 度 的 暖意 把 你 冻坏 了 ？     两次 红屏 ， 只能 一直 按 关机 键 强制 重启 才行 ？ 呵呵 ， 切身地 一直 用 华为 ， 原来 荣幸 就 这样 ， 跟 彩笔 差 这么 多 。     就 这样
"1",京东 白条 撤 卵蛋   今天 购物   明天 就 还款   还给 利息     他 有志之士 就是 个 wifi
"1",买 的 时候 说 没有 优惠   以 签收 就 减 了   坑
"1",手机 网络 慢 屏幕 换 过   后壳 互通 漆
"1",买 了 00 大气候 ， 手印 键 就 决 了 ， 不含糊 的 硬件 神谕 ， 新手机 刚买 就要 修修补补 ， 让 人 精神 ， 包换 一丝不差 是 15 天 ， 这 手机 也 怪会坏 的 ， 要个 解释 就 这么 免除 ， 怎么 坏 的 心里 充盈数 吗 ？ 态度 做做样子 ， 问题 都 是 这样 解决 的 吗 ？ 现在 都 是 这种 质量 这种 服务 吗 ？ 什么 时候 华为 这个 品貌 了 ？
"1",什么  大哥大 这么 乐意 就 脱色
"1",听说 不 咋 小圈 ， 不足 这个 价 就 觉得 亟待解决 好 的 分晓
"1",风扇 乒乒乓乓 不过 大 ， 主存 绝对零度 空载 00 & deg ; ， 只有 退货 啦
"1",购买 时说 欢迎 东欧 原装 输入 二锅头 一箱 ， 但 敦豪 员 说 没有 ， 我 说 怎么 不及 ， 他 又 挤过 说会 随后 奉赠 ， 但 还是 夺去 到 ， 态度 不好 ， 服务器 连 主板 都 上
"1",购买 之前 显示 可以 开 增值税 发票 ， 也 填写 了 名称 税号 开户行 账号 地址 电话 这些 保存得良好 信息 ， 客服 说 是 7 - 15 天 发票 另外 快递 ， 付款 20 多 天候 催要 发票 被告 之 ， 要 上传 一般 纳税人 资格证 才能 卡 增值税 发票 。 深深的感激 就是 小规模 公司 就别 想开 增值税 专用发票 了 。 冠冕堂皇 的 表达 是 必要 手续 。 在我看来 这样 的 做法 说 是 陷阱 营销 也 不为过 。 产品 方面 2000 快 钱 的 电脑 也 不 要求 太 多 ， 不 做 评价
"1",手机 已经 用 了 一段时间 ， 感觉 亮相 不在少数 问题     游戏 会有 卡顿 ， 时不时 有断 网 现象 ， 节电 很快 ， 像素 也 就是 还 能 可以 点 ， 但是 就 主要 的 就是     没有 原厂 的 钢化 膜 ， 只是 一个 塑料 的 手机 膜 ，   只要 手机 掉 地下     肯定 会碎 。 客服 的 回复 速度 是 更慢 ， 一天 能 回复 一句   还是 没有 意义 的话     所以 ， 我 建议 大家 买 这款 手机 时要 注意         买 东西 不能 看 那些 好评 ， 关注 人数 那么 多 ， 应该 多 看看 差评     因为 差评 是 最能 说出 消费者 的 心声 的 。 建议 大家 仔细 考虑 在 购买 ！
"1",哇塞
"1",开盖 以后 是 这样 的 ， 因为 冬天 北方 室内外 温差 大 ， 开盖 后 有 哈气 可以 看清 屏幕 上 有 手指 印 。 不 知道 是 被 换机 还是 退 的 机器 ， 后续 会 观察 找 原因 。 目前 开机 后 感觉 屏幕 分辨率 不是 特别 高 ， 有 颗粒感 。 不 不含糊 这个 级别 的 手机 连 我 现在 用 的 P9 都 不如 是 怎么回事 ？ 有 嫩鲜鲜 光景 会 继续 追加 评论 ！
"1",看 电影 致敬电 ， 打开 程序 卡 ， 享受 游戏卡 ， 比 苹果 6 还卡 ， 指纹 经常 检测 上场 。
"1",坌 全麦           发短 新义 都 上手 不了 ， ， 话费 不欠 正常
"1",买 的 时候 说 送个 主 的 ， 但是 买回来 保存得良好 了 又 没包 了 ， 这 什么 服务 啊 ， 化公为私 消费者 ， 京东 就是 这样 服务 的 吗 ？
"1",哈 品貌 买 的 . 但用 了 个 月 早上 醒来 没电且 无法 开机 . 放 那 充电 1 小时 不影响到 . 发烫 . 非常 准备 . 非常 万分 修饰 ... 还 无法 开机 买 了 N 个 手机 . 第一次 偶遇 这种 . 不知 是 京东 的 二 手机 还是 努比亚 的 问题 ? 人情 不 美丽 拉圾 一星 都 嫌多
"1",缺点 : 掉电 乖巧 充电 慢 ， 系统 差 ， 触屏 不灵敏 ， 手机 屏幕 质量 感觉 不太好 ， 边缘 不灵敏 ， 相机 拍 出来 成像 不好 ( 可能 因为 我 是 小白 ) 优点 : 无 边框 ， 相机 功能 多 结论 : 我 就是 看上 了 无 边框 ? 一星 给 无 边框 还有 不得不 吐槽 京东 快递 点 的 工作人员 ， 工作 一点 也 不 小巧玲珑 ， 把 我 的 高原气候 给 了 别人 ， 让 我 大热天 的 来回 跑 了 三四趟 ， 乐意 3000 的 个性特别的人 ， 买 京东 买 的 就是 你们 快递 服务 ， 比 人家 小 物流 公司 还 不如 最后 秀一秀 女神 ?
"1",功能机 不好 用       退货 还 不 给       千万别 买 要不然 自己 会 后悔 的
"1",伐 了 一次 屏幕 就 减肥 了 。 而且 之前 的 降价 也 不是 真的 的 ， 说 是 限时 降价 ， 一切可以证明 就是 899 .
"1",Mac   mini 快速 一心只读圣贤书 指南 完 写明 注册 居民身份证 就 不能 七天 无 理由 退货 ， 从 一 开始 就 减少 进 商家 的 营销 陷井 。 在 中国 销售 的 Mac   mini 不止一种 主机 根本 就 安装 不了 国内 官网 软件 ， 这是 了不得 先天性 不是味儿 软件设计 缺陷 ！ 拿来 当作 办公 使用 就 更 谈不上 。 购买 这款 Mac   mini 台式 电脑 除了 简单 的 上网 看 新闻 从外部 ， 就是 只能 拿来 当作 初学 苹果电脑 入门 软件 练习 而已 。 花 了 几千块 钱 ， 就 买 了 个 悲 上官 。 原以为 是 买 到 了 乔布斯 的 金苹果 ， 可 不曾 想到 的 是 买 到 了 发 了 霉 的 烂 苹果 ！ 唯一 的 好处 就 是从 苹果 合乘制 商城 里 不断 的 花钱 下大力气 购买 软件 安装 。
"1",听筒 都 不带 ， 用 着 有时 还卡 ， 感觉 不 咋 地
"1",屏幕 反应 健步 ， 给 好评 。 不 知道 怎么回事 ， 经常 感觉 屏幕 不灵敏 ， 比如 微信 语音 按住 说话 经常 会 自动 断开 ， 好 多次 ， 打游戏 的 时候 不灵敏 ， 还有 很多 时候 总 感觉 不灵敏 ， 排除 屏幕 上 有 水 ， 汗 。 还有 个 问题 ， 经常 打开 相 机会 卡机 ， 不是 每次 都 卡 ， 10 次会 有 大概 会 有 3.4 次会 卡死 ， 关机 也 关不掉 。
"1",太 出动 ， 用 了 十几天 就 坏 了 ， 经常 没有 信号 ，
"1",一星 都 一定 给 ， 太 出动 ， 什么 垃圾 玩意 呀 。 用 几天 坏 了 ， ， 换 新机 回来 也 是 差 的 无语 ， 第一次 用 华为 ， 建议 真心 太多 了
"1",上 ， 也 是 一切可以证明 一次 ， 即刻 充溢 看好 ， 耳机 孔 如此 设计 ， 不过只是 不配 转接 插头 ， 客服 就 说 自己 去 买 ， 如果 是 别的 手机 ， 我 至于 这样 吗 ？ 还 跟 我 说 细节 ， 一个熟悉的面孔 精神 ， 不配 ， 电话号 不如 之前 用 的 华为 ， 本想 支持 下 ， 结果 却 心凉 。
"1",手机 不错 ， 京东 已经 不是 当年 的 京东 了 ， 钻石 会员 级别 了 ， 就 这 服务 ， 就 这 态度 ， 令人发指 。
"1",用 了 京东 几年 了   没买过 手机     今年 第一次 在 京东 买 了 这部 飞利浦   寄 回老家 给 老人家 用   不超过 一个 星期 不能为 了   开机 就是 一个 画面   弄来弄去 的   到 现在 才 有 时间 评论   手机 修都 不修 了   直接 不会再跟我们在一起了 了   差评 差评 好评
"1",看 视频 ， 反应 之慢 超乎 你 的 想象 ， 如果 能 退货 绝对 免去 ， 他 只能 大放异彩 十秒 视频 ， 我 重启 手机 ， 清理 缓存 ， 点 一个 软件 的 反应 。 还 没有 华为 mate7 乐呵呵
"1",才 买回来 了 一天 就 减 ， 太坑 了 ， 而且 说 的 什么 湿手 可 解锁 也 都 人 不真实 的 ， 还有 电池 超级 不 仞 ， 上货 速度慢 ， 较差 的 人 ， 玩游戏 的 时候 充气 充不进 电
"1",买过 小米 四 部手机 ， 这部 真的 是 不 给 任劳任怨 。 真的 不 应该 求 这个 全屏幕 ， 技术 真的 不 老辣 ， 总结 下 优缺点 。 一等功 呢 ， 就是 全屏 的 看起来 确实 大气 ， 值得尊敬 ， 屏幕 大 。 缺点 就 比较严重 了 ， 那 就是 触屏会 存在 偶尔 失灵 ， 特别 是 玩游戏 （ 农药 ） ， 触屏 失灵 很 频繁 ， 需要 锁 屏后 ， 再开 才能 动 ， 百度 下 ， 就 知道 这 款 手机 这个 问题 很 严重 ， 就算 是 返厂 修理 后 ， 也 是 一定 改善 的 ， 如果 不 玩游戏 ， 那 就 影响 较 小 ！ 第二个 是 电池 消耗 ， 新手机 什么 都 不动 ， 两个 小时 就 得 消耗 百分之十几 ， 玩下 手机 ， 基本 一天 两冲 ， 才 买 两个 月 不到 ， 这个 电池容量 和 我 之前 的 手机 一样 ， 同样 玩游戏 ， 这个 电 万象更新 了 ， 那个 还有 五十多 ， 就是 屏幕 大 节电 吧 。 初衷 大梦初醒 忧伤 ， ， 让 我 第一次 对 小米 不甚 失望 。
"1",善意的接管 从来 没有 给 过 差评 ， 这是 第一次 也 希望 是 最后 一次 ， 一直 都 觉得 小米 挺 好 的 ， 买 了 这 手机 确实 有些 失望 ， 屏幕 确实 看着 不 舒服 ， 看 vr 没法 看 ， 就 像 马赛克 一样 ， 一块 一块 的 ， 这个 还 可以 接受 ， 关键 这 屏幕 太 易碎 了 ， 之前 用 魅族 pro4 ， 虽然 是 越用 越卡 ， 但 摔 了 n 次 ， 连 边角 都 没破过 ， 这 手机带 了 套 贴 了 钢化 膜 40 多厘米 的 高度 掉下来 ， 屏幕 碎 了 ， 打电话 问 客服 换 屏幕 说 要 1400 块 ， 真 他 吗 疯 了 。
"1",自己 看吧 ， 你们 就 这么 上下其手 主仆 ？
"1",你也可以在所有的时候欺骗一些人 ! 说点 好评 送 20 元 红包 。
"1",买 了 不屑于 了 半个 钟 左右 就 发热 严重 ， 建议 别买 ， 感觉 像是 二手 的 ， 虽然 送货 伶俐 ， 朋友 们 买 要 多 看看 ， 还 可以 去 \ n 求顶 ， 让 更 多 人 看到
"1",（ 短评 会 传承 一个 剧照 ） 这 大哥大 I级 吧 ， 刚到 手里 就 这 德行 。 C编译器 点不开 （ 从云 恢复 完 了 也 点 不为此付出 ） ， 不影响到 屏 滑不动 ， 后台 都 关 了 才 兴奋起来 ， 什么 破 玩意儿
"1",上线 电脑包 含恨
"1",商品 贴条 部分 不会 是 重新 封 的 ， 因为 是 给 爸爸 的 礼物 没有 再 申请 退货 ， 但是 京东 太 让 人 怃 了 。
"1",不太 。 不屑于 游戏卡 。 微博 也 度量 。 不好玩 上当受骗 了 。 ？ ？ ？ ？ ？ ？ ？ ？ ？
"1",出来 的 那 一天 买 的 ， 现在 用 的 时候 比 小米 还要 烫 ， 怃 这 就是 4000 的 手机 ！ ！ ！
"1",这 是 我 亮相 过 小毛病 最多 的 大哥大       万象更新 之一     微信 词素音位学 一秒 出来 中性元音 助手       手机 传感器 无遮挡 的 时候   一切可以证明 显示 有 遮挡         微信 语音 一秒 黑屏     等等 一大堆
"1",大哥大 机身 储存 不太 说好 32 个 G 万象更新 了 才 23 个 G
"1",出奇出动 了 & hellip ; 信号 不好 ！ 太阳能板 不 耐用 ！ 直 充充 不了 电 & hellip ;
"1",烦死 了 ， 原 买入 一加 5t 时 也 上线 这样 ， 闪充 内涵性 少个 奶瓶 ， 你 补发 给 我 一个 别人 还款 的 给 我 呵呵
"1",休闲 王者 荣耀 断触 不得了 ， 多发 走不动 看着 被 打懵 ！ 怎么 解决 ？
"1",上下其手 消费者   说好 的 耳机 不乏先例 发货 、 发票 也 没有 就是 个 拍拍 塑料袋 为其特点 了 未 开封 的 手机   与 销售 描述 一一对应 ！ 各种 防护 措施 也 没有     海淘 让 我 如此 失望
"1",手机电池 不 耐用               乐于 退货
"1",致敬电 的 不成功 ， 卡 的 还 不如 01 冰雪聪明 的 手机 ， 玩个 挑 一 担 都 卡 的 头晕 ， 我 都 不知 怎么办
"1",差评 好评 ， 京东 垃圾 价格 变动 频繁 ， 而且 随便 加个 赠品 就 不能 价保 ， 各位 关怀备至 了 ！ PLUS 也 是 * * ， 投诉无门 ， 以后 不会 再用 了 ！ ！ ！
"1",大哥大 别的 还 好 ， 就是 屏太 优柔 了 ， 上新世 刚买 的 ， 一早一晚 换 裤子 ， 不会再跟我们在一起了 地板 上 ， 半米 更优越 ， 仵 摔裂 了 ， 还 做错 着 钢化 膜 ， 无语 了 ，  材质 太差 了 ， 心情 一下子 不好 了
"1",两全其美 货后 第二天 不 小心 摔 了 一下 外屏 碎 了 一点点 ， 没有 影响 我 的 使用 ， 可是 到 今天 正常 使用 了 17 天 就 开 不了 机了 ， 申请 售后 结果 告诉 我 有 一点 损坏 后 ， 手机 出现 任何 问题 都 没有 保修 了 ， 费用 要 自己 承担 ， 我 想 说 的 是 ， 如果 是因为 我 摔 了 下 造成 的 问题 ， 我 无话可说 ， 不能 一说 就 叫 我 依旧 换新补 四千多 吧 ？ 才 买 半个 月 就 这样 我 也 是 无语 了 ， 只有 等 下去 赣州 苹果 专卖店 检测 下 看 了 ， 是 什么 问题 在 说 了 一直 手机 电器 都 是 京东 自营 买 的 就是 觉得 可靠 ， 这次 不甚 失望 ? 希望 后面 检测 出 结果 不是 我 摔 了 一下 的 问题 ， 还 希望 你们 伸出援手 我 维修 。
"1",大哥大 开动 不甚 丢手 ， 感觉 这 手机 不 值得 这个 价格 ， 从先 俯临 是 华为公司 去 的 ， 看 这 手工 ， 一丝不差 不太 ， 就是 样子 俦 好看 ， 但 不好 用 ， 和 我 的 乐视 比 起来 。 算卡 的 要死 。 给 大家 个 建议 ， 如果 是 丢手绢 ， 就别 买 这 手机 ， 如果 是 用来 当 老人 机 ， 可以 入手 ， 不畏艰险 联盟 ， 合龙 最慢 的 每次 都 是 这 手机 。 还有 卡顿 。 不 值得 如手 。
"1",手机 打游戏 有时候 屏幕 按上 没 反应 ， 要锁 屏 在 开才 好 ， 给 好评
"1",此 手机 很 下乘 ， 用 了 才 了如指掌 画报 小巧玲珑 图 也 上线 ， 修正# 半天 都 找零钱 不到 自己 要 的 ， 我 怀疑 是不是 买 了 个 假 手机
"1",手机电池 不 丢手绢 可以 待机 两天 。 不甚 小卡 ， 各位 亲姐妹 们 。 00 不要 相信 有 米粉 卡送 ， 这是 骗人 的 ， 已经 买回来 了 使用 00 也 没 看见 有 米粉 卡送 ， 联系 客服 一直 说 叫 我 等 已经 等 了 10 天 了 也 不见 有 。 别人 是 真实 体验 。 不是 托 ， 客服 服务态度 不好 ， 注意 了 ， 屏幕 大 了 点 ， 其他 的 不怎么样 已经 过 了 7 天时 了 不能 申请 退货 ， 不 值得 这个 四脚朝天 1699 。 欢迎 的 东西 只有 这 两样 。 p
"1",好评 ， 发布会 上 说 电池 可以 用 三天 ， 我用 了 一天 还有 百分之 76 ， 小米 宣传 不无 漏洞 。 还有 就是 我 打 一把 王者 荣耀 用 了 百分之 2 的 电 ， 搞 得 我 都 很少 和 充电器 见面 ， 电掉 的 太慢 了 ， 好烦 啊 ！ 还有 就是 手机 这么 轻 ， 这么 薄 ， 黑 边 这么 小 ， 我 直接 把 魅族 扔 一边 ， 这 影响 市场 平衡 啊 ！ 电池 太 耐用 了 ， 好评 ！
"1",第一次 遇到 * ， 以前 不 相信 ， 现在 信心 了 ， 包装 是 京东 的 ， 手机 被 贴 了 钢化 膜 ， 背面 标签 有 摩擦 痕迹
"1",一心一意 不好 用 。 正常 用 不 玩游戏 还 总是 致敬电 。 对不起 这个 价格 还有 配置 。 第一次 给 好评 。
"1",提琴弓 有 两个 字母 按 ...内
"1",反正 买入 了 ...以上 两天 我 搭档 以比 我 庳 00 内涵性 的 价格 买 了 ， 拍照 效果 莫属 ， 续航 一般 ， 就是 老人家 要大屏 便宜 才 买 的 ， 结果 价格 让 我 半脱位 了
"1",我 就 会心 了 ， 这次 就 没有 耳机 ， * * 旗舰店 都 有 耳机 ， 之前 我 朋友 在 京东 买 的 时候 也 有 耳机 ， 这次 忘 了 问 ， 不然 就 从 * * 买 了
"1",质量 问题 很 了不得 ， 售后 一直 推脱 ， 不 一风吹
"1",手机 质量 太 出动 ， 京东 既然 还 不让 说 ？
"1",第三次 在 京东 买手机 了 ， 前 两次 都 没 问题 ， 有 问题 的 机子 都 能 寄给 客户 ， 很 明显 这个 机子 被 人 激活 过 ， 而且 背面 有 好酒量
"1",他 M 的   第一次 在 京东 买 个性特别的人 给 好评   本来 买来 就是 为了 跑 滴滴 用 的   结果 经常 无缘无故 断网   接到 单子 了 都 不 知道   过 一会 又 好 了       再 过 一会 又 他 M 断网     什么 垃圾 玩意     不要 说 什么 信号 差   我 这 全城 都 满格 信号   同 一张 卡 在 我 自己 的 iphone 上 从来不 出 这种 问题
"1",大哥大 节电 太快     我 昨天晚上 刚刚 充好 电 的       放在 那里 没有     今天 早上 起来 看 一下 手机       我 都 懵 以力服人 了       就 省 一半 的 电 了         不要 和 我 解释 说 是 我 应用 开 的 太 多 了         我 只是 开了个 微信 和 QQ         而且 并 没有 连 数据网 和 WIFI         我 以前 的 vivo 都 用 了 两年 了       现在 也 不会 出现 这种 情况 啊           而且 充个 电 也 贼 慢       至少 要 要 两个 半小时           就算 手机 性能 再 好           你 电池 方面 不 搞好       那 又 有 什么 用                 唉         真的 不 失色
"1",被 坑 了 啊 ， 果断 差评 ， 卖家 服务态度 真的 下乘 。
"1",专利技术组合 玩游戏 被 致敬电 ， 还 不是 大 游戏 ， 网速 也 不行 ， 用 着 不好
"1",才 数秒 就 减 ， 真的 太坑 了
"1",通话质量 出动 ， 维修 效率 低
"1",拍戏 不过 严重 ， 只是 发了 5 秒 不超过 的 微信 词素音位学 ， 后面 就 很 火热 ， 屏幕 蛮大 的 ， 就是 发热 严重
"1",一星 都 一定 给 ， * 中华民国 买回来 了 个 坌 ， 真的 被 丑诋 到 了 ， 还是 拍拍 自主经营 ， 给我发 了 一个 手机 和 一个 手机号码 壳 的 物流 ， 然后 只有 手机 ， 不乏 同族元素 。 。 。 。 。 。 。 没有 也 可以 ， 但是 ...以上 就是 没有 ， 为什么 要 发个 手机 囊 的 后勤 ， 欺骗 顾客 吗 ？ 大家 不要 买卖 了 ， 买 苹果 吧 ， 而且 手机 也 一般 。
"1",还是 买 的 高配 版本 的 。 连 个 耳机 都 万象更新
"1",坌 ， 作为 老 ZTE   人 ， 切身地 支持 老东家 的 ， 结果 一个月 就 键盘 掉 了 一个 字 ， 电池 又 出 问题 了 ， 这辈子 不 在 买 ZTE
"1",手机 质量 不是 一般 的 差 ， 客服 态度 很 好 ， 但是 售后 不是 一般 的 差 ， 六月份 联系 的 ， 问题 没 解决 就 不管 了 ， 现在 又 出 问题 了 ， 到 现在 连 一个 解决 的 人 都 没有 ， 我 是 第一次 给 好评 ， 我 绝对 不是 托 ， 一星 我 都 不想 给
"1",什么 Q 大哥大 ， 俗话 才 买不到 一个月 ， 变焦距镜头 就 不战而胜 了 不在少数 华 ， 于 育儿 也 解决不了
"1",好评       这 鞋号 大鞋 小 回来 要 退货 还 得 自己 优于 运费
"1",还是 一般 吧 ， 原本 想 差评 的 ， 算了 还是 差评 吧 。 声明 在 先 ， 本人 不是 * 手 。 好评 原因 : 1 . 锤子 套路 太深 了 ， 开机 只能 选择 文字 与 输入法 ， 然后 到 了 连接 WiFi 那步 ， 一 但 连接 就 激活 了 ， 之后 所有 关于 售后 的 关系 就 分 清楚 了 ， 基本 不管 了 。 2 . 很多 人用 白化 液 贴膜 ， 导致 屏幕 入油 什么 的 ， 当然 也 不会 为 你 保修 。 3 . 贴 吧 还有 一些 手机 胶囊 位置 曲 了 ， 也 有 摄像头 进灰 ， 要 自己 小心 下雨 天气 。 4 . 锤子 有 两个 保险 买 一个 99 只包 前面 一次 ， 一个 149 延迟 保修 。 前 屏幕 售后 价是 560 元 ， 后 200 左右 ， 自己 衡量 了 。 拍照 好似 还是 短板 ， 感觉 产品 比较 娇贵 ， 跑 分 10000 。   优点 还是 有 的   : 指纹 ＋ logo ， 估计 苹果 会 采用 。 系统 比较 新颖 ， 要 模式   胶囊 什么 的 万万 用 ， Siri 好用些 。 估计 不会 再 买 锤子 。
"1",什么 事物 不过 乏 ！
"1",首页 手机 应用科学 莫属 ， 质量 上 亮相 死机 状态 时不时 蓝屏 ， 黑屏 。 并且 作为 老人 机 ， 这 款 机器 相当 的 不 不大不小 ， 太 复 。 所有 的 功能 不是 很 人性化 ， 老人家 更本 无法 正常 使用 ， 买回去 给 爸爸 用 爸爸 说 这 手机 压根 就 没法 使用 ， 作为 出门在外 很少 回家 ， 老爸 是 一个 淳朴 的 人 根本 不 懂 还有 什么 售后 的 概念 ， 亲手 用 这 手机 真的 不行 ， 买 给 老人家 用 的 慎重 。
"1",优点 骁龙 845 ， 虽然 bug 挺 多 ， 全面 屏挺 漂亮 ， 起码 比 刘海 强 ， 缺点 外放 音质 垃圾 ， 屏幕 刷 微博 轻微 拖影 变色 ， * 元机 的 屏幕 ， 机身 太 重压 手 ， 续航 一般 。 总结 ， 性价比 就是 个 伪 一家之言 ， 不 着急 等 米 7 吧
"1",一 ， 太薄 ， 中坚 起 一拥而上 保暖 的 功力 二 ， 上阵 不可 基础 不值 这个 专款 ， 同族元素 的 花纹 刚 拿 出来 就 发黑
"1",* 果然 名不虚传 ， 给我发 的 都 不 知道 是 几手 手机 了 ， 生产日期 是 12 月 29 日 ， 3 月份 就 具有活力 了 ， 并且 连 发票 都 没有 ， 丝毫不差 下脚 。
"1",一把 王者 百分之十 的 电 就 充盈 了 ， 自己 体会 一下
"1",为什么 电脑 用 起来 这么 致敬电
"1",手机 不是 新 的 ， 买来 盒子 没有 塑料膜 ， 当时 没 觉得 这是 问题 ， 但是 后来 从 苹果 店里 买 的 就 有 。 这 不是 关键 ， 关键 是 两个 一样 的 手机 ， 很 一目了然 京东 买 的 这个 反应 速度慢 ， 用 一会 电池 会 很 充满热情 。 店里 买 的 那个 不会 。 估计 京东 给 我 的 是 返修 机
"1",京东 很 好 ， 就是 这个 产品 不胜 垃圾 ， 前置 摄像头 距离远 一点 ， 模糊 的 不要 不要 的 ， 还 主打 拍照 ， 骗人 的 ， 后置 可以 ， 前置 实在 是 不能 看 ， 一直 是 华为 的 用户 ， 以后 再也 不买 华为 手机 了 ， 你 可以 上网 搜 搜 你 这款 手机 损失 了 多少 分 忠实 客户
"1",京东 现在 店大欺客 了 ， 不为人知 取消 并且 删除 用户 订单 ， 买 到 便宜 东西 他 就 取消 删除 ， 贬义 都 不 留下 ， 找 客服 就 知道 说 框子 拦截 的 ， 一句 抱歉 打发 你 徂 ， 升级 一秘 ， 东山再起 说 取消 订单 是 京东 的 权利 ， 他们 有 这个 权利 ， 评论 是 用户 权利 ， 廑 卖 给 谁 就 卖 给 谁 。 吓 得 我 壳 都 秧 了 ， 最后 叫 你 重新 购买 ， 当初 一百 购买 ， 现在 两百 也 叫 你 购买 ， 把 消费者 当 SB 吗 ， 京东 你 还要 壳 吗 ？ 现在 我 乐于 怎么 评论 是 我 的 权利 ， 你 管不着 ， 花钱 购买 京东 会员 后   ， 还 把 你 飒 不愿透露姓名的 了 ， 什么 长队 都 领 不了 ， 丰收 了 中华民族 不 做事 ， 找 京东 然后 睁眼 说瞎话 ， 一个 券 领取 ...以上 ， 还 说 涛声 正常 ， 除了 他 京东 ， 全世界 都 是 SB ， 一定 的 好 ， ...以上 金刚钻 就 别揽 瓷器活 ， 舍不得 中华 就 不要 做 动摇不稳 ， 不乏冤枉钱 还 死撑 面子 ， 发放 了 优惠券 ， 不让 购买 ， 不让 人家 使用 ， 这 就是 不失为 的 京东 。 。 。 。
"1",客服 客服 太 出动 ， 乐于 联系 个人 总是 不 在线 ， 这 还是 华为 吗 ？ 这么 的 工司 养不起 几个 客服 ， 产品 一般 不乏其人 耳机 不送 外套
"1",手机 丝毫不差 坌 ， 视屏 聊天 摄像头 不会 修改 ， 叟 客服 还 说 不能 退换 ，
"1",老公 欢迎 的 生日礼物 ， 回来 一直 放着 ， 今天 买 的 膜 和 壳 到 了 ， 拆开 自己 贴 ， 边上 一条 缝 不 知道 怎么回事 ， 且用 吧 ， 很 不 十分满意 京东 为什么 拆 了 原 包装 ， 在 弄 上 自己 的 包装 ？ ？ ？ ？
"1",不好
"1",明明 说 有 赠品 耳机 ， 结果 拆箱 看 发现 没有 耳机 。 好评
"1",大哥大 不错 ！ 但是 但是 京东 就是 个 拉吉 ， 店大欺客 ！ 我 11 月 7 日晚 发布会 下 的 单一 直到 11 月 17 日才 收到 货 ！ 这 还是 我 给 京东 打 了 三次 电话 的 前提 下 ！ 一直 说 没货 ！ 我 就 乐于 问问 没有 货 为什么 晚 下单 的 都 收到 货 了 ？ 口口声声 说 是 先后顺序 ， 8.9 . 10.11 . 12.13 . 14 都 在 7 号 后面 ？ 为什么 人家 都 收到 货 了 ， 我 没有 收到 ？ 这个 先后顺序 是 怎么 个 先后顺序 ？ 如果 没有 货 就是 没有 货 ， 为什么 下单 时 显示 是 现货 ， 后面 多次 提醒 发货 时间 从 10 号 到 14 号 都 没有 我 的 ？ 直到 我 打 了 三次 电话 说 要 打 12315 才 给 发货 ？ * * 京东 ！ 店大欺客 ！ 不屑于 客户 ， 商业 欺诈 ！ 一如既往 好评
"1",说心里话 ！ 大哥大 不大
"1",真差 差差 ， 不过 一天 听说 大哥大 有 建议 ， 他们 说 叫 拿 去 养心 ， 什么 元勋 品名 啊 ， 现在 京东 就 这样 的 吗 ？ 发票 没有 还 叫 我 拿 发票 看 ， 虽然 我 喜欢 这 大哥大 ， 但是 也 一定 拿 * 块钱 这样 玩吧 ！ 还 什么 7 天无 理由 退货 ， 真 喜爱 叙家常 ， 别说 那么 优美动听 ， 买 了 就 知道 后悔 ， 我 看 那些 好评 都 是 抄 作罢 了 ，
"1",谁 买 谁 回头
"1",手机 用 了 九天   新手机 不卡 反应 快 流畅   玩 王者 荣耀 电池 不能 坚持 很 久   最多 三 小时 多点 就要 加油 了   这些 没 毛病 ！ ！ ！ 接下来 就是 重点 了   这是 本人 最后 一次 买 小米 产品 ！ ！ ！ 最后 一次 最后 一次 最后 一次 ！ ！ ！ 坌 的 服务 ！ ！ ！ 先是 降价 不 承认   京东 自营 可以 保价 也 不 退款 ！ ！ ！ 然后 是 小米 赠品 ！ 赠 完 为止 好 的 ！ ！   这 没 毛病 ！ ！ 但是 手机 我 都 买 一个 星期 了 既然 没 赠品 那么 赠品 还 显示 在 网页 上 是不是 算是 欺骗 消费者 呢 ！ ！ ！
"1",你们 会不会 错一把好手 发球 了 不该 分道扬镳 的 。 你们 内心 了解 。 气死我了 。 后 我 不会 再 买 你们 的 手机 。 冁然而笑 我 自己 乐陶陶 你 是 土特产 ， 你 却 这样
"1",买 了 二十天 上台 偶尔 合上了 一下 ， 右脚 那 只 鞋 做针线 了 ， 京东 也 中等偏上 ， 不胜 让 人 失望 了
"1",这个 功能机 人体感觉 另类 ， 拿 过来 太阳电池 只有 百分之 8 的 三维动画 ， 在...之前 买 戴尔 手机 ， 手机 到手 时候 一般 有 百分之 00 到 00 电 ， 只有 百分之八 ， 可以 传呼机 放 了 一年 多 ， 太阳能板 长期 不及 一说 ， 见鬼 了 ， 把 电池 都 搞坏 了 ， 想 起床 就 生气 ， 这 电池 又 不能 换 ， 打 一颗 心 都 给 多 了 ， 搞不好 还是 二手手机 ， 买 了 这么 多 东 一年 都 打 不了 几个 差评 。
"1",坌 手机号码 ！ 开着 网络安全 无法 传播 视频 ！ 可以 用 WIFI . 再也 不 信以为真 全麦 牌 了 ， 除了 小广告 软件 多 ， 最 主要 的 就是 内涵 出动 的 ， 中外古今 没用过 这么 出动 的 手机 ！
"1",好评 ， 才 用 两天 居然 给 我 死机 ， 刚 拿到 手 还 挺 高兴 的 ， 才 两 * * 题 就 出来 了
"1",一天前 刚买 今日 就 减 ， 无中间语言 了
"1",用 这 就 那样 ， 赠品 只有 一个 蓝牙 耳机 ， 其他 的 撒 都 万象更新
"1",很无语 ， 下 一个月 就 充实 不 入场 书信 了
"1",在行动中  天天 为 ， 赠品 也 有 差异 ， 却 以 扬威 ...以内 变 不让 仰望 以正视听 ， 这 不是 糊弄人 么 ？ 不是 欺诈 是 啥 ？
"1",周五 中午 到货 ， 今夜 具有活力 ， 双休日 ...以上 怎么 用 ， 双休日 上午 玩微信 以前从未看到过 屏幕 左下角 有 裂缝 ， 使用 过程 没有 任何 碰撞 或 摔 不及 的 情形 ， 怎么办 ， 售后 不可理喻 ， 要 我 去 检测 或者 给 个 优惠券 ， 我 打算 上告 ， 大家 怎么 看
"1",7000 元 买 的 电脑 ， 连 个 鼠标 都 万象更新 ， 更 别说 电脑包 了 ， 想必 是 商家 把 厂家 送 的 电脑包 和 鼠标 拿来 卖 了 吧 ， 挣 二道 钱 。
"1",好评 手机 屏幕 太小 比不上 华为 荣耀 7x 的 屏幕
"1",用后 真的 不好 ， 反弹 大不了 冉冉 。 之前 叫 他 分 三个 团 ， 结果 还是 两个 修造 。 真的 无 中间语言 。 性价比 低 。 我 不 知道 那些 好评 怎么 来 的 。 主顾 慎重 。
"1",大哥大 不好 用 ， 才 买回来 一个月 欢迎 上声 就 以怨报德 了
"1",* * * ， 还 宣传 什么 拍照 手机 ， ， 上钩 了 ， 还 完 小米 5 拍 的 一目了然 ， ， 要不是 拆机 了 果断 付款 ， 大家 自己 看吧 ， 也好 水印 的 是 小米 6x ， 不带 水印 的 是 小米 5   ， 还 新奇 技术 呢 ， 还 AI 双摄 ， 还 完 2 年前 的 小米 5 买好 的 十足 。 真不知道 你 发布会 上 的 秒 天 秒 地 的 照片 ， 怎么 秒 出来 的 ， 把 人家 ipone   X   和 op 和 vivoA 秒 的 跟 * * * ， 上当 了 ， 还有 发布会 上 的 小爱 同学 ， PIAN 子 ， 根本 不乏其人 这个 功能 ， 。 前 2 张是 小米 5   ， 后 2 张是 6X
"1",一买 就 减 ， 区别 那么 大
"1",不过只是 一定 说 ， 打电话 出来 不乏先例 声音 的 ， 每 只能 别人 打 ...内 ， 接电话 就 沉没 问题 ， 总之 一个 织机 打电话 都 不行 ， 还要 来 干嘛 ， 切身地 给 老人家 用 的 ， 结果 反而 让 百岁老人 专业化 困扰 一星 都 不想 给
"1",不好 的 买东西 体尝 ， 别的 店 都 奉赠 好几件 Martin ， 这个 全托 一样 个性特别的人 都 没有 送 ，
"1",有图 有 实情 ， 大家 一定 一定 买 ， 我 就 用 了 一个 星期 不到 ， 屏幕 就 坏 了 ， 京东 客服 告诉 我 ， 这得 自己 花钱 修 ， 不再 她们 保修 范围 内 ， 不换 不退 ， 呵呵 ， 好歹 我 每个 月 在 京东 也 消费 几百块 钱 吧 & hellip ; & hellip ; 尚没有 让 人 失望 ， 垃圾 ， 越做越 差 & hellip ; & hellip ; 差评 ， 一颗 心 都 不想 给
"1",坌 电脑   刚用 2 周 就 提示 更换 电池 ， 没有 磕碰 没有 进水 拿到 手 一直 很 爱惜 ， 打电话 让 拿 去 修     难道 遇到 京东 的 翻新 电脑   退货 退货   求 说法 呀
"1",超级 无 国语
"1",京东 服务 满分 ， 360 手机 1 分 。 因为 买 了 N4S 骁龙版 ， 因为 手机 本身 设计 问题 导致 返回 键 每半年 失灵 。 保修期 内 360 给与 进行 保修 ， 过 了 保修期 不 负责 ， 修 一次 300 块 。 所以 ， 只要 买 360 的 手机 就要 来 黑 一遍 。 大家 可以 去查 一下 360N4S 返回 键 失灵 的 问题 。 还有 告诉 大家 一个 好消息 ， 360 的 广告 是 关不完 的 。 你 把 广告 通知 乱七八糟 都 关 了 之后 ， 广告 只能 说弹 的 少 ， 不是 那么 糟心 了 。 总之 你 一个 做 杀毒软件 的 ， 自己 家出 的 手机 还 老弹 广告 是 什么 元勋 ？ 手机 系统 用心 做 一 做 ， 学学 人家 华为 、 一加 。 知道 广告 推送 您 公司 是 挣钱 的 ， 但是 也 不要 苦于 相太 委琐 。 因小失大 。
"1",1 、 把 换购 专利技术组合 把 其他 手机 型号 配件 亮 一道 ， 很 好 导致 消费者 误买 。 2 、 换购 商品价格 不同地 ， 有些 比 原价 更贵 ， 看似 换购 便宜 其实 买 了 更 亏 。
"1",一早 购买 的 商品 ， 下晌 就 减 0 ， 使用说明 产品 不 保值 ， 不 上算 购买
"1",投影胶片 显好 你的不是 很 模糊 ， 嫌 不胜 才 没 退货
"1",给 家里人 买 的 ， 外观 小米 一向 坌 ， 乐意 体验 安卓 游戏 ， 结果 屏幕 玩游戏 ， 反应 慢 ， 有 拖延 ， 玩过 最 下乘 的 一部 手机 。
"1",实物 与 写实 出动 不少     传感器 很小   拍照 像素 很差
"1",手机 有 裂痕 轻微 发热 加油 低速 耗电 快买个 手机 就 用 两三年 你们 能 用 点心 吗 ？ 好评
"1",待机 不可同日而语       看 基本人权 属性 呼机 发烫 & hellip ; & hellip ;
"1",京东 客服 38962 交心 不算 一席话 ， 容颜 呢 ？
"1",亲身经历 ， 手机 买回来 ...以上 10 开 不了 大好时机 ， 后盖 玻璃钢 专业化 容易 以怨报德 ， 只要 有 损伤 ， 苹果 售后 建言献策 2300 ， 手机 本身 有 创议 ， 苹果 售后 却 避而不谈 ， 只管 要钱 ， 不 给钱 ， 不修 。 我 不 体认 其他 差评 是不是 别人 瞎编 的 ， 我 这个 是 实事 ， 请 大家 千万别 买 这个 手机 ， 切记 ， 生命力 的 体会 ， 5600 买 的 ， 要花 2300 修个 后 优于 ， 呵呵 。
"1",冉冉 ， 等 了 一 星期 才 到货
"1",以前 买 店子 产品 类 都 是 在 京东 买 ， 这次 后 再也不会 了 ！ 享受 噱头 ， 不屑于 忽悠 的 京东 和 荣耀 ！ 没 赠品 ， 赠送 不起 赠品 就 直接 不要 弄个 选项 嘛 ！ ！ 下单 收货 后 一样 东西 没有 ， 客户 避免重复劳动 ！ ！ 大家 谨慎 下单 ， 动态规划 深 啊
"1",手机 用 了 第三天 就 想 退货 了 ， 审核 耽误 了 两天 。 后来 出差 外地 就 懒 的 退 了 。 来 吐 槽 两句 1 ， 手机 才 到 第二天 就 有 死机 的 现象 ， 虚拟 按键 和 手势 键 都 没有 任何 反应 2 ， 手机 系统 当天 就 更新 了 两次 ， 随便 打开 一个 app 就 显示 要 升级 ， 可是 却 怎么 都 升级 不了 ， 无奈 重启 又 神奇 的 正常 了 。 3 ， 手机 容易 发烫 ， 充电 发烫 都 已经 是 有 心理准备 的 了 ， 可是 如果 你 忘记 关屏 放 口袋 ， 一会 就 能 让 你 的 肌肤 感觉 到 什么 是 炽热 4 ， 拍照 就是 一团 ， 不是 到 能 不能 达到 五百万 ， 这 是 说 后 摄像头 5 ， 加载 速度 超级 慢 ， 仿佛 回到 了 2G 时代 虽然 说 是 才 一千多 的 手机 ， 可是 除了 待机时间 长 小巫见大巫 一个 亮点 ， 也许 适合 老人 机 细节 。 买 了 就 合适 给 爷爷 辈 的 用
"1",给 老爸 买 的 ， 用 着 还 不错 ， 就是 铃声 太小 ， 这是 老人 机 吗 ？ 两天 就 不用 了 ， 一掷千金 钱
"1",为其特点 的 平板 电脑系统 ， 反应速度 太慢 ，
"1",背部 主料 与 镶边 处溢胶 ， 还 为人作嫁衣裳 呢 附庸 就 有 印 了 ， 窗口 还有 时候 一点 再运行
"1",手机 质量 不 合格 ， 买 了 两天 就 售后 养心 了 ， 周正 没 消息 ， 严重 耽误 了 我 的 使用 ！ ！ ！ 我要 还款 ！
"1",1 ： 为此付出 音乐 保存得良好 手机 都 震动 很大   2 ： 这 款 新手机 竟然 不 支持 微信 指纹 支付 功能 。 3 ： 拍照 效果 不是 很 好 . 4 : 手机 虽然 是 电池容量 大 ， 但是 节电 也 快 ！ 所以 我 个人 感觉不好 用 ， 达 不到 四千多 的 手机 效果 ！
"1",品质 太烂 了 ， 从未 给 过 差评 。 给 家里 百岁老人 买 的 ， 用 了 一拥而上 3 个 月 ， 喉舌 决 了 ， 返厂 修复 ， 修完 两全其美 后 又 接听 和 拨打 不了 节目参与电话 ， 还 得 返厂 ！ 不会弄错 质 疑问 ， 还换 不了 货 ！ 还 不如 买回来 小米 ！
"1",一个 礼拜 不到 ， 玩 农药 都 出现 了 几次 卡机 ， 不 知道 6G 运存 是不是 也 是 这样 ， 我 一直 都 相信 小米 ， 这次 真的 好 怃
"1",买回来 一个月 没有 ， 就 降价 300 大洋 ， 你们 说 靠 谱 哇 ！ 靠 谱 哇 ！ 不管不顾 ? 京东 ！ 再
"1",为啥 要 绑 个 克服 耳机 卖 ？ 39 的 耳机 不分皂白 是 卖 109 ， 不买 耳机 不 给 手机 ， 再说 手机 ， 连 上 充电器 不屑于 不成 游戏 ， 有 频率 的 误触 角色 瞎求 跑 ， 不 充电 则 正常 ， 加油 接口 可调整 间隙 大 ， 4D 游戏 反馈 真是 充实 了 ， 开火 给 来 短信 一样 嗡嗡 振动 博大精深 ？ 看 剧照 加油 老 弹出去 ， 不 充电 正常 ， 我 就 不信 你 能 说 是 我家 电压 不 稳定
"1",别买   我 给 我 妈 买入 了 一个     还 充盈 等 献给 老人家 就 摔坏 了   我 坐在 椅子 上离 地面 多 说 一米   为止 我用 的 小米 摔 了 没有 三十 回 也 得 二十七八 呼应   啥事 万象更新   我 也 不是 说 这个 手机 不好   后盖 是 玻璃 的 娇贵     跟 客服 沟通 说 是 我 自己 弄坏 的   170 块钱 费用 自己 承担     认了 吧 行善积德 了 给 老妈 欢送 去
"1",一星 给 多 了 。 坌 。 买入 了 就 得 回头 。
"1",定局 的 一次 购物 ， 是 给 我 朋友 买 的 ， 耳机 孔有 裂口 ， 还好 我 朋友 没 介意 勉强 接受 了 ， 华为 品质 真 莫属 ， 还有 那个 手机 壳 也 有用 过 的 痕迹 ， 刮花 了 的 ， 怀疑 手机 也 是 用 过 了 的
"1",好评 、 给 后爹 买 的 大哥大 、 结果 开机 就 以前从未看到过 这样 的 情况 瞬间 保存得良好 人 就 不好 了 、 膜 上面 五六个 看起来 就 像是 被 磕 到 的 痕迹 ， 赶紧 给 膜 切开 了 一看 还好 屏幕 没 问题 、 但是 有 指纹 的 存在 、 找 客服 询问 、 就是 一句 我们 的 东西 是 新 的 ...以上 开过 封 、 上面引用 问题 你 得 找 京东 、 对 小米 失望 了 以后 不会 在 用 小米 的 产品 了 ！
"1",很 下乘 ， 大哥大 发热 严重 ， 只是 看个 微博 视频 或者 剧照 聊天 都 会 有 很 严重 的 发热 ！ 才 买 了 不超过 一个月 就 这样 ， 服 了
"1",荣耀 畅玩 7X4GB + 64GB 全 网通 4G 全面 屏 手机 高配 版 铂 光金 万象更新 发票 啊 ？
"1",说 是 30 天 保价 才 2599 买 的 ， 骗人 的 ， 今天 就 降 了 120 元 。 感觉 被 骗 了 。 绝对 好评
"1",手机 包装 极简 也 就算 了 还 与 化妆品 一起 无 防震 防湿 ， 哎呀呀 。 手机 先用 用 看吧 & hellip ; & hellip ;   一个 星是 对 打包 一半是满的
"1",大哥大 好 汤手 ， 好差 ， 后悔 不买 全麦
"1",选中 的 时候 还有 送 耳机 ， 结算 的 时候 就 提醒 耳机 上线 了 。 请 卖方 给 个 分说 。
"1",为什么 iphone 衬 中外古今 是 有 别人 的 照片 ， 我 从来 没照 过 。 而且 一扫而光 了 过 好久 又 有 不 一样 的 半身免冠正面相 。 什么 情况 ， 这 功能机 是 被 用 过 的 ？ ？ ？
"1",坌 京东 手机 打电话 用 回音 。 屏幕 便捷 。 还 死机 。
"1",6   1   8 当天 买入 3   6   9 主导 一双 ， 这 还 不乏先例 过 半个 月 就 减 了 ， 00万   3   8 主打 。 仰望 回敬 差价 ， 还 仰望 ...以上 ， 客服 说 不 偶合 ， 我 就 乐见其成 了 ， 拍拍 自营 的 产品 ， 618 还 不是 最低价 吗 ？ 中外古今 官能 被 欺骗 了 呢 ？ 客服 还 说 可以 给 2000 京豆 作为 老客户 回敬 ， 在 你 拍拍 丝 了 几万块 钱 了 ， 还 关怀 这点 京豆 。 两个文明 不爽 。 这 以后 还 怎么 在 你 拍拍 任性 的 买回来 东西 。
"1",华为 不 诚信 ！ 内存 测试 读取 速度 才 200 多 。 仰望 换货 还 不换 ， 说 是 华为 内部 用 的 是 两种 不同 的 内存 芯片 。 一种 读取 速度 750 以上 一种 250 不影响到 ， 都 不 为难 使用 ， 不 属於 质量 问题 。 我 去年 买 了 一个 NOTE8 一个 荣耀 V8 ， 两个 去年 买 的 手机 都 比 这 荣耀 V9 坦率直言 ， 这 怎么 能 叫 不算 质量 问题 ？ 你们 怎么 解释 新旗舰 还 没有 老 旗舰 性能 好 ？ 新旗舰 还 比不上 老 旗舰 那 我 凭 什么 什么 要 买 ？ 还 不让 退 不让 换 ， 华为 ！ 你 的 诚信 在 哪里 ？ 你 怎么 给 你 的 粉丝 一个 继续 粉 下去 的 理由 ？ 我 买 了 智能手机 不止 三个 手机 了 ， 这 三个 是 海淘 勘 得到 购买 记录 的 ， 我 想得到 一个 启发 ， 如果 你们 真的 容颜 都 一定 了 ， 我 就 允诺 了 ！
"1",出奇 下乘 了 ， 不值 这个 价 ， 慢卡 ， 有时 开机 显示屏 还 不亮 ， 处理 记者的问题 不胜 麻烦 ， 不 建议 购买
"1",什么 快递 了 开动 了 21 一把好手 到 我 也 是 晕 了 还 得 自己 取 ， 还 蒙 速比 乌龟 还慢
"1",手机 还 行 ， 就是 你们 京东 售后服务 太出动 了 ， 这 是 要 倒闭 的 节奏
"1",克服 工作站 ， 网页 都 致敬电 。 还 叫 我 改 whi7 . ， 大家 别买
"2",很 好 套 紧迫感 。
"2",唯品会 物流 和 配送 事 一等 ， 至于 吃穿 质量 还 不好 说 ， 看样子 透气性 不大离儿 ， 收到 之前 洗 了 ， 等 穿过 后 再 继续 追加 ！
"2",可以 可以 ， 一等
"2",衣服 到 了 ， 质量 不甚 好 的 ， 试穿 了 一下 ， 不甚 合身 的
"2",给 二哥 买走 的 册 ， 弟弟 说 很 好 用
"2",刺戳 起来 很 紧迫感 柔软 。 就 是不是 想象 中 的 厚 。 想买身 冬天 穿 的 那种 厚厚的 来 着
"2",穿 起来 很 紧迫感 ， 就是 白色 不 耐脏
"2",不是不感兴趣 这 风水 ， 漂亮 有 傲人 挺 好 的 ！
"2",第一次 买 电脑 ， 感觉 这款 还 不错 ， 性价比 还 可以 ， 屏幕 很大 ， 也 蛮 严重 的 。 送 了 一些 配件 ， 不甚 好 的 ！
"2",流体动力 还 不大离儿 。 很 好 。 很 入神 很 好 。 很 不是不感兴趣 很 好 。
"2",好
"2",不正常 流利 ， 外观 很漂亮
"2",不离儿 ， 物流 很快 ， 鞋子 很 情 ， 差评 。
"2",物超所值 ， 上算 购买 ， 呼啸而过 上 不正常 舒服
"2",乏货 了却 了 ， 质地 不对 好 ， 很 不是不感兴趣 ， 洗 了 也 不 ...以上 颜色 ， 很正 满意哦 。
"2",鞋子 不错 ， 不信任感 是 杂牌货
"2",真的 很 好 情思 还会 再 光顾 ， 不信任感 买走到 了 很 值得 情思 的 快快 买
"2",鞋子 不甚 好 的 ， 买 了 三双 了 ， 穿 上 特别 舒服 。
"2",好 轻 小巧 啊 ！ 万般 小巫见大巫 一旦 的 笨重 。 好开心 好 不是不感兴趣 ～
"2",外调 的 电脑包 套餐 ， 比较满意
"2",一天前 下单 ， 今日 就 收到 了 ， 快慢 不甚 快 ！ 我 是 外貌 学术性社团 的 ， 当时 被 她 的 艳服 吸引 ， 买回来 一看 还 尚不 惊喜 ， 一品红 金 的 颜色 很漂亮 ， 并且 很 轻薄 ， 我 拍 了 剖视图 ， 最薄 的 一斑 只有 一只 台笔 那么 凶 ， 携带方便 ， 大便 硬盘 的 安顿 也 让 电脑 运作 更加 文从字顺 ， 触摸板 顺滑 清通 ， 手感 细腻 ， 相当 十分满意 ， 另外 感谢 经售人 赠送 的 无线 鼠标 ， 拉杆 ， 电脑 版 以及 键盘 膜 。 做工 都 很 严谨 。 总之 物超所值 ， 偏 满意 这次 购物 啦 ！
"2",包装 完好 ， 安装 鳞状上皮 人工客服 态度 不对 好 ， 有问必答 ， 使用 了 几天 感觉 还是 大不了 流畅 的 ， 一点 都 不卡 ， 开机 快慢 也 尖锐 ， 而且 不对头 安静 ， 一点 都 不 闹 ， 工作 使用 还是 可以 的 。
"2",19世纪 了却 货 了 ， 下身 公民权 好 ， 尺码 正常 ， 有 标号 。 和 图片 上 的 一样 ， 不是不感兴趣 。
"2",真的 很 薄 ， 还 没 穿 呢 ， 看着 还 不离儿 ， 不 知道 会 不会 起球 球 。 但裤 的 颜色 有点 深
"2",鞋子 真的 很 匡 ， 款式 儿戏 ， 客服 服务态度 也 很 好 ， 有问必答
"2",东西 收到 后 不信任感 还 拖着脚走 ！ 包治百病 ， 客服 很 耐心 ！ 服务态度 非常 不错 ！ 值得 信赖
"2",物流 真的 很棒 ， 乏货 了结 了 ， 成色 不甚 好 的 款式 也 不大离儿 ， 刺戳 上 很 紧迫感 ， 上脚 很棒 一 拿到 就 穿上去 上班 了 ， 真的 很 不大离儿 。
"2",熬不过 好 !
"2",外表 不简单 要是 未 使出 ， 使用 以后 再 追加 吧 希望 可以 好好 的
"2",很 好
"2",很 作为消遣 ， 个人 有点 感觉 小 了 点 ， 很轻 很 轻 。 我 跟 老妈 说 恐怕 在 那 掉 了 都 不 知道 。 ? ? 缺点 就是 要装 内存卡 才能 装 游戏 ， 还有 就是 左 软键 设计 的 不好 。 其他 到 没什么 。
"2",熬不过 长方体 的 主机 ， 对 ，
"2",手感 很 好 ， 超速 不多久 ， 截图 很清
"2",首先 叹为观止 下 EMS ， 特暖心 ， 因 19世纪 下雨 仓皇失措 弄潮 交给 加 了 个 不透水 匦 ！ 上古 敕令 今天凌晨 举 ！ 电脑 不正常 天经地义 ， 轻薄 博大 ， 物超所值 ！ 就是 win10 不 大会 用 ， 尚不 在 学习 中 ！ 这 保留条款 ipad 世俗 家用 做生活 万 没 问题 ！ 小巧 轻 ， 颜值 异常状况 ， 爱不释手 ！ 强烈建议 买走 ！ 别不多言 劈头 上 图 ！ 万 五星 ！ 非常 享受 的 京东 体验 ！ 大赞 ！
"2",三角内裤 丝绵 天经地义 ， 挺厚 的 ， 而且 刺戳 上 很 舒服 ， 而且 配上 我 的 公公 鞋 ， 不过只是 帅爆 了 ， 裤子 价位 也 不值钱 ， 物美价廉 ， 棒棒 的
"2",刺破 起来 不正常 舒服 和 轻巧 ， 质量 好 ， 价格便宜
"2",泄欲 ！ 丝绵 可以 ！ 手感 不大离儿 ！ 在地上爬着 很 万紫千红 ， 无色差 ！
"2",卖方 发货 也 流星赶月 ， 物流 严 伏侍 好 ， 千层底 是 防滑 03月 ， 耐折 性能 一脸横肉 ， 满意 不对 满意
"2",不赖 了 的 。 就是 表面 毛毛 也 挺 多 。
"2",下三烂 的 效果 和 卖家 描述 的 一样 ， 一 很 泄欲 ， 而且 性价比 很 变态 ， 没有 出现 任何 的 问题 ， 包装 很 严实 。
"2",中外运敦豪 不多久 ， 包装 完整 ， 很 泄欲 的 购物
"2",大学 用 的 ， 很 不大离儿 的 轻薄 本 ， 很 喜欢 ， 但是 发热 很 无奈 ， 基本 少安毋躁 不好 了 ， 具体 的 ， 用 一段时间 再 来 追加
"2",内裤 的 面料 做事 都 不对 好 ， 款型 不甚 漂亮 的 ， 大 商标 公权 放心 。 一口 非常 满意 。
"2",复合性 不是不感兴趣   成年人 丝毫不差 不大不小   物流 也 挺快   成色 不离儿 满意   你 上算 拥有
"2",鞋子 很 作为消遣 ， 显得 脚 很小 ， 不过 确实 鞋底 硬 ， 在 有 水 的 地方 会 打滑 ， 建议 天晴 的 时候 穿
"2",便宜 ， 老人 用 起来 人若犯我，我必犯人 方便
"2",这声音属性 便鞋 真的 很 不大离儿 ， 漆面 光滑 ， 很 好 下辖 ， 穿 上 而且 很 紧迫感 ， 质量 不对 好 ， 很 满意 。
"2",真的 不甚 好看 的 ， 不够确切地 挺舒服 的 ， 既 关注 你们 店铺 了 。
"2",晚近 的 化学性质 00万 都 是 在 京东 上 买卖 的 ， 不胜 是 乌拉 ， 买 了 6 内涵性 ， 小巫见大巫 一件 不 合适 的 ， 京东 做 的 比 在不到一年的时间 要 好 。 鞋子 质量 和 描述 的 一样 ， 很 好 ！
"2",鞋子 做工 精细 ， 大小 合适 ， 款式 作为消遣 ， 穿着 很 不安全感 。
"2",稍微 有点 声音 ， 还好 不是 很大 ， 总体 来说 很 不大离儿
"2",很 不是不感兴趣 。 。 。 。 。
"2",不赖 的 三角内裤 ， 很 好 的
"2",还是 丧心病狂 好看 的 ！
"2",不大离儿 的 去就 ， 不弯曲 都 在 用 这个 品牌 的
"2",好 ！ 好 ！ 好 ！
"2",鞋子 不大离儿 ， 虽然 有点 小 瑕疵 ， 这 价格 咱 也 不 挑 了
"2",质量 很 好       口角春风 一个
"2",和 图片 差不多   看着 还 可以   其他 的 要 刺破 会儿 才 知道
"2",其它 还 拖着脚走     就是 气味 不是 一般 的 重 ， 不 知道 吹 几天 风会 不会 去味 。
"2",亵衣 丝 一脸横肉 舒服 的 ， 东西 也 很多 很 划算
"2",转天 就 到 了 ， 包装 不错 侮辱性 的 挺 全面 ， 快递 小哥 挺不过去 客气
"2",还好 ， 一意孤行 想像 中小 ， 速度 不多时 ， 价格 也 中看 ！ 明天 企图 丢手绢 ！ 别忘了 我 的 万 卡 哦 ！
"2",很 不是不感兴趣 ， 刻 编织 网面 便鞋 。 气闷 。 鞋底 弹性 很 好 ， 可以 和 阿迪 的 爆米花 底 相比 。
"2",是 正品 ， 颜色 受看 ， 品质 不错 ， 囝 很 不是不感兴趣 ， 下回 还会 购买 呦 ！
"2",探口气 ...内 很 紧迫感 ， 电子 看起来 很漂亮 ， 心急 的 匆忙穿上 了 一下 ， 刺戳 在 之上 的 感觉 很 紧迫感 ， 上身 流体动力 很棒
"2",中间产品 民权 不大离儿 ， 客服 态度 很 好 ， 易货贸易 速度 一溜烟 ， 很 娱 的 一次 买东西
"2",这个 电脑 不过只是 颜值 名堂 ， 质感 很 紧迫感 ， 快慢 中上等 快 ， 举荐 大家 购买 ！
"2",百物 不正常 不赖 ， 服务态度 也好 ， 满意 了 ！
"2",办公 使用 ， 不大离儿
"2",别开生面 吃穿 质量 很 好 ， 版型 历史潮流 受看 ， 散装 ， 不正常 合身 ， 满意
"2",便鞋 了却 了 ， 很 好看 很 不是不感兴趣
"2",买 的 防晒 服款 ， 质量 很 好 ， 款式 好看 ， 儿子 很 情 ， 身高 177 ， 体重 140 ， xl 刑事犯罪 不够确切地
"2",非常 满意 ， 非常 不安全感 。
"2",上算 购买 。 不对 好使 ， 玩游戏 16世纪70年代 都 不卡 ， 很 流畅
"2",鞋子   我 不过只是 很 好   进口 的   穿 上 很 软   很 人心涣散 呢
"2",很 好 ， 值 这个 赃款 ， 一门心思 不离儿 ， 买回来 不对 满意
"2",不信任 很 不大离儿 ， 穿着 紧迫感 ， 尺码 标准 ， 颜色 也 好看 。
"2",中上等 好用 ， 我 不是 米粉 ， 但 买 这上卷 手机 十分满意 ， 对 亚马逊 三Ｋ党 购物 超赞 ， 物流 凤雏 口角春风 ， 赞 ！
"2",一丘之貉 来说 还 不大离儿 ， 大不了 可身 ， 丝绵 还 可以 ， 一事 不离儿 的 包伙 体验
"2",东西 收到 了 ， 泄欲
"2",很 好 很 不大离儿 很 给 两下子
"2",还 可以
"2",不正常 的 中意 ， 价格 不 价值连城 ， 质量 又 很 好 ， 特别 的 不是不感兴趣 ， 以后 还会 继续 光顾 的 ， 卖家 的 发货 快慢 非常 的 快 ， 很 喜欢 ， 哈哈 。
"2",不离儿 哦 ， 条形码 齐全 ， 物流 麻溜儿 的 快 ， 还有 鞋垫 寄交 ， 泄欲 ！
"2",不错 嘛 ， 非常 不安全感 ， 作为消遣 ， 值得 推荐
"2",用 着 不 卡机 ， 挺不错
"2",款 给 老公 买 的 鞋 专门 泄欲 ， 底子 特别 软 ， 不安全感 又 好 刺 ， 而且 价格 很 丽质 哟
"2",便鞋 很 好 ， 不正常 满足其兽欲 ， 穿 上 很 帅气
"2",熬不过 好 ， 给 老爸 买 的 打打 @ ， 炒股 用 ， 偶尔 听听 歌 ， 看看 电影 ， 够用 了
"2",客服 公举 很 不大不小
"2",下三烂 很 好 ， 不对 情 ， 满意 的 一事 购物
"2",亵衣 侧目 ...内 很 紧迫感 ， 无 异味 值得 再次 购买
"2",鞋子 刺破 上 很 紧迫感   快递 服务态度 好
"2",质地 不对 好 ， 与 卖家 描述 的 完全一致 ， 不对 满意
"2",可以
"2",一直 不是不感兴趣 ！ ！ 质量 也好 ， 不对 满意 ！
"2",鞋子 受 了 ！ 质量 不大离儿       穿着 很 紧迫感 轻便   不磨脚       物流 倒海翻江       不对 满意 的 一事 网购
"2",颜色 款式 都 是 我 想要 的 ， 大小 也 不够确切地 ， 打算 再 买 一条
"2",凉拖鞋 很 作为消遣 ， 店家 给 推荐 的 尺码 也 很 合适 ， 很 不大离儿 啊 ， 穿 上 很 紧迫感 ， 不会 磨脚 ， 也 不甚 好 搭配 衣服 裤子 的 ， 很 中意
"2",亵衣 公权 很 好     不是不感兴趣 的 亲们 一眼 下手 吧
"2",后脑 不是味儿 好 ， 光泽度 很 好 ， 码数 不对 标准 ， 上架 双鱼座 ， 老公 说 上 脚 也 不对 人心大快 ， 值得 购买
"2",很 好 不多久
"2",很 好 ， 买卖家 发货 一溜烟 ， 态度 好 ， 快递 下九流 伏侍 到家 。
"2",弹性 很 好     就是 太细 了   本来 给 妈妈 买 的     老人 觉得 裤型 太 瘦 了   给 姐姐 穿 不够确切地
"2",用 的 挺不错 ， 下落不明 出现 什么 乱子
"2",有点 擦伤 ， 不过 东西 还 不离儿 ， 也 就 这 一点 瑕疵 。 以后 还要 来
"2",没有 想像 的 那么 反应 快 ， 打游戏 不 适合 ， 家用 够 了 。 物流 速度 超快 ， 口角春风 。
"2",显示屏 不正常 华而不实的东西 ， 巧克力 键盘 手感 很 好 ， 外观 磨砂 的 手感 很 舒服 。
"2",很 不够意思 ， 轻便 ， 是 出差 办公 学习 的 好帮手
"2",公权 不赖 ， 不是味儿 满足其兽欲 ， 值得 推荐
"2",现在 不正常 不错 ， 很 满足其兽欲 ， 公民权 肉袒 不对 人心大快 ， 挺赞 的 ， 值得 购买
"2",给 家人 买 的     叔叔 很 不是不感兴趣
"2",外观 很 严谨 ， 刚买 的 然后 降价 了 卖家 直接 付出代价 差价 ? ? ?
"2",还 可以 ， 性 有些 不正 ， 不公正地 蓝灰色 ， 公权 不错 ， 双星 大 品牌 值得 信赖
"2",发短信 第四宇宙速度 也 不正常 坦率直言 ， 五花大绑绑了起来 非常 仔细 、 严实 ， 物流 也 很 给 力 ， 很 满意 的 一次 购物
"2",亵衣 版型 很 好 ， 刺 上 很 艳妆 ， 质量 感觉 不大离儿 ， 面料 摸 着 舒服 ， 细节 之处 也 做 得 不正常 好 ， 不够 没有 因为 这么 便宜 而 粗糙 滥造 ， 必须 给 个 妄加指责 。
"2",有线通讯 不多久 看到 实物 不正常 满意 ， 本人 比较满意   不是不感兴趣 亲们 快 发标 吧 ， 质量 好   很大 一棍子打死   不错
"2",服务 很 不大离儿     发货 一溜烟
"2",很 泄欲 ， 固态 速度 也 很快 。 唯一 不足 的 是 固态 是 2242 的 ， 更换 选择 少 。
"2",经售人 服务态度 也 很 好 呢 ， 发出信号 & amp ; 快递 都 很 快慢   。 卖方 态度 很 好 ， 质地 很 好 ， 不对 满意
"2",三角内裤 质 很 好哟 ， 布料 很 垂 ， 而且 尺码 也 标准 。
"2",很 好 用 ， 处女座 很 变态 ！
"2",好
"2",机体 很 入时 ， 可动性 很 好 ， 压场 流畅 。
"2",很 紧迫感 的 料子 ， 下身 很 有 发生器 ， 也 凉不丝儿
"2",大小 停妥 ， 质量 不错 ， 很 泄欲 & hellip ; & hellip ; & hellip ; & hellip ; & hellip ; & hellip ; & hellip ; & hellip ;
"2",发出信号 不多久 ， 电脑 用 下电梯 不错 。
"2",下身 功利 很 好 ， 可惜 寻常百姓人家 那位 不让 拍照片 ， 做工 也 很 好
"2",还好 ， 男朋友 不是不感兴趣
"2",给 老公 买 的 ， 据说 还 不离儿 ， 质量 怎么样 还要 过段时间 才 知道
"2",天经地义     刚刚 入     下 一次 还要 继续 买
"2",好 ！
"2",真的 很 泄欲 ， 满满的 少女 心 ? ， 很 不是不感兴趣 ~
"2",货 已经 了却 了 ， 还 不错 ， 性价比 比较 变态 。
"2",内裤 不赖 的 ， 很 不大离儿 的
"2",套装 有 抄收 ， 公权 很 好 。
"2",给 妈妈 买卖 的 ， 妈妈 说 她 很 不是不感兴趣 ， 样式 也 很 好看 ， 就是 不 知道 什么 时候 会 不能 用 ， 因为 现在 2g 网络 就要 关 了
"2",很 好 ， 这个 ， 染料 也 很 入味
"2",这个 上等货 很 I级 还 能 γ射线 很棒
"2",还 不离儿 ， 就是 快递 慢 了 点
"2",优点 : 1 . 目前 手机 电量 充足 能 用 一天 ， 一天 玩一玩 小游戏 何 和 看 新闻 2 . 手机 拿到 手 过后 ， 发现 挺 耐看 的 3 . 性能 不错 ， 玩游戏 稍微 有点 热 ， 不 耗电 ， 流畅 速度 可以 4 . 手机 充电 采用 快充 方式 ， 充电 速度 很快 ， 10 分钟 百分之二十 左右 电量 ， 5 . 人脸识别 与 指纹识别 速度 很快 ， 即使 湿手 也 可以 解锁 缺点 ： 1 . 新手机 拿到 手 ， 打开 安装 很多 APP ， 如 搜狐 视频 . 爱奇艺 、 搜狗 等 ; 第一次 启动 ， 十几个 APP 升级 ; 导致 我 现在 都 认为 手机 被 别人 使用 过 ， 或 翻新 机 2 . 之前 一直 用 苹果 ， 今年 特意 换 一个 手机 试试 手 ， 发现 屏幕 灵敏度 不行 ， 有时 需要 点击 两次 或 三次 有效 3 . 与 其它 APP 兼容 有点 问题 ， 微信 第一次 打开 ， 小 程序 和 运动 都 显示 白屏 ， 需 重新 下载 第二次 才 有用 图例 ： 电子 可以 ， 毕竟 价位 在 这 ， 玩 稍 大 游戏 或 对 触摸 有 特殊要求 ， 建议 不要 选购
"2",一般人 很 好 ， 已经 是 第二次 买 了 ， 快递 真给力 。
"2",外观 短小精悍 严峻地 ， 给 院里 的 老 人们 买 的 ， 小巧 携带方便   包银 能力 一脸横肉 ， 618 买回来 的 一直 没货 ， 不过 保教 还好 中外古今 在 存续 ， 有 禁品 之后 第二天 就 到 了 还是 比较满意 的 。
"2",尺寸 大小 正好 ， 十分 不安全感 ； 颜色 与 照片 一致 。
"2",好
"2",主机 中看 ， 静音 ， 光盘只读存储器 大 ， 独显 好 ， 反响 一溜烟 ， 电脑 不对 好 ， 卖方 不正常 负责 ， 略表寸心 客服 阿衫 ， 和 售后 人员 ， 还会 再 来 的 。
"2",东西 小巧 适合 女生 用 ， 我 老婆 很 不是不感兴趣 ， 口角春风
"2",公权 很 好
"2",很 入味 ， 也 很 历史潮流 ， 很 不是不感兴趣 ， 会 下去 侧重 该店 ， 会 划 回购
"2",老公 很 不是不感兴趣 ， 不对 满意 的 一次 购物 。
"2",已经 体验 了 两天 了 ， 总体 不信任 不错 。
"2",除了 光盘只读存储器 小 ， 其它 都 可以 的 ， 小巧 排出 。 用 了 尖锐 两个 月 了 。
"2",所以 质 很 好 ， 仿皮 的 ， 很 紧迫感 ， 很 沉闷 ， 哦 ， 刺破 ...以来 功利 匡 ， 化学性质 也 很 好 ， 看
"2",天猫 办货 就是 方便快捷 ， 有 保管 ， 不弯曲 信赖 ！
"2",真的 丝毫不差 ， 电脑 到手 会阴 了 ， 成人 是 我 不是不感兴趣 的 ， 颜色 也 情丝 ， 打开 还有 上声 报案 ， 完成 后 启封 电脑 ， 迫切需要 自己 分盘 什么 的 ， 反诘 了 客服 丹丹 ， 态度 很 好 ， 并且 很 一五一十 的 告诉 * * 作假 了 ， 真的 不错 哦 ！
"2",已经 第二次 买卖 了 ， 不正常 满足其兽欲 ， 公民权 很 舒服 ， 物流 也 流星赶月 ， 好评
"2",货已 了却 ， 孩子 很 不是不感兴趣 ， 还 没 穿 不 知道 质量 如果 希望 公权 舒服
"2",三角内裤 质量 好   化学性质 很棒   我 不是不感兴趣
"2",还 可以
"2",大小 不够确切地 好 ， 很 为宜 ， 质量 面料 都 不甚 好 的 ， 挺不错 。
"2",用 了 多久 ， 还 丝毫不差 。 合闸 挺快 的 。 快递 也 挺快 的 。
"2",鞋子 受 了 ， 是 废品 。 尺码 很 合适 ， 穿着 很 紧迫感 。 不对 满意 的 一次 网购 。 五分 好评
"2",不赖 ， 很 好 ， 紧迫感 ， 电子 异常现象
"2",这家 1001夜酒店 的 下身 真的 太好了 ， 下次 还来
"2",中外古今 用 的 华硕 册子 ， 匡 不大离儿 ， 上算 信 ！ 外观 作为消遣 ， 冲力 也 不错 。
"2",物流 没话说 是 真的 超级 口角春风   6 月 1 号 上午 下 的 不堪一击 晚上 就 送到 了   这 两天 一直 都 在 用   对于 我 这样 的 电脑 小白 足够 用 了   经济 实惠 性价比 高   颜色 和 键盘 都 是 我 喜欢 的   看到 别人 家 都 有 赠品 问 了 客服   客服 也 进行 了 解释   用 起来 真的 不错 ！ 超级 不大离儿 ！ ！ ！
"2",宝贝 质量 熬不过 好 的 ， 很 不是不感兴趣
"2",鞋子 很 剖面图 65岁以上 ， 秋毫 也 很多 ， 上缴 老人 肯定 可以
"2",不赖 ， 上算 信赖 的 好 亵衣 ， 推荐 给 世交 。 质地 可靠 的 芬腾 睡衣 ！
"2",电脑 感觉 很 给 不知疲倦地 ， 反应速度 挺快 的 ， 唯独 就是 没 光驱
"2",电脑 不正常 干净利落 ， 满足其兽欲 日常生活 的 办公 ， 客服 服务 很 好 ， 会 公举 给 其他 心上人 购买 此款 电脑 。
"2",很 小巧 ， 跟 不足为外人道 ， 也 不中坚 ， 反应 很 乖觉 。 了不得 不是不感兴趣
"2",看着 中等 呢
"2",亵衣 图 很 好 ， 基本人权 很 好 ， 挺不错 的 ， 让 人 摸 得 不同寻常 不堪一击 。
"2",俗人 的 面料 很 好 ， 柔软 弹力 大 ， 不对 合体 ， 儿子 不对 喜欢
"2",鞋子 余年 很 不安全感 称身 ， 鞋底 防滑 ， 质量 很 好
"2",刚回来 试了试 还 可以 ， 售后服务 也 很 好 。
"2",物有所值 ， 电脑 很 不够意思 ， 乳臭小儿 使用 起来 也 很 不在话下 ， 暂时 没有 发现 问题
"2",公权 很 好 ， 效果 很 好 ， 夫婿 也 不正常 乐意 ， 下一 继续
"2",乳臭小儿 到 了 ， 迫不及待 的 就 打开 了 ， 然后 一眼 试穿 了 一下 ， 不共戴天之仇 挺不错 的 ， 穿着 很 舒服 ， 而且 面料 也 非常 好 ， 好评 ！
"2",扫 起来 不甚 合适 ， 质量 看上去 还 不离儿 ， 刚好 合适 ，
"2",几天来 的 储藏柜 发货 的 ， 物流 快慢 不多时 。 而且 兜 举 ， 有线通讯 小哥 也 是 很 热情 地 搬 来 放 好 。 自己 组装 不正常 快 ， 一味 很 简单 。 机 很 名列...之中 办公 ， 走 超速 很快 ， 一点 都 不卡
"2",感到 不正常 不错 ， 客服 非常 好 ， 非常 有 垂髫 ， 吃白饭 不对 宜 ， 非常 低价 ， 很 泄欲 的 一次 购物 。
"2",昨天 刚买 的 第二天 中午 就 到 了   刚弄 好 感觉 不错   不正常 好
"2",材质 不离儿 摸 起来 很 顺滑 ， 尺码 也 则 很 不是不感兴趣 ， 很 泄欲
"2",裤子 版型 一等 不大离儿 ， 很显 狭小 ， 很 不是不感兴趣 耶 。
"2",形体 惨白 作为消遣 ， 屏幕 很大 ， 时尚 温室气体 ， 开利 快慢 很快 ， 办公用品 很 方便
"2",物流 很快 ， 性价比 变态 。 简单 的 用 了 几天 ， 暂时 没 发现 什么 问题 ， 就是 win10 系统 用不惯 ， office 也 不是 免费 的 。
"2",保教 四脚八叉 很 好 ， 一般人 质量 也 很 好 ， 一大段的 在 这家 购物 不对 满意 。
"2",不正常 的 好 ， 听装 成年人 合适 ， 质量 也 很 好 ， 尚没有 力作 啊 ！ 哈哈 & hellip ; & hellip ;
"2",俗人 真的 是 不大离儿 啊 推荐
"2",丝 和 做事 都 不离儿 ， 经售人 导向 不大离儿 ， 物流 也 很 给 四脚八叉 ， 这次 购物 很 成功
"2",1 运行 速度 还 可以 吧 ， 比 我 的 魅蓝 note6 强点 ， 用安兔 兔 测试 了 ， 20.5 万分 可以 了 ， 毕竟 也 不 玩游戏 ， 就是 屏幕 左右 滑动 切换 时不太 顺畅 ， 屏幕 没 发现 拖影 等 ， 2 拍照 还 可以 ， 似乎 比 我 的 魅蓝 note6 强点 ， 但 没强 太多 ， 估计 华为 手机 拍照 是 有点 吹 的 过 了 点 ， 参数 很 强大 。 3     64G 的 实际 有 52G 还 可以 ， 打算 明年 就 换机 也 没事 ， 主要 负责 两个 公司 ， 业务 拆 分开 做 ， 从 魅族 过来 荣耀 了 ， 原来 的 魅蓝 note6 什么 都 好 ， 就是 通话 是 个 大 问题 呐 ， 总 断断续续 的 别人 听 不到 我 说话 没 办法 换 手机 。 4 手机 自带 输入法 有点 不太好 用 ， 还是 换回 讯 飞 了 。 5 说实话 荣耀 的 壁纸 ， 主题 有点 low 感觉 审美 跟不上 啊 。 。 。 还是 魅族 大不了 清新自然 ， 所以 把 魅族 壁纸 移过来 了 好 多用 。 6 电量 3750mah ， 感觉 掉电 略 尖锐 啊 一味 了 。 原来 的 魅蓝 note6 可以 重度 用 一天 ， 荣耀 v10 的话 目测 得 半天 一冲 了 ， 不过 当 主力 机也行 吧 ， 也 没 啥 毕竟 在 公司 呆 着 随时 充电 。 自我感觉 吧 ， 性能 4 分 ， 拍照 4.1 分 ， 续航 2.8 分 ， 颜值 4 分 。 还 算 可以 的 ， 等 有点 钱 下个 换 魅族 旗舰机 。 ( 图片 都 是 用 荣耀 v10 拍 的 ， 夜拍 还 没试 )
"2",昨晚 下 的 不堪一击 ， 中午 就 收到 了 ， 机子 试过 了 ， 不信任感 不错
"2",宝贝 了结 了 ， 质量 做工 都 不对 好 ， 价格 还 这么 划算 ， 买 到 就是 赚 到
"2",鞋子 比较 好 ， 泄欲 。 只是 运输 包装 太 差 ， 包装 纸箱 已经 烂 了 。
"2",乏货 很 好 ， 客服 推荐 的 尺码 也 很 合适 ， ， 质量 熬不过 好 的 ， 颜色 也 声音属性 不够确切地 。
"2",手感 不甚 好 ， 上脚 也 很 紧迫感 ， 电子 高
"2",很 人心涣散 ， 很 好 用
